time,PriceUSD,volume_reported_spot_usd_1d
2018-04-17,0.2426,16366352.340024
2018-04-18,0.262,8207961.09698
2018-04-19,0.27004,13734229.0586088
2018-04-20,0.30108,21402053.9656092
2018-04-21,0.28668,26580924.5654388
2018-04-22,0.2816,13712182.094336001
2018-04-23,0.28788,9886162.173498001
2018-04-24,0.30853,27930005.227008704
2018-04-25,0.2687,33503802.706862
2018-04-26,0.29326,19973828.703747604
2018-04-27,0.28445,19849297.003076997
2018-04-28,0.35676,60270276.7238148
2018-04-29,0.36254,59036094.0802546
2018-04-30,0.34145,31803546.024915498
2018-05-01,0.35504,42735710.970120005
2018-05-02,0.37199,24349604.7230171
2018-05-03,0.36716,32429924.567094002
2018-05-04,0.358,20072798.43446
2018-05-05,0.36502,17142321.2060056
2018-05-06,0.34654,22153216.8921664
2018-05-07,0.33046,21169577.8325434
2018-05-08,0.32213,14529677.5187813
2018-05-09,0.31884,19333038.519681603
2018-05-10,0.29121,11127285.890300402
2018-05-11,0.25573,36128224.210819095
2018-05-12,0.2655,38734225.68879
2018-05-13,0.27718,22400132.209973596
2018-05-14,0.26655,24328835.912892003
2018-05-15,0.25394,11549778.2889648
2018-05-16,0.25237,13225792.563412597
2018-05-17,0.23919,9607954.414632
2018-05-18,0.24324,10231133.347664401
2018-05-19,0.24116,7863540.163773601
2018-05-20,0.25556,12088166.122764401
2018-05-21,0.24563,10256079.282526
2018-05-22,0.22,10214309.353600001
2018-05-23,0.1978,21701516.74628
2018-05-24,0.2073,16154268.515859
2018-05-25,0.19788,14910654.883958401
2018-05-26,0.19504,14663356.328492798
2018-05-27,0.19186,13250951.111288
2018-05-28,0.17249,16826896.2953486
2018-05-29,0.20164,30695732.5689992
2018-05-30,0.20779,35333148.134559
2018-05-31,0.2233,37682488.186266005
2018-06-01,0.22038,26519506.372344
2018-06-02,0.22648,25492940.691035196
2018-06-03,0.22659,26854735.543053605
2018-06-04,0.21243,24970001.912289903
2018-06-05,0.21839,27530756.5924771
2018-06-06,0.21452,20507668.37264
2018-06-07,0.21019,18600950.2089773
2018-06-08,0.2043,17985929.954562
2018-06-09,0.2011,15604211.781341001
2018-06-10,0.17346,24669503.812245604
2018-06-11,0.17897,15939162.619202897
2018-06-12,0.16297,15096063.6415497
2018-06-13,0.15791,19545240.035318498
2018-06-14,0.17062,34342791.042228
2018-06-15,0.16097,18413646.484591
2018-06-16,0.16191,12772104.699879
2018-06-17,0.16044,13421694.388368001
2018-06-18,0.1637,17435762.056450002
2018-06-19,0.167,15460779.205400001
2018-06-20,0.16182,16345459.786788
2018-06-21,0.15779,12891663.101271002
2018-06-22,0.13843,18089434.6288054
2018-06-23,0.1371,12025020.06483
2018-06-24,0.13093,18840756.8882943
2018-06-25,0.13521,15236104.885248
2018-06-26,0.12519,8015406.602345999
2018-06-27,0.12752,12002619.806351999
2018-06-28,0.11825,11688591.600949999
2018-06-29,0.12534,15981100.015698
2018-06-30,0.13784,22796759.691432
2018-07-01,0.14211,21945353.206338
2018-07-02,0.15448,29093776.011008002
2018-07-03,0.14966,27696513.045291997
2018-07-04,0.15112,15559470.430464001
2018-07-05,0.14736,18409440.285552
2018-07-06,0.14501,13880366.843165
2018-07-07,0.14783,13333494.682192
2018-07-08,0.14481,13443020.846667
2018-07-09,0.13935,10531938.88956
2018-07-10,0.12814,14259823.379188001
2018-07-11,0.13144,13142717.185031999
2018-07-12,0.1275,10982763.08325
2018-07-13,0.13768,21026394.2566
2018-07-14,0.1365,15705360.816600002
2018-07-15,0.14227,15559839.636005001
2018-07-16,0.15655,23475217.920199998
2018-07-17,0.17136,36520819.072416
2018-07-18,0.18053,75156417.9408147
2018-07-19,0.18191,51340861.284718
2018-07-20,0.16129,40868404.956575
2018-07-21,0.16327,28567127.942541003
2018-07-22,0.16916,32026419.010872
2018-07-23,0.16423,31910335.919099
2018-07-24,0.17349,41743240.351068
2018-07-25,0.17275,30457494.00685
2018-07-26,0.164,24362144.0268
2018-07-27,0.1659,27556853.044979997
2018-07-28,0.1641,15356077.25139
2018-07-29,0.16268,14078180.609052
2018-07-30,0.15327,18060051.677031
2018-07-31,0.14175,19742957.6904
2018-08-01,0.13984,17562343.147871997
2018-08-02,0.13039,17184362.13975
2018-08-03,0.12947,17969451.820848
2018-08-04,0.12639,12860161.102173
2018-08-05,0.13024,12566149.146496
2018-08-06,0.12937,13392697.390076
2018-08-07,0.12365,14514380.413144998
2018-08-08,0.11292,18713531.682318002
2018-08-09,0.12213,21652522.460667003
2018-08-10,0.11485,18753150.471109997
2018-08-11,0.11022,14643445.777686
2018-08-12,0.11153,9468892.036915
2018-08-13,0.10104,11905067.1065928
2018-08-14,0.0935,16720535.723044999
2018-08-15,0.09361,17304471.146468002
2018-08-16,0.0946,11743146.90538
2018-08-17,0.11,25748938.578
2018-08-18,0.09831,21028308.201825
2018-08-19,0.10143,12554599.081563
2018-08-20,0.09174,12409460.412624
2018-08-21,0.09469,12530123.529422
2018-08-22,0.08955,16912342.980855
2018-08-23,0.09232,11816192.506911999
2018-08-24,0.09381,11469604.714572001
2018-08-25,0.09413,11560476.332221001
2018-08-26,0.09306,9909088.135056
2018-08-27,0.10051,16841380.006429
2018-08-28,0.10555,22810645.2432
2018-08-29,0.10535,23521678.556985
2018-08-30,0.10066,19425620.11089
2018-08-31,0.1017,15338443.77198
2018-09-01,0.10699,21171386.214238
2018-09-02,0.10499,16823617.684587
2018-09-03,0.10352,11613721.697951999
2018-09-04,0.10521,14733451.6371
2018-09-05,0.08637,20313286.660938002
2018-09-06,0.0884,16217757.592920002
2018-09-07,0.08287,11208089.958541
2018-09-08,0.07749,10223501.661009
2018-09-09,0.07601,12215044.53125
2018-09-10,0.07343,12717226.172580998
2018-09-11,0.0701,12756284.30019
2018-09-12,0.06627,18794678.349189
2018-09-13,0.06951,22090380.979065
2018-09-14,0.06749,15807619.468953999
2018-09-15,0.06895,10633457.078544999
2018-09-16,0.06988,9913760.249084001
2018-09-17,0.06347,12903296.875798998
2018-09-18,0.069,16342384.3155
2018-09-19,0.07218,26414887.352238
2018-09-20,0.08089,26761494.119314004
2018-09-21,0.08773,48395537.39498
2018-09-22,0.08338,18954583.425888
2018-09-23,0.08986,38142951.129146
2018-09-24,0.08241,26639014.715921998
2018-09-25,0.08108,26613850.57636
2018-09-26,0.07913,20175243.800403003
2018-09-27,0.08629,29931719.371594004
2018-09-28,0.0839,26532608.25468
2018-09-29,0.08446,17598887.741958
2018-09-30,0.08511,16119982.167999001
2018-10-01,0.08467,11526002.347221998
2018-10-02,0.08224,10941480.432768
2018-10-03,0.08088,11817337.807752
2018-10-04,0.08164,10082565.488008
2018-10-05,0.08339,9810559.388731001
2018-10-06,0.08151,9026807.172669
2018-10-07,0.08464,10887004.108928
2018-10-08,0.08698,15867358.386868
2018-10-09,0.08659,11678612.02634
2018-10-10,0.08542,11248785.765291998
2018-10-11,0.07079,18702097.631835002
2018-10-12,0.0732,11940726.627239998
2018-10-13,0.07374,8151567.114498001
2018-10-14,0.0717,9062963.07879
2018-10-15,0.07671,23156616.600078
2018-10-16,0.07777,9005311.309918001
2018-10-17,0.07994,10494847.19682
2018-10-18,0.07668,9789580.407348
2018-10-19,0.07683,6100896.764079
2018-10-20,0.07768,7578029.75368
2018-10-21,0.07721,7536273.577126
2018-10-22,0.07731,5048132.809572
2018-10-23,0.07597,4212405.375779999
2018-10-24,0.07539,3098420.295159
2018-10-25,0.07478,2400733.882026
2018-10-26,0.07471,2241060.942942
2018-10-27,0.07352,1891670.386664
2018-10-28,0.07364,1871038.8974199998
2018-10-29,0.07019,4172301.0184690002
2018-10-30,0.07007,2020614.7561599999
2018-10-31,0.07061,3182802.3227320006
2018-11-01,0.07127,2171778.153864
2018-11-02,0.07311,2854723.771992
2018-11-03,0.07177,2337228.01633
2018-11-04,0.0773,8786732.092679998
2018-11-05,0.07685,4937427.2915
2018-11-06,0.08168,8572755.593592001
2018-11-07,0.079,7919767.301
2018-11-08,0.07684,7230170.150772001
2018-11-09,0.07463,4569923.652613
2018-11-10,0.07548,2306189.245368
2018-11-11,0.077,3925537.5775
2018-11-12,0.07687,3795969.0805179994
2018-11-13,0.07465,3504562.159675
2018-11-14,0.06657,10534785.326394
2018-11-15,0.06435,12347093.63745
2018-11-16,0.06145,5607520.938399999
2018-11-17,0.06123,3398514.500004
2018-11-18,0.06234,3606156.3769619996
2018-11-19,0.0527,11210650.13957
2018-11-20,0.04587,16915143.324288
2018-11-21,0.04839,10429662.750285
2018-11-22,0.04407,4659115.779395999
2018-11-23,0.0438,5980476.9090599995
2018-11-24,0.039,6940237.785
2018-11-25,0.03832,9977973.348656
2018-11-26,0.03652,9758589.41618
2018-11-27,0.03693,5765586.423873
2018-11-28,0.04222,13819094.726054
2018-11-29,0.04194,10211029.27767
2018-11-30,0.03907,7282319.323625
2018-12-01,0.04138,5195574.154217999
2018-12-02,0.04187,6026044.889328
2018-12-03,0.03848,5590895.16908
2018-12-04,0.03752,6094440.83584
2018-12-05,0.03442,8488769.249808
2018-12-06,0.03072,6420136.384512
2018-12-07,0.02975,7920249.18496
2018-12-08,0.0302,5248287.88038
2018-12-09,0.0311,4503364.669749999
2018-12-10,0.02977,3637532.297477
2018-12-11,0.02931,2790656.720772
2018-12-12,0.03029,2696415.13362
2018-12-13,0.02912,2739591.408736
2018-12-14,0.02832,2295181.234032
2018-12-15,0.02807,1666921.7388670002
2018-12-16,0.029,2341635.3137
2018-12-17,0.03241,6561468.464376
2018-12-18,0.0343,6996117.286199999
2018-12-19,0.03368,10616764.228248002
2018-12-20,0.03871,12577871.996662
2018-12-21,0.04031,18274175.903488
2018-12-22,0.04156,8512752.895224
2018-12-23,0.04369,10491283.182093
2018-12-24,0.04499,15116001.249976
2018-12-25,0.04107,11044873.777293
2018-12-26,0.0406,7559563.840219999
2018-12-27,0.03611,6009628.527941001
2018-12-28,0.04111,7179338.231365
2018-12-29,0.04049,9284066.002418999
2018-12-30,0.04263,8536446.929115001
2018-12-31,0.04054,6012504.179506
2019-01-01,0.04198,4613196.456408001
2019-01-02,0.04433,7167437.631926
2019-01-03,0.04205,6451206.316524999
2019-01-04,0.04301,4371475.484937
2019-01-05,0.04403,7334808.077254
2019-01-06,0.04822,13634002.905157998
2019-01-07,0.04755,12680277.251370002
2019-01-08,0.0478,9738487.13112
2019-01-09,0.05144,13603216.555112
2019-01-10,0.04366,20419970.017424
2019-01-11,0.0433,10389586.553259999
2019-01-12,0.04288,4739579.9614079995
2019-01-13,0.03944,5923499.034832001
2019-01-14,0.04343,8242666.299420001
2019-01-15,0.04201,6458651.953225
2019-01-16,0.04419,8213434.523522999
2019-01-17,0.04471,10299560.374234
2019-01-18,0.04372,4054480.028632
2019-01-19,0.04515,4449328.137555
2019-01-20,0.04287,6250371.929213999
2019-01-21,0.04251,3638359.644738
2019-01-22,0.04334,5285479.520947999
2019-01-23,0.04266,3631090.981104
2019-01-24,0.04284,2461234.949208
2019-01-25,0.0424,1784272.9712800002
2019-01-26,0.04241,2415948.2132320004
2019-01-27,0.04087,3808780.1356369993
2019-01-28,0.03855,7074355.337505
2019-01-29,0.03796,4876111.873672
2019-01-30,0.03953,4489775.727474
2019-01-31,0.03824,3770822.2323200004
2019-02-01,0.03857,3033736.938211
2019-02-02,0.03929,2073100.109921
2019-02-03,0.03824,2368190.768176
2019-02-04,0.03799,1835294.4306500002
2019-02-05,0.03805,2088559.5535
2019-02-06,0.03667,3754501.928331
2019-02-07,0.03646,1941610.9500920002
2019-02-08,0.04072,7075755.425048
2019-02-09,0.04117,4866033.999099
2019-02-10,0.0429,4911996.6624300005
2019-02-11,0.04169,3602730.2789389994
2019-02-12,0.04173,3515453.3376300004
2019-02-13,0.04107,2345779.550544
2019-02-14,0.04037,2186168.268856
2019-02-15,0.04059,2088479.2102019999
2019-02-16,0.04101,1621795.0876229997
2019-02-17,0.04157,2723914.5354870004
2019-02-18,0.04564,10868945.207372
2019-02-19,0.04593,12076526.767545
2019-02-20,0.04748,7809390.218624
2019-02-21,0.04506,6520228.488402
2019-02-22,0.0458,4729893.7133
2019-02-23,0.04846,7884152.28189
2019-02-24,0.04156,13638493.321463998
2019-02-25,0.04351,6814664.850368001
2019-02-26,0.04296,4420541.534039999
2019-02-27,0.04296,4223296.351872
2019-02-28,0.04287,3368244.2545109997
2019-03-01,0.043,2208697.494
2019-03-02,0.04242,2349863.179272
2019-03-03,0.04206,1767022.9871279998
2019-03-04,0.04022,3840060.4701519995
2019-03-05,0.04292,5181172.575584
2019-03-06,0.04251,3222073.961457
2019-03-07,0.04275,3832597.8416250004
2019-03-08,0.04243,4192499.253924
2019-03-09,0.04681,11093581.837436998
2019-03-10,0.04557,6808791.222492
2019-03-11,0.04732,11320996.93088
2019-03-12,0.04718,7435988.251132
2019-03-13,0.04626,5912402.52096
2019-03-14,0.04765,5961690.724649999
2019-03-15,0.04988,10282005.978815999
2019-03-16,0.05124,10546474.158024
2019-03-17,0.04983,5891996.687412
2019-03-18,0.04997,5139967.093245
2019-03-19,0.05205,8115235.45443
2019-03-20,0.05355,9939456.75492
2019-03-21,0.05235,15013849.21923
2019-03-22,0.05779,24371175.892044
2019-03-23,0.06349,33920958.42191
2019-03-24,0.06151,25567360.731805
2019-03-25,0.05857,18356861.955882
2019-03-26,0.0617,16589869.14816
2019-03-27,0.06697,25002247.166707
2019-03-28,0.06551,12781411.210518
2019-03-29,0.07112,23520488.237568
2019-03-30,0.0721,16023912.89352
2019-03-31,0.06989,8671155.99158
2019-04-01,0.0721,11736167.459169999
2019-04-02,0.08544,42093346.070112005
2019-04-03,0.09062,71529525.98283401
2019-04-04,0.08716,42735006.548760004
2019-04-05,0.09044,20117626.53404
2019-04-06,0.08988,16150328.525604002
2019-04-07,0.0898,13034232.461040001
2019-04-08,0.08604,22576720.452588
2019-04-09,0.08288,17893179.293024
2019-04-10,0.08947,20392307.277971998
2019-04-11,0.08297,26650699.902415
2019-04-12,0.0825,14314704.888
2019-04-13,0.08284,7283711.2165560005
2019-04-14,0.08416,8962229.101568
2019-04-15,0.0816,8322991.422240001
2019-04-16,0.08271,6538873.1193
2019-04-17,0.08244,6423018.107832
2019-04-18,0.08118,8864103.558816
2019-04-19,0.07884,12614722.061399998
2019-04-20,0.07597,10012333.058156999
2019-04-21,0.0733,12457522.486740002
2019-04-22,0.078,13907474.568
2019-04-23,0.07351,15483564.781529002
2019-04-24,0.07205,15769973.528265001
2019-04-25,0.06956,13618325.05336
2019-04-26,0.06989,11406885.848309
2019-04-27,0.0705,5363302.960649999
2019-04-28,0.06878,3774864.7971339994
2019-04-29,0.0651,5901837.147570001
2019-04-30,0.0701,5493848.91465
2019-05-01,0.0688,4736648.77696
2019-05-02,0.06856,3868289.865552
2019-05-03,0.06995,10873258.4153
2019-05-04,0.06687,8078747.074550999
2019-05-05,0.06603,3559357.5497250003
2019-05-06,0.06696,6536524.133448
2019-05-07,0.06412,5948062.189383999
2019-05-08,0.0647,4439503.56325
2019-05-09,0.06169,5708839.521414
2019-05-10,0.06314,9966164.387872001
2019-05-11,0.0739,25253104.024179995
2019-05-12,0.07022,19963576.47548
2019-05-13,0.0727,15635755.37395
2019-05-14,0.08448,30278064.951551996
2019-05-15,0.0939,21731062.20375
2019-05-16,0.08802,40736303.483922005
2019-05-17,0.08275,29630917.850025002
2019-05-18,0.07872,12718847.109888
2019-05-19,0.08613,21484540.438812
2019-05-20,0.08439,18257685.974847004
2019-05-21,0.08403,10972379.411093999
2019-05-22,0.07749,10315450.117161
2019-05-23,0.08034,11741472.700152
2019-05-24,0.08062,10806495.563044
2019-05-25,0.08006,6748358.860038
2019-05-26,0.08514,10563005.905848
2019-05-27,0.09034,19803797.177626003
2019-05-28,0.09289,17590095.008696
2019-05-29,0.09082,16966039.035214
2019-05-30,0.08392,28591721.004063997
2019-05-31,0.08914,14561094.822484
2019-06-01,0.09047,14411366.430716
2019-06-02,0.0963,28084014.039509997
2019-06-03,0.08745,26800662.883004997
2019-06-04,0.08247,21883452.790821
2019-06-05,0.08252,8624220.826731998
2019-06-06,0.08308,11276567.594875999
2019-06-07,0.085,9019464.7755
2019-06-08,0.08356,5326244.661684
2019-06-09,0.07887,6617569.470170999
2019-06-10,0.08508,9639046.296707999
2019-06-11,0.08742,14544739.635491999
2019-06-12,0.09603,29374290.399663005
2019-06-13,0.08966,21289670.21203
2019-06-14,0.09008,16984086.253952
2019-06-15,0.09127,10482368.864302
2019-06-16,0.09189,16153615.0944
2019-06-17,0.09334,7935051.712926001
2019-06-18,0.08907,8921365.316484
2019-06-19,0.08957,5497153.5451299995
2019-06-20,0.08731,10439428.506584
2019-06-21,0.08899,12652237.941783
2019-06-22,0.09482,28951856.820458
2019-06-23,0.097,36787953.1142
2019-06-24,0.09789,17031601.555527
2019-06-25,0.09654,13374870.533412002
2019-06-26,0.09814,46622957.602186
2019-06-27,0.0864,27018553.95936
2019-06-28,0.08873,16731187.696394002
2019-06-29,0.08975,12883903.128449999
2019-06-30,0.08226,12968239.627548002
2019-07-01,0.0836,10915405.78128
2019-07-02,0.08054,14581862.48017
2019-07-03,0.08231,10450211.995768
2019-07-04,0.07737,7754247.204344999
2019-07-05,0.07631,4802681.628888
2019-07-06,0.07745,6263830.500885
2019-07-07,0.0797,4145664.3687699996
2019-07-08,0.0801,6784610.647590001
2019-07-09,0.07783,6070536.357805
2019-07-10,0.07178,9280016.028592
2019-07-11,0.06515,9372382.76042
2019-07-12,0.06937,7103530.378133001
2019-07-13,0.06672,5520717.189984
2019-07-14,0.05923,6749417.556242
2019-07-15,0.05902,9090941.337348001
2019-07-16,0.05181,8000411.70852
2019-07-17,0.05505,7922630.238945001
2019-07-18,0.05843,7453540.067045
2019-07-19,0.0596,5061074.57852
2019-07-20,0.06262,7373674.681414
2019-07-21,0.06107,4166719.838625
2019-07-22,0.05949,3934950.784866
2019-07-23,0.05568,4498085.737344
2019-07-24,0.05876,5746543.658128
2019-07-25,0.05852,4585591.438428001
2019-07-26,0.06261,6631149.643812
2019-07-27,0.05988,5493442.6309320005
2019-07-28,0.05936,3311123.588304
2019-07-29,0.06035,4299159.292785
2019-07-30,0.05975,3022159.750125
2019-07-31,0.06011,5110768.41567
2019-08-01,0.05861,3973600.3684050003
2019-08-02,0.05731,4284048.037555
2019-08-03,0.05774,1975496.7919140002
2019-08-04,0.05605,3870731.520115
2019-08-05,0.05642,5392937.853758
2019-08-06,0.0535,5024462.6543
2019-08-07,0.05197,4750098.864011
2019-08-08,0.05213,4961571.390386
2019-08-09,0.04769,4658993.667760001
2019-08-10,0.05195,8308331.649455001
2019-08-11,0.05472,6908170.810752
2019-08-12,0.05304,3327277.014984
2019-08-13,0.05268,5035254.723792
2019-08-14,0.04716,5902744.530312
2019-08-15,0.04733,2663277.184793
2019-08-16,0.04668,3827303.502276
2019-08-17,0.04739,2912191.4756480004
2019-08-18,0.05061,3914389.8304140004
2019-08-19,0.05002,2406806.457648
2019-08-20,0.04917,2891526.742005
2019-08-21,0.04736,2899928.538112
2019-08-22,0.04918,5418470.65531
2019-08-23,0.04964,4111615.685128
2019-08-24,0.05016,4760006.242992001
2019-08-25,0.04949,6716524.749242
2019-08-26,0.04964,4557833.641148
2019-08-27,0.04988,2050199.4737039998
2019-08-28,0.04587,4454016.99864
2019-08-29,0.0445,3980597.34365
2019-08-30,0.04474,2089345.9067780003
2019-08-31,0.04473,1716309.172872
2019-09-01,0.04425,1479808.57965
2019-09-02,0.04531,3355384.406535
2019-09-03,0.04667,5637659.619878001
2019-09-04,0.04543,2646068.564601
2019-09-05,0.0444,2568415.80432
2019-09-06,0.04423,4365531.447932
2019-09-07,0.04597,3840714.974046
2019-09-08,0.04657,3987128.742057
2019-09-09,0.0468,4047767.5446
2019-09-10,0.04646,4771054.421388
2019-09-11,0.04487,3839225.5716290004
2019-09-12,0.04541,3310263.8999909996
2019-09-13,0.0457,1713381.2192799998
2019-09-14,0.04642,3839870.6998960003
2019-09-15,0.04664,2042642.7582
2019-09-16,0.04702,3373982.0441480004
2019-09-17,0.04887,8941021.635608999
2019-09-18,0.05308,20012496.135068003
2019-09-19,0.05231,16165234.640038999
2019-09-20,0.05253,9854166.124722
2019-09-21,0.05179,7504485.077833
2019-09-22,0.04892,12201415.349336
2019-09-23,0.04633,9676211.263775
2019-09-24,0.03724,16293166.942332001
2019-09-25,0.03912,10339445.821176002
2019-09-26,0.03818,9823824.500556
2019-09-27,0.03911,5862847.94731
2019-09-28,0.0386,5186323.263180001
2019-09-29,0.03715,4736816.46367
2019-09-30,0.03888,7157923.749647999
2019-10-01,0.03824,4200564.342736
2019-10-02,0.03923,3667338.831447
2019-10-03,0.03818,5232335.857647999
2019-10-04,0.0393,6703637.98686
2019-10-05,0.03967,4819138.198735
2019-10-06,0.03881,4267658.293882
2019-10-07,0.04136,10561909.213328
2019-10-08,0.0412,6694356.4148
2019-10-09,0.04238,7923895.431504001
2019-10-10,0.04161,6368970.337584
2019-10-11,0.04006,8077297.924186
2019-10-12,0.0404,3371971.56508
2019-10-13,0.04127,3524926.1751340004
2019-10-14,0.04173,5242485.392274001
2019-10-15,0.03957,5260244.166447
2019-10-16,0.03839,4736047.136964
2019-10-17,0.03932,3887770.626692
2019-10-18,0.03795,3930892.93113
2019-10-19,0.03897,4217696.417241
2019-10-20,0.03946,3179042.5129040005
2019-10-21,0.03904,3393341.3401599997
2019-10-22,0.03859,3822363.985355
2019-10-23,0.03635,5848290.53378
2019-10-24,0.0373,4819372.6473
2019-10-25,0.04115,10683875.568514999
2019-10-26,0.0405,15583184.46135
2019-10-27,0.04216,15046227.707224
2019-10-28,0.04217,10540166.409191001
2019-10-29,0.04341,6393981.172946999
2019-10-30,0.04171,7336311.053451999
2019-10-31,0.04126,6065495.340358
2019-11-01,0.04211,4650241.421733
2019-11-02,0.04237,3207374.1930449996
2019-11-03,0.04168,2590866.316168
2019-11-04,0.0432,4519749.77136
2019-11-05,0.04411,7964628.747075001
2019-11-06,0.04475,6532287.060199999
2019-11-07,0.04342,5960244.6990060005
2019-11-08,0.04216,5947795.236136001
2019-11-09,0.04241,2479983.602357
2019-11-10,0.04384,4949597.761791999
2019-11-11,0.04315,4345984.7205
2019-11-12,0.0437,6550602.032000001
2019-11-13,0.04326,3310988.4959340002
2019-11-14,0.04279,3349556.861002
2019-11-15,0.04388,6018338.854456
2019-11-16,0.04386,4656101.56869
2019-11-17,0.04501,6313422.643605
2019-11-18,0.04315,10090177.423925
2019-11-19,0.04212,7758220.945176
2019-11-20,0.0409,5084288.61968
2019-11-21,0.03837,6413909.3780580005
2019-11-22,0.03699,12134624.326578
2019-11-23,0.03798,4817277.6801660005
2019-11-24,0.03498,7491637.783475999
2019-11-25,0.03576,10596418.88076
2019-11-26,0.03669,5004933.1065960005
2019-11-27,0.03898,8324571.715704001
2019-11-28,0.03901,5915117.788872
2019-11-29,0.04127,13213850.01913
2019-11-30,0.04032,6383157.633216001
2019-12-01,0.03956,5573931.221468
2019-12-02,0.03793,4317882.724971
2019-12-03,0.03775,3104514.5943
2019-12-04,0.03712,6623830.930943999
2019-12-05,0.03761,3363061.3585949996
2019-12-06,0.03825,2543042.563425
2019-12-07,0.03842,2541632.788054
2019-12-08,0.03872,2077832.6183999998
2019-12-09,0.03723,3388235.293446
2019-12-10,0.03634,3234814.2395099998
2019-12-11,0.03664,2134664.7603039998
2019-12-12,0.0365,3105350.4966999996
2019-12-13,0.03723,2727646.445181
2019-12-14,0.03622,3602579.890002
2019-12-15,0.03649,2137478.455629
2019-12-16,0.03412,3960969.147448
2019-12-17,0.03168,5758367.2629120005
2019-12-18,0.03437,6633033.33917
2019-12-19,0.03303,4014363.648456
2019-12-20,0.03391,2955115.6209050003
2019-12-21,0.03303,1616906.78919
2019-12-22,0.03436,2312574.143388
2019-12-23,0.03312,3363385.1964479997
2019-12-24,0.03388,3961750.6479320005
2019-12-25,0.03334,1538168.9289380002
2019-12-26,0.03416,2678696.1759040006
2019-12-27,0.0329,5495065.09937
2019-12-28,0.03365,2459766.1772149997
2019-12-29,0.03412,1878750.331112
2019-12-30,0.03344,1749471.40104
2019-12-31,0.03285,1491674.4941399998
2020-01-01,0.03348,998621.63658
2020-01-02,0.03269,1399996.8499089999
2020-01-03,0.03417,3505194.365739
2020-01-04,0.03434,1906857.1513760001
2020-01-05,0.0346,2484808.7606599997
2020-01-06,0.03732,4914626.034659999
2020-01-07,0.037,7784084.882499999
2020-01-08,0.03631,8293514.711932
2020-01-09,0.03616,3123233.624608
2020-01-10,0.03693,5918612.267762999
2020-01-11,0.03678,3041074.388094
2020-01-12,0.03792,2821739.1208800003
2020-01-13,0.03682,1775213.157382
2020-01-14,0.04161,18158860.916784
2020-01-15,0.04275,13569502.052925
2020-01-16,0.04168,6976678.856384001
2020-01-17,0.0449,15838305.70006
2020-01-18,0.04489,10552771.514217
2020-01-19,0.042,10738294.173600001
2020-01-20,0.04378,7362122.636462
2020-01-21,0.04602,12722124.042186
2020-01-22,0.04575,5962593.423675
2020-01-23,0.04318,8504858.56175
2020-01-24,0.04495,9367632.39372
2020-01-25,0.04314,5241917.836932
2020-01-26,0.04477,6543852.290085
2020-01-27,0.04796,14437688.339316001
2020-01-28,0.0529,38134257.0296
2020-01-29,0.05329,29271351.458228
2020-01-30,0.05614,24747825.215652
2020-01-31,0.0539,23380068.6273
2020-02-01,0.0561,17783202.26397
2020-02-02,0.0557,29747281.884979997
2020-02-03,0.05696,16707761.862463998
2020-02-04,0.05601,16291437.185006998
2020-02-05,0.05933,20207929.807528
2020-02-06,0.06008,20993635.754016
2020-02-07,0.05987,17436055.82871
2020-02-08,0.06002,14657605.212323999
2020-02-09,0.06188,12436749.582347998
2020-02-10,0.06029,15762591.675334001
2020-02-11,0.06335,17239087.21437
2020-02-12,0.06817,31204772.835015997
2020-02-13,0.06867,35548494.255162
2020-02-14,0.07074,21173825.204045996
2020-02-15,0.06426,25522983.609102
2020-02-16,0.06146,29247928.152436003
2020-02-17,0.06019,26756844.428639002
2020-02-18,0.06274,24947242.437338002
2020-02-19,0.05737,13943042.678117
2020-02-20,0.05815,17888037.284684997
2020-02-21,0.05853,12156452.762265
2020-02-22,0.05825,8025310.539875001
2020-02-23,0.06145,11192767.9724
2020-02-24,0.05906,14149847.948878001
2020-02-25,0.05603,14121521.716757001
2020-02-26,0.04915,30902602.23974
2020-02-27,0.04986,19752106.306013998
2020-02-28,0.04885,16688253.390010001
2020-02-29,0.0471,10348615.7814
2020-03-01,0.04561,13197024.154676
2020-03-02,0.04923,12062698.552467002
2020-03-03,0.04866,10245969.20628
2020-03-04,0.04898,10404941.239366
2020-03-05,0.05096,12199837.70824
2020-03-06,0.05174,8623908.818382
2020-03-07,0.04879,7759977.554266
2020-03-08,0.04291,14506247.791938
2020-03-09,0.04156,18827693.594372
2020-03-10,0.04146,15019603.124513999
2020-03-11,0.03969,14701201.373817002
2020-03-12,0.02329,27531801.467596006
2020-03-13,0.02843,37332291.230625
2020-03-14,0.02582,9859150.070688
2020-03-15,0.02693,9826386.020399
2020-03-16,0.02423,16862393.340008
2020-03-17,0.02575,10035730.9739
2020-03-18,0.02607,7895356.204857
2020-03-19,0.0303,15446353.43139
2020-03-20,0.02946,20194108.957662
2020-03-21,0.02948,11015920.436444
2020-03-22,0.02703,8675870.508357
2020-03-23,0.02925,10318769.343675
2020-03-24,0.03023,8577703.826593
2020-03-25,0.02945,7399292.877464999
2020-03-26,0.03086,6525500.849444
2020-03-27,0.02882,7367111.589288
2020-03-28,0.02975,8601948.70675
2020-03-29,0.02806,5307422.031306
2020-03-30,0.02965,6667205.784475
2020-03-31,0.03045,5083869.72975
2020-04-01,0.03097,7601402.092232
2020-04-02,0.03188,9498898.12298
2020-04-03,0.03231,6876331.039421999
2020-04-04,0.03244,6008854.283791999
2020-04-05,0.0319,3309027.7777699996
2020-04-06,0.03592,12601022.167456001
2020-04-07,0.03525,11918405.329874998
2020-04-08,0.03639,8017299.847712999
2020-04-09,0.03607,5711691.887136
2020-04-10,0.03321,9882916.811541002
2020-04-11,0.03343,5651813.347735
2020-04-12,0.03347,5361395.481085
2020-04-13,0.03311,7809316.441696
2020-04-14,0.03312,4413877.90776
2020-04-15,0.03185,4218697.02436
2020-04-16,0.03446,11119111.880853998
2020-04-17,0.03432,4377654.639072
2020-04-18,0.03654,6249761.563122001
2020-04-19,0.03549,7368158.990282999
2020-04-20,0.03391,9366438.984960001
2020-04-21,0.03454,5796982.329182001
2020-04-22,0.03664,4798039.561696
2020-04-23,0.04088,21734153.395976
2020-04-24,0.04165,20981202.70225
2020-04-25,0.04222,8679628.08898
2020-04-26,0.04593,18801990.427299
2020-04-27,0.04648,22188679.649416
2020-04-28,0.04679,15124893.136240998
2020-04-29,0.05146,26481497.1392
2020-04-30,0.04752,36877008.331152
2020-05-01,0.05091,17718761.022615
2020-05-02,0.0509,12314060.499160001
2020-05-03,0.04898,14826989.829872
2020-05-04,0.04942,23981635.80855
2020-05-05,0.04945,13715208.295565
2020-05-06,0.04889,12873538.859557
2020-05-07,0.05123,15435439.561994
2020-05-08,0.05201,17630504.181283
2020-05-09,0.05145,11819256.201270001
2020-05-10,0.04755,30090818.189145
2020-05-11,0.04779,25577827.78851
2020-05-12,0.05043,18734010.18447
2020-05-13,0.05147,14291153.941248
2020-05-14,0.05098,14064723.353694
2020-05-15,0.05026,12770738.485736
2020-05-16,0.051,8256992.4476999985
2020-05-17,0.05129,6815117.389744
2020-05-18,0.05434,19557469.666592002
2020-05-19,0.05677,16702350.777665
2020-05-20,0.05689,18613838.690392002
2020-05-21,0.05207,21385288.901676
2020-05-22,0.05576,19971278.035776
2020-05-23,0.0549,11249779.324679999
2020-05-24,0.05125,12657651.06675
2020-05-25,0.0539,15222220.421870003
2020-05-26,0.05355,11681287.693740001
2020-05-27,0.05513,14919729.970143002
2020-05-28,0.06502,46471013.118498
2020-05-29,0.06469,38291889.222398
2020-05-30,0.07691,79899874.33494101
2020-05-31,0.0739,119084556.86076999
2020-06-01,0.08093,85760162.881298
2020-06-02,0.07872,63597177.18201599
2020-06-03,0.08558,63900498.096182
2020-06-04,0.08882,77859239.968548
2020-06-05,0.08517,40965481.309764
2020-06-06,0.08614,23631884.881244
2020-06-07,0.08657,40757389.453319
2020-06-08,0.08648,18747123.105712
2020-06-09,0.08291,18951666.031768
2020-06-10,0.0836,37396928.422919996
2020-06-11,0.07527,39439702.122600004
2020-06-12,0.07948,25747603.623
2020-06-13,0.07906,12747634.455342
2020-06-14,0.07642,10343898.993732
2020-06-15,0.07824,48379252.242240004
2020-06-16,0.07925,23148073.77575
2020-06-17,0.08349,39280168.261686
2020-06-18,0.08176,25904687.822608
2020-06-19,0.07987,21819296.772384997
2020-06-20,0.07953,12141155.797584001
2020-06-21,0.07841,11786478.430738
2020-06-22,0.08355,19767409.224495
2020-06-23,0.08276,14328745.241544
2020-06-24,0.08254,35620438.10592
2020-06-25,0.08167,20935809.663133003
2020-06-26,0.08062,15272918.354218
2020-06-27,0.07738,18569688.714434
2020-06-28,0.08028,18494394.887952
2020-06-29,0.08392,27022315.670663998
2020-06-30,0.08299,16311479.605988998
2020-07-01,0.09681,60788977.689908996
2020-07-02,0.09291,69305497.309128
2020-07-03,0.09655,66696723.538224995
2020-07-04,0.10005,49105079.179455005
2020-07-05,0.09813,39047247.03494699
2020-07-06,0.10512,49761200.2356
2020-07-07,0.11764,91273315.62539999
2020-07-08,0.12993,206296307.23008296
2020-07-09,0.12403,110861193.16176601
2020-07-10,0.11846,95722522.024526
2020-07-11,0.12523,57661838.884671
2020-07-12,0.12685,52847177.13441499
2020-07-13,0.12427,85534190.26000701
2020-07-14,0.13256,76056542.240144
2020-07-15,0.13069,48444475.824878
2020-07-16,0.12602,76534169.648104
2020-07-17,0.12224,32982344.487552002
2020-07-18,0.1227,33782509.05894
2020-07-19,0.12402,21341238.795396004
2020-07-20,0.11771,29803048.010751996
2020-07-21,0.12321,32143112.956755
2020-07-22,0.1238,20708996.33202
2020-07-23,0.12422,28986044.175371997
2020-07-24,0.12197,22586319.367363997
2020-07-25,0.14362,122290276.34628999
2020-07-26,0.14849,144243624.43157402
2020-07-27,0.13859,139437146.564464
2020-07-28,0.14904,106676993.95416
2020-07-29,0.13972,75147703.986824
2020-07-30,0.1406,45066735.21294
2020-07-31,0.13878,35725715.82642599
2020-08-01,0.1441,61743410.4771
2020-08-02,0.13375,74558110.028875
2020-08-03,0.1373,35065222.09869
2020-08-04,0.14335,58118346.31953
2020-08-05,0.14227,35262261.607191004
2020-08-06,0.14444,40419070.561356
2020-08-07,0.13888,46563408.473344006
2020-08-08,0.14696,44100525.503672004
2020-08-09,0.14512,58631461.41784
2020-08-10,0.14383,48649256.808037
2020-08-11,0.13685,45886042.24316
2020-08-12,0.1367,55967171.601739995
2020-08-13,0.13944,51689950.553136
2020-08-14,0.13826,32644999.017206
2020-08-15,0.13837,38505627.039877996
2020-08-16,0.13882,28896512.592221998
2020-08-17,0.14039,54123084.247563
2020-08-18,0.13691,36390298.252733
2020-08-19,0.12966,44641720.210098
2020-08-20,0.13413,32659805.809557002
2020-08-21,0.12315,40094255.185305
2020-08-22,0.12515,29940660.667425003
2020-08-23,0.12141,21417292.429479003
2020-08-24,0.12361,23739257.681495998
2020-08-25,0.11239,60518559.344670005
2020-08-26,0.11435,33292546.895294998
2020-08-27,0.10725,42611896.276949994
2020-08-28,0.10927,27846089.756842002
2020-08-29,0.11623,25555023.076237
2020-08-30,0.11747,24522451.96446
2020-08-31,0.12253,56274653.359765
2020-09-01,0.12445,41181352.118705
2020-09-02,0.11489,45955760.144147
2020-09-03,0.09446,58742852.830092005
2020-09-04,0.10156,77665333.558852
2020-09-05,0.09,58341426.426
2020-09-06,0.0926,36268540.62152
2020-09-07,0.0936,35779719.47472
2020-09-08,0.09101,37624589.015223
2020-09-09,0.09331,22350449.609012
2020-09-10,0.09709,30924772.121060997
2020-09-11,0.09701,21488810.63094
2020-09-12,0.09771,16739158.115625001
2020-09-13,0.09507,22964297.577903003
2020-09-14,0.09663,21540388.105965
2020-09-15,0.09313,21316815.213231
2020-09-16,0.09151,25090525.477978
2020-09-17,0.09408,21955156.249152
2020-09-18,0.09093,19677020.010291
2020-09-19,0.09141,13365063.458505
2020-09-20,0.08936,15940673.105751999
2020-09-21,0.07983,39280600.976733
2020-09-22,0.08146,25484012.187096003
2020-09-23,0.07663,22129874.441075
2020-09-24,0.08254,34345958.980604
2020-09-25,0.09693,73838375.734842
2020-09-26,0.09547,33478143.385681
2020-09-27,0.1013,43093283.92702
2020-09-28,0.1003,44584396.540230006
2020-09-29,0.1011,32832255.05703
2020-09-30,0.10136,28876145.549664
2020-10-01,0.09804,33024905.481444
2020-10-02,0.09286,37138824.689336
2020-10-03,0.09328,14722474.010288
2020-10-04,0.09686,16654102.927410001
2020-10-05,0.09738,17640419.826798
2020-10-06,0.09289,25923336.747651
2020-10-07,0.09374,14707420.091168
2020-10-08,0.09632,24339860.360256
2020-10-09,0.10129,31431311.781317003
2020-10-10,0.10493,53211163.914041
2020-10-11,0.10648,33336455.379216
2020-10-12,0.10945,47822068.617400005
2020-10-13,0.10925,43682617.090475
2020-10-14,0.10703,36036960.606878005
2020-10-15,0.10666,23588818.46003
2020-10-16,0.10414,23390198.419662
2020-10-17,0.10598,16927770.944014
2020-10-18,0.10735,11809141.985205
2020-10-19,0.10859,24914577.62093
2020-10-20,0.10238,34456982.833374
2020-10-21,0.10589,28242368.671088
2020-10-22,0.11077,28041087.640423
2020-10-23,0.10805,24781177.505154997
2020-10-24,0.10797,15997986.117012
2020-10-25,0.10639,11969558.683418
2020-10-26,0.10306,23263474.150636
2020-10-27,0.10256,18900894.580128
2020-10-28,0.09869,27846777.081752002
2020-10-29,0.09531,24520326.861078
2020-10-30,0.0933,25979462.0658
2020-10-31,0.093,15383954.696099998
2020-11-01,0.09827,13658676.633147
2020-11-02,0.09221,23086233.331836
2020-11-03,0.09357,22879175.232639
2020-11-04,0.0955,24478341.48645
2020-11-05,0.09752,32454857.056983996
2020-11-06,0.1091,49282321.601560004
2020-11-07,0.10128,65574194.717376
2020-11-08,0.10655,28831985.793050002
2020-11-09,0.10561,32747335.932483997
2020-11-10,0.1059,32170022.296919998
2020-11-11,0.10599,26628014.718729
2020-11-12,0.1046,23396313.17166
2020-11-13,0.10629,25233995.185064998
2020-11-14,0.10411,23808184.21492
2020-11-15,0.10046,20230169.328635998
2020-11-16,0.10387,22434936.319939
2020-11-17,0.10947,46235590.304294996
2020-11-18,0.10658,46270495.419875994
2020-11-19,0.1059,25183774.3257
2020-11-20,0.11828,51763373.258796
2020-11-21,0.13334,142903538.05966198
2020-11-22,0.14599,286240954.62722504
2020-11-23,0.15445,214661404.209165
2020-11-24,0.16721,282424881.718821
2020-11-25,0.15473,166804642.21827102
2020-11-26,0.13843,227854759.203337
2020-11-27,0.14178,101287814.428326
2020-11-28,0.16489,179348982.07561502
2020-11-29,0.16663,127315580.292239
2020-11-30,0.17204,139468260.47563198
2020-12-01,0.15562,161809289.39900202
2020-12-02,0.15845,68928967.42232001
2020-12-03,0.16398,67806450.724896
2020-12-04,0.14781,69012165.990807
2020-12-05,0.15993,56134766.626353
2020-12-06,0.15873,46048402.459488004
2020-12-07,0.15401,32830851.381842
2020-12-08,0.1412,60987992.47276
2020-12-09,0.14796,79729602.36411601
2020-12-10,0.14188,40123592.53504401
2020-12-11,0.13926,41658373.390062
2020-12-12,0.14438,34137215.487412006
2020-12-13,0.15406,50506877.03327
2020-12-14,0.15877,42392162.36585
2020-12-15,0.15381,41964265.095066
2020-12-16,0.16814,83443851.12933801
2020-12-17,0.16336,125842859.022704
2020-12-18,0.16502,66765228.42914
2020-12-19,0.16433,56207620.848427
2020-12-20,0.16201,54547549.527251996
2020-12-21,0.15278,65744735.87038
2020-12-22,0.15646,74001590.770672
2020-12-23,0.13635,111612991.007385
2020-12-24,0.15304,113095896.29612802
2020-12-25,0.15761,92860135.55761799
2020-12-26,0.15839,89210412.16339901
2020-12-27,0.15467,123447481.24232401
2020-12-28,0.17627,155390406.645145
2020-12-29,0.19067,281333722.187065
2020-12-30,0.18389,123246944.618252
2020-12-31,0.18134,81180952.874532
2021-01-01,0.17509,80926873.048881
2021-01-02,0.17742,117151008.15050401
2021-01-03,0.20615,247679216.273195
2021-01-04,0.22528,329678260.871168
2021-01-05,0.25873,382632609.2730509
2021-01-06,0.33309,685868964.1429284
2021-01-07,0.29928,422380357.94204396
2021-01-08,0.30389,390257133.240166
2021-01-09,0.33062,271196824.55043405
2021-01-10,0.30153,273990540.22188
2021-01-11,0.2757,424293043.17951
2021-01-12,0.28888,305927746.15782404
2021-01-13,0.3123,223442252.84637
2021-01-14,0.31201,204835399.31474
2021-01-15,0.30188,257659833.55726397
2021-01-16,0.35071,427722073.3511933
2021-01-17,0.38081,541759666.1100248
2021-01-18,0.37123,236393870.176592
2021-01-19,0.3672,222758774.58960003
2021-01-20,0.37532,246341850.42214
2021-01-21,0.30785,247108291.512725
2021-01-22,0.34867,313367960.25696
2021-01-23,0.34583,144661017.088921
2021-01-24,0.35345,162069627.17107
2021-01-25,0.34308,139767638.92326
2021-01-26,0.3433,121675199.0002
2021-01-27,0.31144,131597120.83178401
2021-01-28,0.34409,167815879.686308
2021-01-29,0.34752,231612630.75744
2021-01-30,0.364,185900850.55359998
2021-01-31,0.34475,137829248.64677498
2021-02-01,0.40876,345329573.6201388
2021-02-02,0.42498,638222156.1610003
2021-02-03,0.44189,239174256.97256598
2021-02-04,0.43934,235548807.419882
2021-02-05,0.53917,688604058.8584743
2021-02-06,0.63444,796541991.2203656
2021-02-07,0.66109,1055451516.7215749
2021-02-08,0.67638,682242645.1684308
2021-02-09,0.70562,416656140.07167405
2021-02-10,0.93966,1591051048.1908278
2021-02-11,0.92796,904854137.6934313
2021-02-12,0.92426,600351053.140188
2021-02-13,0.91299,535814257.68128693
2021-02-14,0.84364,455139574.79205596
2021-02-15,0.86143,803564763.681767
2021-02-16,0.87,457685589.822
2021-02-17,0.89206,410640763.119366
2021-02-18,0.91442,530431275.67554796
2021-02-19,0.92581,507162158.12479794
2021-02-20,1.11568,1651811005.4341903
2021-02-21,1.09894,699217900.0088881
2021-02-22,1.09703,1463405338.488973
2021-02-23,0.96197,1563413315.035939
2021-02-24,1.04902,992424388.382966
2021-02-25,1.07691,1035832168.5621421
2021-02-26,1.24303,2244573729.656145
2021-02-27,1.31402,2620628452.18177
2021-02-28,1.31203,2098162085.643809
2021-03-01,1.29627,1275545131.7976542
2021-03-02,1.2228,921874426.1461201
2021-03-03,1.21311,551860049.627883
2021-03-04,1.11239,832106691.8049769
2021-03-05,1.15908,962795232.4057081
2021-03-06,1.129,445728668.0152
2021-03-07,1.13042,366671553.323338
2021-03-08,1.11848,445730658.46187997
2021-03-09,1.1972,737521973.76596
2021-03-10,1.13261,435485487.9723489
2021-03-11,1.1243,339102050.16263
2021-03-12,1.03207,436588227.194808
2021-03-13,1.1,708192127.94
2021-03-14,1.05243,320320189.77665097
2021-03-15,1.03103,413420711.396693
2021-03-16,1.24924,1559946424.4420838
2021-03-17,1.377,1507622987.9529002
2021-03-18,1.22925,1777840266.6411748
2021-03-19,1.29474,1051731776.8047781
2021-03-20,1.20046,482150507.25892603
2021-03-21,1.18561,362358470.16297805
2021-03-22,1.1015,423257510.46515
2021-03-23,1.11639,415261036.00918204
2021-03-24,1.06902,379412079.10862404
2021-03-25,1.0956,578064349.10928
2021-03-26,1.2142,815921638.3942
2021-03-27,1.17678,318853645.51860595
2021-03-28,1.18983,237652842.21721798
2021-03-29,1.20239,316314859.758828
2021-03-30,1.21189,312014021.78855395
2021-03-31,1.19191,360932844.824486
2021-04-01,1.18377,252099663.420402
2021-04-02,1.18998,373727801.49091196
2021-04-03,1.16238,364798989.91378194
2021-04-04,1.18206,241820506.30993202
2021-04-05,1.2118,386323735.8611
2021-04-06,1.252,910111362.642
2021-04-07,1.17359,475672445.52409995
2021-04-08,1.21926,262436988.634254
2021-04-09,1.20201,188435732.696322
2021-04-10,1.21747,354008716.74266
2021-04-11,1.26355,570171936.11639
2021-04-12,1.31431,735340539.088949
2021-04-13,1.41246,854575426.5111
2021-04-14,1.45092,1528060740.9553921
2021-04-15,1.4782,610798153.68692
2021-04-16,1.40989,792557346.9829382
2021-04-17,1.36802,443020930.75630206
2021-04-18,1.27693,1027722428.486553
2021-04-19,1.1945,570110488.0530499
2021-04-20,1.26689,595775798.482488
2021-04-21,1.20358,486769858.04272
2021-04-22,1.144,597875986.5935999
2021-04-23,1.15866,1146240140.275854
2021-04-24,1.10287,478883370.241848
2021-04-25,1.0913,332928656.938115
2021-04-26,1.2375,585795230.373375
2021-04-27,1.3063,513348531.800141
2021-04-28,1.3379,519906127.239153
2021-04-29,1.3063,755733282.8661661
2021-04-30,1.3532,417727776.01436394
2021-05-01,1.3516,282019989.402008
2021-05-02,1.3267,290534396.038188
2021-05-03,1.3622,369411780.44563806
2021-05-04,1.2698,535221814.40187603
2021-05-05,1.4798,856899819.0823561
2021-05-06,1.6491,2214697440.074652
2021-05-07,1.653,1304314859.21994
2021-05-08,1.6211,637901063.515378
2021-05-09,1.7663,1559804213.458898
2021-05-10,1.6423,1169818360.032278
2021-05-11,1.7632,924492869.3715521
2021-05-12,1.5694,941185000.8075199
2021-05-13,1.9296,3024947645.963136
2021-05-14,2.0069,1394861870.109624
2021-05-15,2.1744,2993748190.3487515
2021-05-16,2.3002,2738953727.874756
2021-05-17,2.0307,2310878331.764331
2021-05-18,2.0036,1226723969.560948
2021-05-19,1.4663,3316539074.690468
2021-05-20,1.8006,2397888331.985406
2021-05-21,1.5493,1795369944.416328
2021-05-22,1.4629,1171363318.994805
2021-05-23,1.3139,1919962767.716609
2021-05-24,1.55,1603096228.2205
2021-05-25,1.5532,1254546459.9120638
2021-05-26,1.7791,1524831949.8050828
2021-05-27,1.6552,976765122.005312
2021-05-28,1.5133,1236728600.664028
2021-05-29,1.4029,808217226.489883
2021-05-30,1.5751,1203500882.783417
2021-05-31,1.7373,1042581649.939824
2021-06-01,1.7363,920677566.7039219
2021-06-02,1.7534,756845994.809828
2021-06-03,1.8453,770229963.8454059
2021-06-04,1.7077,1018528690.5394849
2021-06-05,1.6551,611275485.48606
2021-06-06,1.6771,322001780.63672805
2021-06-07,1.5659,534390143.63770705
2021-06-08,1.5819,968476498.5870811
2021-06-09,1.6279,767822386.1348069
2021-06-10,1.5328,478856102.912576
2021-06-11,1.4371,464328921.343
2021-06-12,1.4789,536789255.768417
2021-06-13,1.5566,514802338.313004
2021-06-14,1.5769,442779586.101606
2021-06-15,1.5552,336170574.435456
2021-06-16,1.4851,302337454.028451
2021-06-17,1.4826,244745785.543602
2021-06-18,1.4163,312908421.574236
2021-06-19,1.3839,201347581.4091
2021-06-20,1.4263,384206358.374102
2021-06-21,1.174,601164055.1832999
2021-06-22,1.1567,1049545225.505676
2021-06-23,1.2512,613688042.1129601
2021-06-24,1.3604,580929609.2327241
2021-06-25,1.2521,686627479.753862
2021-06-26,1.2521,384901372.80768204
2021-06-27,1.338,323926961.15202004
2021-06-28,1.326,292446404.26794
2021-06-29,1.373,394836164.0546
2021-06-30,1.3853,365399390.293091
2021-07-01,1.3313,262032497.18839002
2021-07-02,1.3946,328597411.21817
2021-07-03,1.4045,277309892.60592
2021-07-04,1.4615,270853915.85318
2021-07-05,1.4039,295178834.886549
2021-07-06,1.4157,245486066.879196
2021-07-07,1.404,175735558.8378
2021-07-08,1.327,233127902.37144
2021-07-09,1.3504,216460997.61407998
2021-07-10,1.3356,124847432.85243599
2021-07-11,1.3485,96693194.96061
2021-07-12,1.3126,147099971.807426
2021-07-13,1.265,158144821.2597
2021-07-14,1.2635,209067431.09395504
2021-07-15,1.2258,163872047.69487
2021-07-16,1.1708,186360481.01639202
2021-07-17,1.1721,145909814.50190997
2021-07-18,1.1813,128270524.449693
2021-07-19,1.1225,155630973.69832498
2021-07-20,1.0539,298905801.86860204
2021-07-21,1.1711,336453077.279858
2021-07-22,1.1856,188406448.67865598
2021-07-23,1.2077,158614336.309962
2021-07-24,1.2327,175926978.416427
2021-07-25,1.2284,132586278.548084
2021-07-26,1.2551,520958478.59778804
2021-07-27,1.2799,298337256.775966
2021-07-28,1.2875,259092611.78862503
2021-07-29,1.2856,168209177.56678402
2021-07-30,1.3108,238106728.034272
2021-07-31,1.3193,161047130.978906
2021-08-01,1.3142,264126360.59173203
2021-08-02,1.3083,163194073.055454
2021-08-03,1.3696,342709715.153408
2021-08-04,1.3765,251714625.17565
2021-08-05,1.3859,222787408.68639597
2021-08-06,1.4025,231951993.20947498
2021-08-07,1.4727,361663323.22883993
2021-08-08,1.4255,286717376.74756
2021-08-09,1.4745,301377627.321285
2021-08-10,1.678,598217109.12778
2021-08-11,1.7934,876727711.5348781
2021-08-12,1.8324,790932810.07008
2021-08-13,2.1386,1261762220.6553578
2021-08-14,2.1878,1311204507.2057002
2021-08-15,2.1667,802219312.470705
2021-08-16,2.0714,649680639.5048419
2021-08-17,1.9239,695875148.933547
2021-08-18,2.1043,1023982469.1752698
2021-08-19,2.4411,1614464472.697767
2021-08-20,2.4557,1520323524.5321243
2021-08-21,2.4341,723258864.562656
2021-08-22,2.7049,1313221941.577051
2021-08-23,2.9152,1905686829.707776
2021-08-24,2.7187,1744460092.2959142
2021-08-25,2.739,1262483345.17734
2021-08-26,2.528,1030803938.0502399
2021-08-27,2.946,1392464677.70694
2021-08-28,2.847,692001825.4683299
2021-08-29,2.851,782216576.488
2021-08-30,2.734,658051255.1626
2021-08-31,2.767,697030615.5721
2021-09-01,2.869,563940808.0229
2021-09-02,2.96,1176399251.2312
2021-09-03,2.966,604555919.4544001
2021-09-04,2.83,544127912.01
2021-09-05,2.91,492074524.086
2021-09-06,2.833,529687546.0526
2021-09-07,2.514,2425735181.5871997
2021-09-08,2.47,1352527220.135
2021-09-09,2.518,1036489143.8404
2021-09-10,2.383,767569340.045
2021-09-11,2.638,1480232805.91466
2021-09-12,2.581,1204868382.3681
2021-09-13,2.402,909978317.7816001
2021-09-14,2.396,513485857.18719995
2021-09-15,2.505,693518213.6415
2021-09-16,2.417,474676314.1656
2021-09-17,2.35,305731675.69
2021-09-18,2.371,273214986.4069
2021-09-19,2.283,290410925.871
2021-09-20,2.079,953429343.92937
2021-09-21,1.986,895663758.72642
2021-09-22,2.257,593353430.437
2021-09-23,2.327,442262603.62960005
2021-09-24,2.277,869824250.1432002
2021-09-25,2.3,755296675.079
2021-09-26,2.207,510015695.98929995
2021-09-27,2.13,321449981.34599996
2021-09-28,2.037,309444275.89739996
2021-09-29,2.066,281262019.51919997
2021-09-30,2.115,264199330.00350004
2021-10-01,2.256,444787486.71839994
2021-10-02,2.247,331225786.11149997
2021-10-03,2.251,308343352.6598
2021-10-04,2.191,327546008.99859995
2021-10-05,2.233,294386161.60800004
2021-10-06,2.209,425556360.3855
2021-10-07,2.278,580225959.3552
2021-10-08,2.237,309416004.5618
2021-10-09,2.268,246457466.56439996
2021-10-10,2.189,241607532.61589998
2021-10-11,2.171,271177335.00909996
2021-10-12,2.118,318821544.9636
2021-10-13,2.19,291346727.526
2021-10-14,2.172,237035219.63280004
2021-10-15,2.218,456488813.0824
2021-10-16,2.179,224437725.3891
2021-10-17,2.158,237195301.31179997
2021-10-18,2.128,206392087.2384
2021-10-19,2.11,199166646.51599997
2021-10-20,2.19,297773727.972
2021-10-21,2.137,567988244.5927
2021-10-22,2.156,281872683.3384
2021-10-23,2.166,160514615.7528
2021-10-24,2.12,206128862.24800003
2021-10-25,2.144,226993937.25760004
2021-10-26,2.137,305372736.4365
2021-10-27,1.912,760763829.3752
2021-10-28,1.987,504458990.7245
2021-10-29,2.015,311844811.19350004
2021-10-30,1.955,240455588.239
2021-10-31,1.964,287555449.186
2021-11-01,1.949,280775152.89460003
2021-11-02,1.971,244922775.08400002
2021-11-03,2.063,692264372.3731
2021-11-04,1.983,346130866.0932
2021-11-05,1.982,214414471.8534
2021-11-06,2.005,211488711.8715
2021-11-07,2.021,167009584.5567
2021-11-08,2.125,403695751.0875
2021-11-09,2.27,1319039215.334
2021-11-10,2.097,1006225712.1972001
2021-11-11,2.079,314280275.3244
2021-11-12,2.045,327715705.646
2021-11-13,2.05,169148504.27499998
2021-11-14,2.04,122113601.544
2021-11-15,2.017,187741508.6243
2021-11-16,1.874,503996238.35828006
2021-11-17,1.876,390180182.672
2021-11-18,1.786,396063192.06242
2021-11-19,1.863,269854574.9058
2021-11-20,1.922,246368510.176
2021-11-21,1.835,160480815.5255
2021-11-22,1.776,256251428.064
2021-11-23,1.751,253499812.9578
2021-11-24,1.666,483384167.39396
2021-11-25,1.675,361862248.1925
2021-11-26,1.533,517279265.70830995
2021-11-27,1.543,166268307.274
2021-11-28,1.594,363449245.83668
2021-11-29,1.601,246311424.00469998
2021-11-30,1.554,288534228.3264
2021-12-01,1.548,243745748.40240002
2021-12-02,1.719,758735721.603
2021-12-03,1.556,429854296.47760004
2021-12-04,1.42,870400244.3267999
2021-12-05,1.378,372912699.09659994
2021-12-06,1.42,480401092.75399995
2021-12-07,1.378,316270795.2456
2021-12-08,1.396,261881891.56719998
2021-12-09,1.289,225018227.79320002
2021-12-10,1.211,233685256.88410002
2021-12-11,1.354,242525926.4914
2021-12-12,1.346,201178109.3766
2021-12-13,1.223,225506913.40320003
2021-12-14,1.266,222153018.588
2021-12-15,1.311,223194467.6493
2021-12-16,1.24,145901977.77199998
2021-12-17,1.218,168196331.38979998
2021-12-18,1.242,100864178.8722
2021-12-19,1.243,154224831.59050003
2021-12-20,1.237,152283319.04490003
2021-12-21,1.28,157374781.696
2021-12-22,1.327,213878824.3787
2021-12-23,1.475,319773598.20500004
2021-12-24,1.392,175893938.9136
2021-12-25,1.452,127177592.90280001
2021-12-26,1.455,150984258.60450003
2021-12-27,1.516,274964259.1076
2021-12-28,1.4,326842274.36
2021-12-29,1.332,201671204.65560004
2021-12-30,1.359,182339160.6402
2021-12-31,1.308,157760937.1884
2022-01-01,1.38,95230498.35
2022-01-02,1.377,111553331.77080001
2022-01-03,1.319,114958534.3621
2022-01-04,1.309,123673411.42310001
2022-01-05,1.23,195250308.48599997
2022-01-06,1.28,224965641.728
2022-01-07,1.21,253865275.97199997
2022-01-08,1.181,200451689.41608003
2022-01-09,1.17,133489628.298
2022-01-10,1.123,212528473.36922
2022-01-11,1.187,136822046.15690002
2022-01-12,1.312,191038473.6224
2022-01-13,1.233,220743427.2588
2022-01-14,1.292,185119822.678
2022-01-15,1.291,103824590.7924
2022-01-16,1.41,349647622.73399997
2022-01-17,1.603,874717680.7873
2022-01-18,1.458,664773799.9014
2022-01-19,1.337,441141433.8267999
2022-01-20,1.259,328678703.8907
2022-01-21,1.12,457541865.088
2022-01-22,1.071,593642136.46752
2022-01-23,1.124,289034275.00600004
2022-01-24,1.065,465841990.79999995
2022-01-25,1.043,228237951.63189998
2022-01-26,1.077,362414759.4273
2022-01-27,1.042,192522485.19560003
2022-01-28,1.048,144299196.6088
2022-01-29,1.059,94813623.8256
2022-01-30,1.035,74884485.70349999
2022-01-31,1.051,106381116.5551
2022-02-01,1.096,136480858.0088
2022-02-02,1.027,130282948.99489999
2022-02-03,1.061,104553283.21849999
2022-02-04,1.138,153863348.72079998
2022-02-05,1.125,171799632.3375
2022-02-06,1.143,122414519.331
2022-02-07,1.199,321094408.0784
2022-02-08,1.176,319468738.7808
2022-02-09,1.195,163846192.119
2022-02-10,1.15,211145198.11499998
2022-02-11,1.079,142232404.4908
2022-02-12,1.059,157974669.99479997
2022-02-13,1.042,103416409.74800001
2022-02-14,1.049,145792896.67270002
2022-02-15,1.107,170405620.2441
2022-02-16,1.082,109201855.93540001
2022-02-17,1.02,116826477.13800001
2022-02-18,0.995,132946177.158
2022-02-19,0.996,91734528.93720001
2022-02-20,0.931,145957170.38210002
2022-02-21,0.856,242666159.68936
2022-02-22,0.888,235179732.02616
2022-02-23,0.866,205865239.3294
2022-02-24,0.853,477791724.72874004
2022-02-25,0.898,189335000.1452
2022-02-26,0.887,126000230.1739
2022-02-27,0.856,138675967.4744
2022-02-28,0.962,219268235.4694
2022-03-01,0.963,226077988.7358
2022-03-02,0.939,140372892.9732
2022-03-03,0.903,103639791.35370001
2022-03-04,0.844,124081267.0892
2022-03-05,0.864,68030975.088
2022-03-06,0.823,62997818.3862
2022-03-07,0.793,105368820.7858
2022-03-08,0.802,99598374.599
2022-03-09,0.849,97611089.1885
2022-03-10,0.807,92870446.32810001
2022-03-11,0.788,79993629.06760001
2022-03-12,0.789,39818016.7416
2022-03-13,0.786,69744681.28320001
2022-03-14,0.802,83521848.2308
2022-03-15,0.8,76369764.4
2022-03-16,0.838,134747867.98299998
2022-03-17,0.835,88896561.747
2022-03-18,0.851,70518738.1873
2022-03-19,0.903,103182531.0264
2022-03-20,0.879,81754709.62110001
2022-03-21,0.917,106202398.28240001
2022-03-22,0.975,167757007.665
2022-03-23,1.108,401591547.57080007
2022-03-24,1.131,442201162.26
2022-03-25,1.096,318340744.5352
2022-03-26,1.152,164871919.9872
2022-03-27,1.184,159891340.3712
2022-03-28,1.17,305493667.362
2022-03-29,1.191,214735654.03800002
2022-03-30,1.189,173632809.3167
2022-03-31,1.141,202145023.2221
2022-04-01,1.165,222772813.21850002
2022-04-02,1.155,123707734.80450001
2022-04-03,1.186,93290829.14379999
2022-04-04,1.212,306921511.2036
2022-04-05,1.171,127441896.6945
2022-04-06,1.052,217518644.8804
2022-04-07,1.089,108124164.2745
2022-04-08,1.024,90161263.9232
2022-04-09,1.045,51930229.0595
2022-04-10,1.027,53399155.332899995
2022-04-11,0.92,146311401.072
2022-04-12,0.955,109995995.13749999
2022-04-13,0.974,81104569.55639999
2022-04-14,0.933,78459122.79360001
2022-04-15,0.956,40669970.0732
2022-04-16,0.951,35006175.3384
2022-04-17,0.914,39136969.988
2022-04-18,0.937,111381695.60520001
2022-04-19,0.952,71811920.5944
2022-04-20,0.937,87744712.4732
2022-04-21,0.91,95557260.34400001
2022-04-22,0.906,74646261.1302
2022-04-23,0.886,30619333.805
2022-04-24,0.886,43583241.062
2022-04-25,0.8974,154303016.2863
2022-04-26,0.8259,145944844.3353
2022-04-27,0.8401,124990512.24768999
2022-04-28,0.8432,113735228.38128
2022-04-29,0.8048,112124839.25584
2022-04-30,0.7556,111348360.30850402
2022-05-01,0.7895,108787752.95335001
2022-05-02,0.7809,100663489.41912
2022-05-03,0.7711,74356959.01975
2022-05-04,0.8985,230599809.35999998
2022-05-05,0.7884,287742844.14012
2022-05-06,0.7832,191146750.50064
2022-05-07,0.7604,96425484.5184
2022-05-08,0.7403,129655794.34771699
2022-05-09,0.6019,284302991.041186
2022-05-10,0.6286,274604103.98596
2022-05-11,0.5187,323386661.698737
2022-05-12,0.4733,385959962.41111803
2022-05-13,0.529,242319163.7312
2022-05-14,0.5372,136148535.06832
2022-05-15,0.5981,116787742.54674
2022-05-16,0.5569,156435168.11609
2022-05-17,0.5778,102897293.20488
2022-05-18,0.5059,102736716.98101
2022-05-19,0.5334,109782257.97377999
2022-05-20,0.5162,89970182.15412
2022-05-21,0.5286,45188605.809599996
2022-05-22,0.5416,56604922.56608
2022-05-23,0.5134,97252314.56132
2022-05-24,0.5219,89195734.72364
2022-05-25,0.5146,68727017.20437999
2022-05-26,0.4789,116691146.51849
2022-05-27,0.4566,122554186.72296
2022-05-28,0.4646,49217851.84784
2022-05-29,0.482,42717986.929800004
2022-05-30,0.5698,147736782.97531998
2022-05-31,0.6268,415956696.14396006
2022-06-01,0.5516,196081333.61936
2022-06-02,0.5871,179726418.54882
2022-06-03,0.56,115504430.10400002
2022-06-04,0.5665,61623455.83185001
2022-06-05,0.5674,54060506.60864
2022-06-06,0.6091,208009097.70888
2022-06-07,0.6141,208064630.17527
2022-06-08,0.6408,252646533.70776
2022-06-09,0.6323,121598172.90165
2022-06-10,0.5744,156388352.05104002
2022-06-11,0.554,166619996.09780002
2022-06-12,0.4904,194948961.07415998
2022-06-13,0.4644,353679394.76856
2022-06-14,0.4831,294241380.47253996
2022-06-15,0.5348,336008285.49120003
2022-06-16,0.4762,171515847.43882
2022-06-17,0.4872,107798574.25008
2022-06-18,0.4549,174438764.69063002
2022-06-19,0.4848,147568355.24016
2022-06-20,0.4915,152265631.03665
2022-06-21,0.4813,129616297.7231
2022-06-22,0.4594,93530610.73957999
2022-06-23,0.48,77178197.37599999
2022-06-24,0.4981,120322312.03258
2022-06-25,0.4984,70980688.47128
2022-06-26,0.4899,103788585.52341
2022-06-27,0.4856,76386784.23184
2022-06-28,0.4694,76775055.92632
2022-06-29,0.4662,77449881.61763999
2022-06-30,0.4599,97579091.59550999
2022-07-01,0.4487,82017059.55177
2022-07-02,0.4559,49768497.06113
2022-07-03,0.4561,41428842.77099001
2022-07-04,0.4695,92487476.47889999
2022-07-05,0.4571,78410041.60367
2022-07-06,0.4623,64362257.0943
2022-07-07,0.4776,67917831.61176
2022-07-08,0.4661,79613439.74553001
2022-07-09,0.478,48169986.6746
2022-07-10,0.4624,53297319.00944
2022-07-11,0.4347,70441323.21386999
2022-07-12,0.4171,58225408.84736
2022-07-13,0.4383,116202463.03242001
2022-07-14,0.4416,91926481.09248
2022-07-15,0.4421,82985433.44957
2022-07-16,0.4578,67752611.37539999
2022-07-17,0.4478,68774103.69684
2022-07-18,0.4904,188172662.66895998
2022-07-19,0.5152,199051800.59072
2022-07-20,0.491,191381841.88169998
2022-07-21,0.4993,130765761.82323
2022-07-22,0.4828,96719162.93792
2022-07-23,0.517,103224316.3688
2022-07-24,0.512,119452741.888
2022-07-25,0.4752,95444058.23568
2022-07-26,0.4677,99652346.74575
2022-07-27,0.5111,148304262.7242
2022-07-28,0.513,157206172.9095
2022-07-29,0.5218,167324929.06886
2022-07-30,0.5263,143099163.84366
2022-07-31,0.5161,90205770.28515
2022-08-01,0.5124,81368097.09587999
2022-08-02,0.4963,90721656.48742001
2022-08-03,0.5005,62544462.33035
2022-08-04,0.4997,51415609.21374
2022-08-05,0.5174,58047045.774639994
2022-08-06,0.5112,39919700.16936
2022-08-07,0.5276,58577442.00807999
2022-08-08,0.5371,86754988.01914
2022-08-09,0.5129,73360338.42357999
2022-08-10,0.5374,90805735.62347999
2022-08-11,0.5303,82444843.94452
2022-08-12,0.5402,57754500.80836
2022-08-13,0.5593,107980204.41425
2022-08-14,0.5695,134408612.5784
2022-08-15,0.5499,104899841.72811002
2022-08-16,0.557,81573013.8324
2022-08-17,0.5384,126117523.07519999
2022-08-18,0.5119,67731501.94437
2022-08-19,0.45,147703734.495
2022-08-20,0.4508,95173974.89964
2022-08-21,0.4626,78201239.66982
2022-08-22,0.4615,87312993.4339
2022-08-23,0.4658,57880832.44422
2022-08-24,0.4578,47318712.312479995
2022-08-25,0.4645,55707465.491000004
2022-08-26,0.4316,162276573.3706
2022-08-27,0.4499,84806828.67415
2022-08-28,0.4293,56331785.14074
2022-08-29,0.4504,65277584.0376
2022-08-30,0.4531,69378865.38308
2022-08-31,0.4462,51586028.93222
2022-09-01,0.4575,57963748.485
2022-09-02,0.4543,48518671.89785
2022-09-03,0.4803,87522711.54350999
2022-09-04,0.5035,100661787.52205
2022-09-05,0.4984,70650170.87296
2022-09-06,0.4625,108199256.325
2022-09-07,0.4787,66685447.062130004
2022-09-08,0.479,54533277.501499996
2022-09-09,0.5022,90147165.52464
2022-09-10,0.5121,99378482.67765
2022-09-11,0.5098,65886924.9187
2022-09-12,0.5012,84545031.01099999
2022-09-13,0.4635,107936292.7881
2022-09-14,0.4809,67099398.14067
2022-09-15,0.4662,61525076.19048
2022-09-16,0.4746,48880689.89874001
2022-09-17,0.4859,48726606.16895
2022-09-18,0.4477,57631345.669369996
2022-09-19,0.4527,82538239.03956
2022-09-20,0.4422,47549695.20378
2022-09-21,0.4389,125276908.11867
2022-09-22,0.4584,71145649.88232
2022-09-23,0.4618,96978497.49714
2022-09-24,0.4511,55246183.70882
2022-09-25,0.4464,50014619.35056
2022-09-26,0.4473,56304536.442839995
2022-09-27,0.4411,65427226.329409994
2022-09-28,0.4361,55165477.02183
2022-09-29,0.4381,52739292.47171
2022-09-30,0.4347,52573555.430549994
2022-10-01,0.43,26552877.841000002
2022-10-02,0.4194,33508986.21018
2022-10-03,0.4276,41862694.783879995
2022-10-04,0.4355,38843911.78915
2022-10-05,0.4309,37087621.04223
2022-10-06,0.4288,37470702.62208
2022-10-07,0.424,36364689.024
2022-10-08,0.4219,24066880.51819
2022-10-09,0.423,21473977.8573
2022-10-10,0.4012,43335750.31576
2022-10-11,0.3908,61428380.102603994
2022-10-12,0.3814,38399981.6914
2022-10-13,0.3768,101589563.191104
2022-10-14,0.3667,49700517.57816001
2022-10-15,0.3641,22921619.70516
2022-10-16,0.3703,22655769.84496
2022-10-17,0.3723,24651867.65706
2022-10-18,0.3624,34559732.79864
2022-10-19,0.3497,32287526.380590003
2022-10-20,0.3402,37993726.1718
2022-10-21,0.3492,44404057.374696
2022-10-22,0.3513,25280444.5176
2022-10-23,0.3621,30816287.99559
2022-10-24,0.3573,33028313.99526
2022-10-25,0.4,127789059.60000001
2022-10-26,0.403,79674181.8938
2022-10-27,0.3884,66337274.80244
2022-10-28,0.4044,56303655.27047999
2022-10-29,0.42,84383195.988
2022-10-30,0.4056,47505097.7232
2022-10-31,0.4055,49738290.109900005
2022-11-01,0.4011,35625415.45416
2022-11-02,0.3856,64905347.52751999
2022-11-03,0.3895,35438152.2406
2022-11-04,0.4216,98393892.47464
2022-11-05,0.4264,70642773.91287999
2022-11-06,0.4021,45236932.04202
2022-11-07,0.4041,56023305.410790004
2022-11-08,0.3722,141323646.85193998
2022-11-09,0.3175,126364578.36
2022-11-10,0.3687,133439097.87432002
2022-11-11,0.3556,67960537.06316
2022-11-12,0.3397,40361924.931430005
2022-11-13,0.3298,48397389.05245999
2022-11-14,0.3323,60042800.47957
2022-11-15,0.3373,35063256.73971
2022-11-16,0.332,34161819.438
2022-11-17,0.325,24548424.712500002
2022-11-18,0.326,26371104.2102
2022-11-19,0.328,16164356.960800001
2022-11-20,0.312,27427647.5304
2022-11-21,0.3046,49571629.920214
2022-11-22,0.3126,37282277.85618
2022-11-23,0.3185,41460038.2651
2022-11-24,0.3163,24498111.75548
2022-11-25,0.3146,25692957.384379998
2022-11-26,0.3138,20829161.5944
2022-11-27,0.3126,15914652.99732
2022-11-28,0.3066,36460776.37146
2022-11-29,0.3092,19493647.852679998
2022-11-30,0.3187,33048002.300709996
2022-12-01,0.3145,21981938.53345
2022-12-02,0.3191,19883155.909539998
2022-12-03,0.3196,28279176.324079998
2022-12-04,0.3221,18705593.01164
2022-12-05,0.3193,22010904.182579998
2022-12-06,0.3183,17471306.87403
2022-12-07,0.3102,24937703.247599997
2022-12-08,0.3145,17322077.95485
2022-12-09,0.3118,15666875.50602
2022-12-10,0.3126,7212715.361819999
2022-12-11,0.3074,11841507.65522
2022-12-12,0.3069,18327634.62651
2022-12-13,0.3142,39412813.618499994
2022-12-14,0.3079,28147727.084239997
2022-12-15,0.3003,26514378.08019
2022-12-16,0.2632,57471259.3252
2022-12-17,0.2672,43875164.699039996
2022-12-18,0.2659,24033773.593980003
2022-12-19,0.2529,27738041.945364002
2022-12-20,0.2587,20587079.38378
2022-12-21,0.2534,23611541.29278
2022-12-22,0.2566,20040509.11324
2022-12-23,0.2594,19226553.5535
2022-12-24,0.2592,8308477.281599999
2022-12-25,0.2591,12081060.67472
2022-12-26,0.2652,16382855.784359999
2022-12-27,0.2603,15502927.799409999
2022-12-28,0.2482,28713989.12494
2022-12-29,0.244,29093534.370399997
2022-12-30,0.2458,19119124.5706
2022-12-31,0.2458,16449690.384779999
2023-01-01,0.2499,12366808.672050001
2023-01-02,0.2538,19151312.63148
2023-01-03,0.2529,18125610.34059
2023-01-04,0.2678,39851584.8627
2023-01-05,0.2692,22059225.895919997
2023-01-06,0.2786,47695965.50936
2023-01-07,0.2768,20102148.317760002
2023-01-08,0.2974,58304592.76072
2023-01-09,0.3168,128360075.46912
2023-01-10,0.3222,59311364.77782
2023-01-11,0.323,46527693.439500004
2023-01-12,0.3293,81811559.55624999
2023-01-13,0.3456,52028868.326400004
2023-01-14,0.3525,101864455.06875
2023-01-15,0.3507,46637171.17101
2023-01-16,0.3504,54965435.906399995
2023-01-17,0.3455,35099812.1851
2023-01-18,0.3264,55494154.99008
2023-01-19,0.3379,27109147.53713
2023-01-20,0.3652,47756272.95912
2023-01-21,0.3687,84414523.86690001
2023-01-22,0.3764,77305801.3616
2023-01-23,0.375,63345068.175000004
2023-01-24,0.3587,40084516.77465
2023-01-25,0.3732,46837182.26664
2023-01-26,0.3796,57707031.945159994
2023-01-27,0.3898,43935766.464339994
2023-01-28,0.3819,45525761.743080005
2023-01-29,0.3975,40914358.8285
2023-01-30,0.3725,50040407.7125
2023-01-31,0.3902,60988721.6066
2023-02-01,0.397,64710588.6683
2023-02-02,0.3981,71345753.56923
2023-02-03,0.4038,45319112.28666
2023-02-04,0.3994,27824584.8234
2023-02-05,0.3923,40977322.245799996
2023-02-06,0.3823,42147753.78137
2023-02-07,0.3989,42780739.26552
2023-02-08,0.3942,36610350.30108
2023-02-09,0.3622,54874688.819680005
2023-02-10,0.3581,37346184.21970999
2023-02-11,0.3684,20595385.38516
2023-02-12,0.3641,20905199.17002
2023-02-13,0.3593,41113736.7946
2023-02-14,0.3867,60708101.02053
2023-02-15,0.419,63516723.4007
2023-02-16,0.3874,67705508.2756
2023-02-17,0.4033,49817315.34488
2023-02-18,0.406,36373650.229
2023-02-19,0.3995,39223401.424949996
2023-02-20,0.4038,47206795.31526
2023-02-21,0.3925,47030695.8825
2023-02-22,0.3888,47881609.1856
2023-02-23,0.3824,31061968.644
2023-02-24,0.3658,49942725.468059994
2023-02-25,0.362,33795013.107599996
2023-02-26,0.3691,22977851.521539997
2023-02-27,0.3647,26038388.78039
2023-02-28,0.3517,26992551.06082
2023-03-01,0.3601,24368614.35177
2023-03-02,0.3504,28681843.71072
2023-03-03,0.3431,55934193.8382
2023-03-04,0.3366,18995271.02154
2023-03-05,0.337,17951777.9259
2023-03-06,0.3305,24087566.1746
2023-03-07,0.3306,32798711.7777
2023-03-08,0.3175,35084099.40875
2023-03-09,0.3101,59390359.50442
2023-03-10,0.3149,58082243.53508
2023-03-11,0.3051,53191697.58071999
2023-03-12,0.3298,48939597.73186
2023-03-13,0.3433,99820631.22725
2023-03-14,0.3429,83389807.48598999
2023-03-15,0.3241,84978760.55795
2023-03-16,0.3249,48192040.50588
2023-03-17,0.3494,59819565.87962
2023-03-18,0.3371,54028622.57359
2023-03-19,0.3448,32146792.84392
2023-03-20,0.3321,41304709.61298
2023-03-21,0.3696,106617629.61696
2023-03-22,0.3596,123032506.1944
2023-03-23,0.3715,69075775.1574
2023-03-24,0.3596,40285707.47604
2023-03-25,0.3514,29378287.505139995
2023-03-26,0.3557,32644071.166330002
2023-03-27,0.3455,43951171.29529999
2023-03-28,0.3681,49095497.844359994
2023-03-29,0.3811,72414252.51075
2023-03-30,0.3761,55325057.49875
2023-03-31,0.3989,100009934.94813
2023-04-01,0.3919,50469234.67081001
2023-04-02,0.3815,39078111.48325
2023-04-03,0.3872,90770286.02752
2023-04-04,0.3894,47182780.53258
2023-04-05,0.3923,36411606.79908
2023-04-06,0.3829,34881706.74191
2023-04-07,0.3835,19229232.07725
2023-04-08,0.3853,23674723.24505
2023-04-09,0.3894,20135474.39772
2023-04-10,0.3971,30302048.04847
2023-04-11,0.4014,57679370.12753999
2023-04-12,0.4047,56180954.69484
2023-04-13,0.4251,73843095.95637
2023-04-14,0.4381,103093131.01295
2023-04-15,0.4522,80683562.78892
2023-04-16,0.4513,52897552.025979996
2023-04-17,0.4341,62689322.91018
2023-04-18,0.4435,44096443.55485
2023-04-19,0.4163,80501802.22687
2023-04-20,0.4007,64517852.00025
2023-04-21,0.3824,60741469.20608
2023-04-22,0.3956,34269026.2398
2023-04-23,0.3886,31878687.761959996
2023-04-24,0.3835,40013709.8244
2023-04-25,0.3945,38442701.807550006
2023-04-26,0.4014,76150925.16282
2023-04-27,0.4101,63254069.97798001
2023-04-28,0.4043,30925854.84092
2023-04-29,0.4024,17027855.22464
2023-04-30,0.3956,29968975.253840003
2023-05-01,0.3868,38312567.34676
2023-05-02,0.3916,24280025.53196
2023-05-03,0.394,40326685.990600005
2023-05-04,0.3873,22086747.34176
2023-05-05,0.3942,30658018.168259997
2023-05-06,0.3787,32363335.00183
2023-05-07,0.376,20469431.3896
2023-05-08,0.3653,50348538.88376
2023-05-09,0.3633,28384948.59501
2023-05-10,0.3693,55753873.03608
2023-05-11,0.3598,35425441.59126
2023-05-12,0.3705,40652378.3913
2023-05-13,0.3646,16965296.448039997
2023-05-14,0.3711,15548446.28994
2023-05-15,0.3669,25322781.43245
2023-05-16,0.3682,24348511.71172
2023-05-17,0.3755,35448432.0906
2023-05-18,0.3714,29868136.9314
2023-05-19,0.3681,14254098.889770001
2023-05-20,0.3662,16124626.868440002
2023-05-21,0.3602,14145186.337480001
2023-05-22,0.3679,22974321.27458
2023-05-23,0.3704,17693956.44032
2023-05-24,0.3638,20961664.46982
2023-05-25,0.3581,17954105.894899998
2023-05-26,0.3626,20662003.92746
2023-05-27,0.3667,11046012.68169
2023-05-28,0.3828,30644317.684199996
2023-05-29,0.3786,25278886.96512
2023-05-30,0.3779,26504930.56452
2023-05-31,0.3744,22463272.46592
2023-06-01,0.3644,33979746.07556
2023-06-02,0.3782,27141023.775999997
2023-06-03,0.3759,10428163.97112
2023-06-04,0.3773,15662990.577080002
2023-06-05,0.3514,39643278.955419995
2023-06-06,0.3531,31993086.295500003
2023-06-07,0.3223,48579764.06129
2023-06-08,0.3228,33792931.09404
2023-06-09,0.2951,72708057.33308
2023-06-10,0.2747,208039395.78491
2023-06-11,0.272,71314729.4144
2023-06-12,0.2748,61110587.834640004
2023-06-13,0.2752,43137187.14496
2023-06-14,0.2633,35158732.574099995
2023-06-15,0.262,36909816.7584
2023-06-16,0.2632,23534719.24216
2023-06-17,0.2667,23484071.488709997
2023-06-18,0.261,17020492.410600003
2023-06-19,0.2634,18673430.15982
2023-06-20,0.2705,29509064.2673
2023-06-21,0.2862,54317035.164239995
2023-06-22,0.2899,48623828.221020006
2023-06-23,0.2966,34777813.424399994
2023-06-24,0.2892,25532430.321480002
2023-06-25,0.2921,30134288.962950002
2023-06-26,0.2805,25859943.7965
2023-06-27,0.2867,24174643.57091
2023-06-28,0.2669,37562060.28277001
2023-06-29,0.2752,24224904.24832
2023-06-30,0.2869,78081633.26050998
2023-07-01,0.2924,25788649.05608
2023-07-02,0.2916,21788803.3968
2023-07-03,0.2967,21240957.51531
2023-07-04,0.2924,31411260.2062
2023-07-05,0.2839,30175657.29956
2023-07-06,0.2784,40236560.177279994
2023-07-07,0.2844,28490823.81576
2023-07-08,0.2907,30873075.005880002
2023-07-09,0.2844,27004787.913599998
2023-07-10,0.2878,35139519.85214
2023-07-11,0.2927,28850206.001250003
2023-07-12,0.289,22520621.138299998
2023-07-13,0.3567,181546223.36955002
2023-07-14,0.3277,112940466.90258999
2023-07-15,0.326,28513232.117200002
2023-07-16,0.3146,41823603.31578
2023-07-17,0.3118,37874793.807160005
2023-07-18,0.3095,46868279.05375
2023-07-19,0.3226,69440887.94524
2023-07-20,0.3161,52769236.04766999
2023-07-21,0.3127,21990594.541419998
2023-07-22,0.31,18133777.763
2023-07-23,0.3171,15991110.22824
2023-07-24,0.3053,30605927.316220004
2023-07-25,0.3037,18826190.194700003
2023-07-26,0.3069,27872173.4049
2023-07-27,0.3077,17969060.722979996
2023-07-28,0.3099,14440617.03429
2023-07-29,0.313,18176673.407
2023-07-30,0.3156,19182940.5888
2023-07-31,0.307,21541613.638199996
2023-08-01,0.3103,27250591.33483
2023-08-02,0.2993,20452397.26734
2023-08-03,0.2922,29097735.542940002
2023-08-04,0.2935,15076254.03445
2023-08-05,0.2938,8804366.56242
2023-08-06,0.2923,8226589.9974
2023-08-07,0.291,20153653.896599997
2023-08-08,0.2974,29132016.228260003
2023-08-09,0.3013,16782847.57799
2023-08-10,0.2965,14925777.8594
2023-08-11,0.2933,8908474.10768
2023-08-12,0.2919,10445520.56583
2023-08-13,0.2894,14399476.63492
2023-08-14,0.2906,11606702.383720001
2023-08-15,0.282,19212156.0096
2023-08-16,0.2747,30780590.78224
2023-08-17,0.2553,46725141.58983
2023-08-18,0.264,33567915.6648
2023-08-19,0.2688,14859196.907519998
2023-08-20,0.2703,10731296.7993
2023-08-21,0.2628,15769722.83796
2023-08-22,0.2588,21024138.62796
2023-08-23,0.2681,18762727.049009997
2023-08-24,0.2659,13222837.904210001
2023-08-25,0.2612,29576464.24936
2023-08-26,0.261,12326063.256000001
2023-08-27,0.2634,13144437.319740001
2023-08-28,0.2676,14700503.66976
2023-08-29,0.2726,40339213.03574
2023-08-30,0.2654,27090587.374720003
2023-08-31,0.2554,23735622.82882
2023-09-01,0.2551,15970695.039539998
2023-09-02,0.2562,5610282.2034
2023-09-03,0.2559,8450943.55056
2023-09-04,0.2561,10412382.804849999
2023-09-05,0.2578,10540886.10586
2023-09-06,0.2577,14858050.82682
2023-09-07,0.2579,16505208.97202
2023-09-08,0.2544,13889097.082560001
2023-09-09,0.2533,4590109.05347
2023-09-10,0.249,20533423.1034
2023-09-11,0.2421,18024089.68134
2023-09-12,0.2455,13738953.300449999
2023-09-13,0.2487,10464027.43104
2023-09-14,0.2513,12391044.309840001
2023-09-15,0.2505,17224964.4666
2023-09-16,0.2503,8704727.42813
2023-09-17,0.2471,10420368.03507
2023-09-18,0.2516,18057505.50336
2023-09-19,0.2548,13495880.430760002
2023-09-20,0.2517,13376868.336
2023-09-21,0.2449,14292682.8598
2023-09-22,0.2449,18107635.72836
2023-09-23,0.2461,6307794.12044
2023-09-24,0.2427,6701303.47776
2023-09-25,0.2459,9636204.01231
2023-09-26,0.2455,6959125.8975
2023-09-27,0.2446,9567487.466920001
2023-09-28,0.2489,12362731.97904
2023-09-29,0.2494,22021290.305480003
2023-09-30,0.254,10551622.610199999
2023-10-01,0.2659,20974428.757360004
2023-10-02,0.2591,23692302.03013
2023-10-03,0.261,15259296.800700001
2023-10-04,0.2589,16469506.80045
2023-10-05,0.2602,12893604.39574
2023-10-06,0.2646,11551235.66856
2023-10-07,0.2587,13458922.033959998
2023-10-08,0.2563,6834552.237259999
2023-10-09,0.2513,18996436.764760002
2023-10-10,0.249,16015908.357900001
2023-10-11,0.2481,19506472.362749998
2023-10-12,0.246,8610221.4
2023-10-13,0.2458,8731470.3196
2023-10-14,0.247,4828885.5186
2023-10-15,0.2473,5760752.8489
2023-10-16,0.2513,22381694.968570005
2023-10-17,0.2463,11044557.72867
2023-10-18,0.243,8653519.656
2023-10-19,0.2469,11743173.42327
2023-10-20,0.2512,17322428.981919996
2023-10-21,0.2586,19314200.9472
2023-10-22,0.2639,15586845.273090001
2023-10-23,0.2807,38796569.50589
2023-10-24,0.2792,47779789.969680004
2023-10-25,0.2808,28278562.665599998
2023-10-26,0.2872,36287546.12912
2023-10-27,0.2893,17070365.55796
2023-10-28,0.2909,12565547.27074
2023-10-29,0.2954,13400435.0599
2023-10-30,0.3031,26903188.64387
2023-10-31,0.293,33972143.7776
2023-11-01,0.3071,44272168.87168
2023-11-02,0.323,65237720.347200006
2023-11-03,0.3292,44172376.114080004
2023-11-04,0.3278,20796521.452519998
2023-11-05,0.3419,44462970.59347
2023-11-06,0.3624,65185640.233679995
2023-11-07,0.3512,71960158.60008
2023-11-08,0.3577,40693677.43749
2023-11-09,0.3684,101596135.32215999
2023-11-10,0.3859,73858494.40906
2023-11-11,0.3844,75944026.63108
2023-11-12,0.3834,50518952.35704
2023-11-13,0.3568,61822285.07616
2023-11-14,0.3579,58084432.85237999
2023-11-15,0.3788,48466209.20240001
2023-11-16,0.3706,113847071.48566
2023-11-17,0.3671,52286071.31829
2023-11-18,0.3772,42327615.61096
2023-11-19,0.384,39130668.0192
2023-11-20,0.3804,50589920.457480006
2023-11-21,0.3566,60321744.11941999
2023-11-22,0.3805,35633024.31385
2023-11-23,0.3873,26404436.56497
2023-11-24,0.3862,42079213.25068
2023-11-25,0.3941,20548294.27357
2023-11-26,0.3873,24967320.72021
2023-11-27,0.3777,26691814.06155
2023-11-28,0.3858,30545478.350279994
2023-11-29,0.3816,26025319.805759996
2023-11-30,0.3759,22527858.71112
2023-12-01,0.3844,21654942.399
2023-12-02,0.3976,27290694.756079998
2023-12-03,0.3949,36284469.06832
2023-12-04,0.4068,72117801.33012
2023-12-05,0.4257,65463867.80505
2023-12-06,0.4429,119994749.91291
2023-12-07,0.4555,82212230.56985
2023-12-08,0.5454,280516524.83298
2023-12-09,0.5791,414729002.9231799
2023-12-10,0.5948,182869918.84496
2023-12-11,0.5507,222452534.73953998
2023-12-12,0.5784,201768237.15912002
2023-12-13,0.6675,329692720.599
2023-12-14,0.6433,222075197.51885998
2023-12-15,0.6004,144439275.15764
2023-12-16,0.6078,92607663.19445999
2023-12-17,0.5804,77305168.04012
2023-12-18,0.6021,122933852.9982
2023-12-19,0.5761,114556022.91580999
2023-12-20,0.5894,117237417.14132002
2023-12-21,0.6351,143722534.21269
2023-12-22,0.6226,133765566.91608001
2023-12-23,0.613,77405294.8721
2023-12-24,0.5919,128624833.6734
2023-12-25,0.6242,102140896.96476
2023-12-26,0.6087,135109024.00539
2023-12-27,0.6334,145092199.64562
2023-12-28,0.6158,197805756.94456
2023-12-29,0.6083,118717398.02229999
2023-12-30,0.6011,57741298.36724
2023-12-31,0.594,61889762.761199996
2024-01-01,0.6232,56724528.004480004
2024-01-02,0.605,97124082.044
2024-01-03,0.5569,178100302.66832
2024-01-04,0.5699,85457694.9512
2024-01-05,0.5414,82752202.75026
2024-01-06,0.5227,63225528.76828001
2024-01-07,0.4945,55269136.99605
2024-01-08,0.5412,116953219.98624
2024-01-09,0.5124,86556439.88124
2024-01-10,0.566,158237703.607
2024-01-11,0.582,167537851.01879996
2024-01-12,0.5476,86690145.08095999
2024-01-13,0.5491,40615037.05271
2024-01-14,0.5251,38930685.42397
2024-01-15,0.5276,33547723.517599996
2024-01-16,0.5356,39824010.1662
2024-01-17,0.5282,33769829.4626
2024-01-18,0.5026,46712282.0507
2024-01-19,0.5044,60491149.5448
2024-01-20,0.516,40993221.9576
2024-01-21,0.5032,27176776.13544
2024-01-22,0.4786,68848739.77000001
2024-01-23,0.4773,85610884.28691
2024-01-24,0.4765,44826459.93875
2024-01-25,0.4666,39974787.42682
2024-01-26,0.4849,51653840.55871
2024-01-27,0.4862,26919994.286900003
2024-01-28,0.4903,47622622.04225
2024-01-29,0.526,63646748.0246
2024-01-30,0.5136,67763367.48288
2024-01-31,0.4976,66180612.6536
2024-02-01,0.5078,49674707.64146
2024-02-02,0.5146,56250201.13444
2024-02-03,0.5124,32260674.588239998
2024-02-04,0.4934,28502199.216119997
2024-02-05,0.4944,36622334.46384
2024-02-06,0.4983,36960713.69991
2024-02-07,0.5022,90544493.30832
2024-02-08,0.5304,121254229.83024
2024-02-09,0.5407,83546413.5181
2024-02-10,0.5515,63896563.71955
2024-02-11,0.5414,86292951.82034
2024-02-12,0.5592,87283809.13103999
2024-02-13,0.5449,70161809.17896001
2024-02-14,0.5768,94649754.6092
2024-02-15,0.6087,141390086.51328
2024-02-16,0.5986,89137364.0787
2024-02-17,0.6096,78127801.53936
2024-02-18,0.6193,128661662.22679
2024-02-19,0.6308,107102084.88172
2024-02-20,0.6216,145305605.99184
2024-02-21,0.5988,79959102.37787999
2024-02-22,0.5858,75563385.3098
2024-02-23,0.5824,68402739.11744
2024-02-24,0.5969,56929466.78854
2024-02-25,0.5914,46162213.60392
2024-02-26,0.6191,105052525.52205
2024-02-27,0.6239,121402077.75006
2024-02-28,0.6287,223685960.69823
2024-02-29,0.6547,325124571.84663
2024-03-01,0.7195,163598828.23175
2024-03-02,0.7416,220808788.45560002
2024-03-03,0.7279,149585443.20857
2024-03-04,0.7701,311764001.29473
2024-03-05,0.6923,429720112.37134
2024-03-06,0.7349,217200865.76919
2024-03-07,0.7427,154445476.33459
2024-03-08,0.7228,156932110.42652
2024-03-09,0.7416,87167155.48488
2024-03-10,0.7166,89556121.74628
2024-03-11,0.7754,248616756.87398
2024-03-12,0.7481,169931750.6277
2024-03-13,0.7638,128739065.75244002
2024-03-14,0.7509,312394444.5246
2024-03-15,0.7274,249054054.79728
2024-03-16,0.6591,167245440.79503
2024-03-17,0.6814,128539228.74582002
2024-03-18,0.6603,128037918.63782999
2024-03-19,0.5864,205248512.71016
2024-03-20,0.6396,181062166.01459998
2024-03-21,0.6318,102436291.14732
2024-03-22,0.6147,85306876.61697
2024-03-23,0.6232,49591199.76488
2024-03-24,0.6468,52180352.68908
2024-03-25,0.6567,84848982.40598999
2024-03-26,0.665,85260769.46100001
2024-03-27,0.6478,91847983.68236
2024-03-28,0.6511,60469449.34808
2024-03-29,0.6643,86086565.38846
2024-03-30,0.6436,57535932.88447999
2024-03-31,0.6501,39876347.31399
2024-04-01,0.6212,97389072.41863999
2024-04-02,0.5807,112944079.86257
2024-04-03,0.5693,66674262.50889
2024-04-04,0.5831,78425823.21756
2024-04-05,0.5741,61288512.01366
2024-04-06,0.5836,29232418.835279997
2024-04-07,0.5892,42212526.13511999
2024-04-08,0.6137,69267377.40009001
2024-04-09,0.5912,83164663.09783998
2024-04-10,0.5862,85631770.19004
2024-04-11,0.5858,47414446.73568
2024-04-12,0.5027,224221307.33343
2024-04-13,0.4449,211409684.41944003
2024-04-14,0.4673,169283963.09049
2024-04-15,0.461,124425231.0453
2024-04-16,0.4583,78578974.44984001
2024-04-17,0.444,82773128.904
2024-04-18,0.458,60722427.302
2024-04-19,0.4682,99743809.34648
2024-04-20,0.5072,90048223.332
2024-04-21,0.4993,48516890.52684
2024-04-22,0.5167,56636090.505600005
2024-04-23,0.5,57480331.75
2024-04-24,0.4746,76223131.00668001
2024-04-25,0.4705,43250654.20504999
2024-04-26,0.4631,38478810.94101
2024-04-27,0.4675,44759564.61350001
2024-04-28,0.4603,29723747.988849998
2024-04-29,0.4571,34934788.0994
2024-04-30,0.4412,55632259.66031999
2024-05-01,0.4501,73727466.85646999
2024-05-02,0.4578,42837361.58352
2024-05-03,0.4673,45411333.98064
2024-05-04,0.4633,28612802.18892
2024-05-05,0.458,30156292.085
2024-05-06,0.4541,45797718.25429
2024-05-07,0.4414,38138521.36422
2024-05-08,0.4518,70219053.69102
2024-05-09,0.4635,39574154.0331
2024-05-10,0.4479,38571972.35208
2024-05-11,0.439,19450237.42
2024-05-12,0.4377,14737853.1633
2024-05-13,0.4368,47365651.96272001
2024-05-14,0.4285,33052276.75465
2024-05-15,0.4524,39787826.34684
2024-05-16,0.4597,43220641.364130005
2024-05-17,0.4824,52427396.83608
2024-05-18,0.482,22134577.8574
2024-05-19,0.4672,24691004.2112
2024-05-20,0.502,76504515.1652
2024-05-21,0.4946,69699236.81386
2024-05-22,0.4835,48728884.8149
2024-05-23,0.4656,76541041.19136
2024-05-24,0.4601,36349977.25948
2024-05-25,0.4623,24441986.52099
2024-05-26,0.4581,21945389.894279998
2024-05-27,0.4683,36150083.24403
2024-05-28,0.4576,47368102.22144
2024-05-29,0.4512,39021271.2768
2024-05-30,0.4465,39627980.7126
2024-05-31,0.447,28095761.333400004
2024-06-01,0.4499,14005796.22904
2024-06-02,0.4465,26505889.14775
2024-06-03,0.4573,34375961.430420004
2024-06-04,0.4615,28422516.6134
2024-06-05,0.4613,29073560.60301
2024-06-06,0.4582,27719499.7365
2024-06-07,0.4492,107673936.9338
2024-06-08,0.4368,38980883.23584
2024-06-09,0.4442,18770373.81324
2024-06-10,0.4406,38318728.78718
2024-06-11,0.422,58475417.058
2024-06-12,0.4378,53242436.40034
2024-06-13,0.421,46579370.535
2024-06-14,0.412,48172197.0608
2024-06-15,0.414,19536644.9718
2024-06-16,0.4168,15688740.95776
2024-06-17,0.4013,49771348.03427
2024-06-18,0.3837,82829974.3596
2024-06-19,0.3844,32605480.3156
2024-06-20,0.3844,31439450.85028
2024-06-21,0.376,28991292.1128
2024-06-22,0.3846,29576119.52328
2024-06-23,0.38,21505656.35
2024-06-24,0.3777,45074967.810779996
2024-06-25,0.3918,27466879.39332
2024-06-26,0.385,30920010.968
2024-06-27,0.3913,32709661.86397
2024-06-28,0.3858,35550485.09118
2024-06-29,0.3841,27126842.33388
2024-06-30,0.3924,20458226.515680004
2024-07-01,0.4032,28593291.565440003
2024-07-02,0.4184,28236856.106719997
2024-07-03,0.4069,40168700.83811
2024-07-04,0.3623,54133605.666990004
2024-07-05,0.3501,113181116.98536001
2024-07-06,0.3707,33704507.931049995
2024-07-07,0.3466,25802267.732359998
2024-07-08,0.3691,65991262.767799996
2024-07-09,0.3754,26839254.909
2024-07-10,0.3885,24614963.5746
2024-07-11,0.3959,34667987.779529996
2024-07-12,0.4165,42024085.4726
2024-07-13,0.4416,43336836.00576
2024-07-14,0.4317,43834993.01118
2024-07-15,0.4449,55864419.99804
2024-07-16,0.4381,55566233.83519
2024-07-17,0.4359,45909031.59
2024-07-18,0.4234,34135625.521960005
2024-07-19,0.439,35273271.8454
2024-07-20,0.4373,23673863.943830002
2024-07-21,0.4469,38148275.25267
2024-07-22,0.4262,33706468.117
2024-07-23,0.41,35281326.355
2024-07-24,0.4063,39491298.82566
2024-07-25,0.3948,38061159.2718
2024-07-26,0.4172,24689292.353320003
2024-07-27,0.4176,71577569.20176001
2024-07-28,0.4073,32849039.600089997
2024-07-29,0.4031,33856160.637609996
2024-07-30,0.4015,26718697.62815
2024-07-31,0.3882,24854697.43074
2024-08-01,0.3925,36575372.884500004
2024-08-02,0.3636,44543257.810559995
2024-08-03,0.3646,31902052.015979998
2024-08-04,0.3442,33560675.443
2024-08-05,0.3119,184679978.63958
2024-08-06,0.331,41502488.291
2024-08-07,0.3241,35028543.13336
2024-08-08,0.3516,38055928.36608
2024-08-09,0.3483,26371696.87746
2024-08-10,0.3457,11381819.33288
2024-08-11,0.3276,19026508.37724
2024-08-12,0.339,25730663.723100003
2024-08-13,0.34,15904847.114000002
2024-08-14,0.3352,17540691.12416
2024-08-15,0.3248,23939357.98352
2024-08-16,0.3301,29438887.48852
2024-08-17,0.3373,12669993.592489999
2024-08-18,0.3342,10493643.31956
2024-08-19,0.3367,20009944.40081
2024-08-20,0.3434,23203373.442719996
2024-08-21,0.3689,44524145.19854
2024-08-22,0.3763,28191720.165200002
2024-08-23,0.3912,40608493.506
2024-08-24,0.3935,27102198.227599997
2024-08-25,0.3849,24721507.42647
2024-08-26,0.3661,31357862.586749997
2024-08-27,0.3503,33433753.625570003
2024-08-28,0.3502,31846566.11484
2024-08-29,0.3578,28854975.03494
2024-08-30,0.3469,35786571.991519995
2024-08-31,0.345,9334831.979999999
2024-09-01,0.3311,21146068.16014
2024-09-02,0.3362,23692908.9644
2024-09-03,0.3185,24038706.409900002
2024-09-04,0.3231,38909273.26761
2024-09-05,0.3251,38027260.13632
2024-09-06,0.3148,41706556.629480004
2024-09-07,0.3253,14516772.57735
2024-09-08,0.339,24226894.979100004
2024-09-09,0.3435,27753996.003900003
2024-09-10,0.3431,17520394.56938
2024-09-11,0.3532,27106585.4784
2024-09-12,0.3564,29597442.7518
2024-09-13,0.3606,22228105.63272
2024-09-14,0.3539,14491504.34878
2024-09-15,0.3385,22969933.77855
2024-09-16,0.3303,21869196.75666
2024-09-17,0.3338,19685332.36934
2024-09-18,0.3441,24172154.908740003
2024-09-19,0.351,31164772.380299997
2024-09-20,0.3522,22540619.46228
2024-09-21,0.3584,14694104.10496
2024-09-22,0.3517,18680033.4248
2024-09-23,0.3637,29302587.31009
2024-09-24,0.3878,43421519.95243999
2024-09-25,0.3809,30732724.107410002
2024-09-26,0.4014,38449671.323939994
2024-09-27,0.4017,34946605.07988
2024-09-28,0.4006,22394331.825960003
2024-09-29,0.3975,16871882.372250002
2024-09-30,0.3733,30215852.197820004
2024-10-01,0.352,48527188.2656
2024-10-02,0.3432,36963900.2304
2024-10-03,0.3453,27559649.44311
2024-10-04,0.3517,21724836.22168
2024-10-05,0.351,13814029.1835
2024-10-06,0.3575,13385044.1725
2024-10-07,0.3512,26669412.324640002
2024-10-08,0.3448,18946384.65072
2024-10-09,0.3396,23616313.80996
2024-10-10,0.3396,17353389.0114
2024-10-11,0.3517,17273091.30283
2024-10-12,0.3532,11816288.65788
2024-10-13,0.3486,17611473.73482
2024-10-14,0.3643,33125558.30699
2024-10-15,0.3591,47994918.23637
2024-10-16,0.3521,25565029.872270003
2024-10-17,0.3432,38002727.6772
2024-10-18,0.3507,19762444.71243
2024-10-19,0.3513,14452688.002319999
2024-10-20,0.3649,21489399.86523
2024-10-21,0.3609,35206902.85473
2024-10-22,0.3645,33462288.1971
2024-10-23,0.3497,33896827.94589
2024-10-24,0.3465,32658471.152999997
2024-10-25,0.3261,51709992.599580005
2024-10-26,0.3337,28126902.39648
2024-10-27,0.3399,12606602.220959999
2024-10-28,0.3437,30687914.404
2024-10-29,0.3561,33389185.875390004
2024-10-30,0.355,33618910.877000004
2024-10-31,0.3418,31284907.41266
2024-11-01,0.3575,46611752.58025
2024-11-02,0.3482,27593238.843780003
2024-11-03,0.3341,34685002.57664
2024-11-04,0.3263,28925561.91252
2024-11-05,0.3336,26753040.791040003
2024-11-06,0.363,76350332.6124
2024-11-07,0.4065,86734992.19424999
2024-11-08,0.4447,212684831.0549
2024-11-09,0.4967,111977013.73381001
2024-11-10,0.5901,683683001.9168099
2024-11-11,0.6132,365710439.14776
2024-11-12,0.5709,397308421.67675996
2024-11-13,0.5783,348838457.32263005
2024-11-14,0.5792,203366441.41312003
2024-11-15,0.7071,624989304.5131199
2024-11-16,0.7416,839435523.7125599
2024-11-17,0.7026,333216998.59463996
2024-11-18,0.7325,324014876.4065
2024-11-19,0.7387,219399294.7261
2024-11-20,0.8003,583977655.1296
2024-11-21,0.8218,399971266.15586
2024-11-22,1.0175,1049415057.3197501
2024-11-23,1.0658,980284158.6008601
2024-11-24,1.0226,594495850.2228
2024-11-25,0.9435,475685509.4622
2024-11-26,0.9603,460169014.56471
2024-11-27,1.0116,387947648.99484
2024-11-28,1.0321,263030343.89095
2024-11-29,1.0755,377756172.69974995
2024-11-30,1.079,398755562.8368
2024-12-01,1.1496,428632597.19568
2024-12-02,1.2022,1042249399.1396799
2024-12-03,1.1914,955683155.5616801
2024-12-04,1.1871,455075867.75391006
2024-12-05,1.1597,479751827.92306
2024-12-06,1.2278,382812677.39805996
2024-12-07,1.2103,200205191.05587
2024-12-08,1.1936,305141653.68288
2024-12-09,1.0034,620633940.179
2024-12-10,1.0215,642394158.99795
2024-12-11,1.0868,393367668.96284
2024-12-12,1.1231,379625579.34686005
2024-12-13,1.1213,202166092.84201
2024-12-14,1.061,147331076.7593
2024-12-15,1.0996,153299729.29548
2024-12-16,1.0775,237615881.12674996
2024-12-17,1.0522,265711558.20828003
2024-12-18,0.9681,363978996.612
2024-12-19,0.8806,394273376.08106005
2024-12-20,0.9501,565107323.56551
2024-12-21,0.9052,262107959.89487997
2024-12-22,0.8834,207337467.30984
2024-12-23,0.9264,227880210.05328
2024-12-24,0.9358,154480534.41535997
2024-12-25,0.9176,87269448.84472
2024-12-26,0.8611,112868516.56603
2024-12-27,0.8771,118233292.95988001
2024-12-28,0.8895,70296407.22119999
2024-12-29,0.859,90968427.0213
2024-12-30,0.8615,145006553.6749
2024-12-31,0.8451,90726312.63374999
2025-01-01,0.9222,158490506.81406
2025-01-02,0.9612,187416879.5862
2025-01-03,1.0894,423152810.54045993
2025-01-04,1.0707,180915111.08382
2025-01-05,1.0911,187266404.39583
2025-01-06,1.0934,198338297.72526
2025-01-07,0.9892,361614760.53664
2025-01-08,0.9468,350127942.70211995
2025-01-09,0.9045,216499618.43955
2025-01-10,0.9303,193743932.20749003
2025-01-11,0.9955,145832398.3523
2025-01-12,0.9677,190193825.0072
2025-01-13,0.9444,272627483.46204
2025-01-14,0.9972,186644441.1636
2025-01-15,1.0755,413226249.60015
2025-01-16,1.0892,417435507.23447996
2025-01-17,1.133,313309526.01519996
2025-01-18,1.1045,283615697.90405
2025-01-19,0.993,556894849.4448
2025-01-20,1.0094,468662369.30296004
2025-01-21,1.0058,305097209.73116
2025-01-22,0.9827,145327886.46746
2025-01-23,0.9867,190008182.08515
2025-01-24,0.9712,120843432.76495999
2025-01-25,0.9766,55394370.03088
2025-01-26,0.953,69757617.0929
2025-01-27,0.9345,241054663.5651
2025-01-28,0.9169,114344052.67701001
2025-01-29,0.9399,127020238.08902998
2025-01-30,0.9595,83208932.77455
2025-01-31,0.9429,107319713.70707999
2025-02-01,0.8948,79086706.33384
2025-02-02,0.8052,274189704.65832
2025-02-03,0.812,1085604398.354
2025-02-04,0.7439,250101204.00312
2025-02-05,0.7325,127980842.92475002
2025-02-06,0.7052,132280462.07596001
2025-02-07,0.7072,145817699.46848002
2025-02-08,0.7005,74561227.77555
2025-02-09,0.6814,99465759.2809
2025-02-10,0.7121,120189609.07733999
2025-02-11,0.7781,283251363.83187
2025-02-12,0.7997,216986606.93721
2025-02-13,0.8107,120314959.8431
2025-02-14,0.7998,115875298.7313
2025-02-15,0.7811,56746477.42778
2025-02-16,0.7714,48329269.5179
2025-02-17,0.8089,156668563.56937
2025-02-18,0.7541,130511148.74878001
2025-02-19,0.7738,91741915.10484
2025-02-20,0.8036,98853727.59388
2025-02-21,0.7621,134228308.41136
2025-02-22,0.7734,54175760.94563999
2025-02-23,0.7697,52390761.65112
2025-02-24,0.6816,128040446.80511999
2025-02-25,0.6832,214948348.95184
2025-02-26,0.6474,122153413.17347999
2025-02-27,0.6451,76985005.60057999
2025-02-28,0.6328,163332281.87584
2025-03-01,0.6593,67146618.35519
2025-03-02,1.135,1659401110.2365
2025-03-03,0.8578,1209795199.04948
2025-03-04,0.9409,1037844481.3438399
2025-03-05,0.9741,666813236.16252
2025-03-06,0.9065,386811833.68765
2025-03-07,0.8181,646128804.9303
2025-03-08,0.8052,157629103.23072
2025-03-09,0.7215,246453122.88285
2025-03-10,0.6712,303470011.13192004
2025-03-11,0.7241,302940614.70256996
2025-03-12,0.736,200491550.60160002
2025-03-13,0.703,186213054.94559997
2025-03-14,0.7373,147993076.96879
2025-03-15,0.7468,100548049.12575999
2025-03-16,0.7049,117227724.42206
2025-03-17,0.7175,89539116.91025001
2025-03-18,0.7017,87142052.35347
2025-03-19,0.7436,151198885.26028
2025-03-20,0.718,117599762.3882
2025-03-21,0.705,70032992.27849999
2025-03-22,0.7014,40691486.7324
2025-03-23,0.7107,59550794.73504
2025-03-24,0.732,120700604.718
2025-03-25,0.7448,142783544.23368
2025-03-26,0.7287,121601003.35152
2025-03-27,0.7381,57847969.63649
2025-03-28,0.7062,99533766.94272
2025-03-29,0.6732,70250752.77264
2025-03-30,0.6612,48779521.272719994
2025-03-31,0.6618,83757394.03602001
2025-04-01,0.677,72008645.65550001
2025-04-02,0.64,107613675.904
2025-04-03,0.6508,74333773.22904
2025-04-04,0.6603,83492315.92005
2025-04-05,0.6547,28651582.80742
2025-04-06,0.5737,95358388.78163
2025-04-07,0.5864,245742640.90456
2025-04-08,0.5583,133421355.09372
2025-04-09,0.6315,206825763.2949
2025-04-10,0.6094,97260098.0098
2025-04-11,0.6239,95286602.89872001
2025-04-12,0.6595,76419180.18785
2025-04-13,0.6383,66645360.405779995
2025-04-14,0.6353,74774666.10455
2025-04-15,0.6091,87648793.67688
2025-04-16,0.6105,77395629.07560001
2025-04-17,0.6167,43257048.355780005
2025-04-18,0.6275,34935940.07475
2025-04-19,0.6282,26773606.838159997
2025-04-20,0.6202,31163087.31508
2025-04-21,0.6242,70985698.91586
2025-04-22,0.6794,97386116.9267
2025-04-23,0.6977,111362845.4802
2025-04-24,0.7219,123943241.86362001
2025-04-25,0.7135,107641753.68100001
2025-04-26,0.707,69686979.5748
2025-04-27,0.7032,57757582.26888001
2025-04-28,0.7056,104642727.90048
2025-04-29,0.6958,100669501.95035999
2025-04-30,0.6816,66440419.9872
2025-05-01,0.705,60581123.971499994
2025-05-02,0.6981,69542752.24104
2025-05-03,0.6995,87902001.64595
2025-05-04,0.6762,76972131.42401999
2025-05-05,0.6622,76568298.0678
2025-05-06,0.6789,55275782.25837
2025-05-07,0.6715,60097857.711899996
2025-05-08,0.7693,183855032.30997
2025-05-09,0.7774,173930210.66979998
2025-05-10,0.8406,149333463.29934
2025-05-11,0.8053,105822824.95355
2025-05-12,0.817,204402769.0326
2025-05-13,0.8299,141727600.17697
2025-05-14,0.7986,109590952.8219
2025-05-15,0.7624,138355837.75336
2025-05-16,0.7588,67858650.15468
2025-05-17,0.7427,94597071.34423001
2025-05-18,0.7596,104098134.58488001
2025-05-19,0.7425,90389533.608
2025-05-20,0.746,70467481.82440001
2025-05-21,0.7693,117058154.74737999
2025-05-22,0.8093,110122615.50177
2025-05-23,0.7471,170580419.611
2025-05-24,0.7467,54776197.352790006
2025-05-25,0.7598,61293665.862100005
2025-05-26,0.7604,60545681.2652
2025-05-27,0.7583,69109336.56093
2025-05-28,0.7476,56336362.7778
2025-05-29,0.7221,75438634.7454
2025-05-30,0.6889,120224887.78203999
2025-05-31,0.6858,76314871.35522
2025-06-01,0.6855,63173584.4265
2025-06-02,0.6896,50301084.487840004
2025-06-03,0.6837,51627772.22681999
2025-06-04,0.6654,47570661.41964
2025-06-05,0.6256,91112366.85856
2025-06-06,0.6554,65215353.11536
2025-06-07,0.6645,34988412.2235
2025-06-08,0.6703,49034175.51351
2025-06-09,0.7049,69920613.64148
2025-06-10,0.7167,105234888.80001001
2025-06-11,0.698,79307608.07
2025-06-12,0.6613,65531273.59473
2025-06-13,0.642,115758173.6514
2025-06-14,0.6247,36076544.81746
2025-06-15,0.6334,28291621.4353
2025-06-16,0.6303,62779236.53166
2025-06-17,0.609,67215515.6232
2025-06-18,0.6039,73039762.13292
2025-06-19,0.602,41724268.2514
2025-06-20,0.5774,81389220.33568
2025-06-21,0.5561,78380443.85432
2025-06-22,0.5419,137876893.12031
2025-06-23,0.5823,125159926.57803
2025-06-24,0.5875,87005213.955
2025-06-25,0.5671,60404435.95481
2025-06-26,0.5543,56446869.4473
2025-06-27,0.5587,45010068.95888
2025-06-28,0.5654,34078178.69984
2025-06-29,0.5773,59606905.232590005
2025-06-30,0.5722,64799130.775060005
2025-07-01,0.542,66439760.0402
2025-07-02,0.584,108262625.6472
2025-07-03,0.5992,67785402.87456
2025-07-04,0.5724,48538877.25204
2025-07-05,0.5755,20543512.0832
2025-07-06,0.5858,31888091.187119998
2025-07-07,0.5805,46140773.67045
2025-07-08,0.5884,42730335.556600004
2025-07-09,0.6227,92203317.46301001
2025-07-10,0.6775,106436719.63299999
2025-07-11,0.7094,299655807.4318
2025-07-12,0.7089,119306715.98168999
2025-07-13,0.7367,158429680.80014
2025-07-14,0.7352,174092440.5208
2025-07-15,0.7466,144689694.3104
2025-07-16,0.7644,148265456.85588
2025-07-17,0.8216,294835081.086
2025-07-18,0.8158,320565301.35994
2025-07-19,0.8298,92195951.23062
2025-07-20,0.858,193795362.8754
2025-07-21,0.8891,301498051.54046005
2025-07-22,0.9034,253612956.52947998
2025-07-23,0.816,228906985.3008
2025-07-24,0.806,242538704.8032
2025-07-25,0.8158,150791710.12438
2025-07-26,0.8198,85619401.01866
2025-07-27,0.832,96005298.688
2025-07-28,0.7932,139777970.83248
2025-07-29,0.7828,98782900.96064
2025-07-30,0.7634,137751542.7618
2025-07-31,0.7392,100395594.20351999
2025-08-01,0.7141,149138126.21710998
2025-08-02,0.6975,89902371.92625
2025-08-03,0.727,73116398.9191
2025-08-04,0.7549,82637729.73442
2025-08-05,0.7258,84271792.443
2025-08-06,0.7413,59764014.159779996
2025-08-07,0.7874,114431060.27127999
2025-08-08,0.7911,126195123.63924001
2025-08-09,0.8029,101953200.50201999
2025-08-10,0.8014,108655723.89998
2025-08-11,0.7728,152987636.46768
2025-08-12,0.8411,225871304.33348
2025-08-13,0.9042,263249291.6394
2025-08-14,0.9258,834955143.8957399
2025-08-15,0.9453,394841436.65591997
2025-08-16,0.9211,261172110.3599
2025-08-17,0.9609,226697649.09066
2025-08-18,0.9236,253729333.7574
2025-08-19,0.8464,305693685.53248
2025-08-20,0.8808,240276319.87895998
2025-08-21,0.8519,125490796.24235
2025-08-22,0.9314,347884746.81454
2025-08-23,0.9143,149226952.4347
2025-08-24,0.909,232277119.5105
2025-08-25,0.8371,249013220.2074
2025-08-26,0.8663,139176120.23304
2025-08-27,0.8509,134036497.94247001
2025-08-28,0.8576,113212962.4896
2025-08-29,0.8266,166430102.3084
2025-08-30,0.8224,67043876.6064
2025-08-31,0.8113,56859286.22857001
2025-09-01,0.8014,161323528.26424
2025-09-02,0.8349,118127452.63472998
2025-09-03,0.8366,71395333.9871
2025-09-04,0.8093,68863436.13925
2025-09-05,0.8307,107853442.89174
2025-09-06,0.8184,38114638.966800004
2025-09-07,0.8351,54096489.440699995
2025-09-08,0.8651,115405316.26535
2025-09-09,0.8652,161949808.34508
2025-09-10,0.8854,96467352.13581999
2025-09-11,0.8939,105525018.98393
2025-09-12,0.9169,134287905.9273
2025-09-13,0.9294,192970156.5324
2025-09-14,0.8879,94742324.17533
2025-09-15,0.8632,134049285.84111999
2025-09-16,0.8803,81047008.18989
2025-09-17,0.9138,141395392.70802
2025-09-18,0.9244,151266232.48687997
2025-09-19,0.8904,116493524.14056
2025-09-20,0.8931,47046855.318450004
2025-09-21,0.884,57122128.128
2025-09-22,0.8256,216437979.5808
2025-09-23,0.806,75082645.64320001
2025-09-24,0.8127,77901931.37223001
2025-09-25,0.7637,162010702.38143
2025-09-26,0.7919,81110238.79419
2025-09-27,0.7809,29911822.01325
2025-09-28,0.8086,49310315.02982
2025-09-29,0.8061,67718734.89807001
2025-09-30,0.8072,71645877.7476
2025-10-01,0.8508,112852017.11136
2025-10-02,0.8706,116780134.92390001
2025-10-03,0.8655,115658154.04095002
2025-10-04,0.8395,60169015.8985
2025-10-05,0.8371,125085386.81969
2025-10-06,0.8715,149531630.4636
2025-10-07,0.8198,140009953.06396
2025-10-08,0.8387,91935356.70486
2025-10-09,0.8152,102408726.7828
2025-10-10,0.6353,500108889.89616996
2025-10-11,0.6316,265104128.74132
2025-10-12,0.7,147564724.29999998
2025-10-13,0.7284,177336802.14192003
2025-10-14,0.6989,203402004.52964002
2025-10-15,0.6684,106994652.3546
2025-10-16,0.6453,129093914.38679999
2025-10-17,0.6245,167852881.24565
2025-10-18,0.6343,37667589.55517
2025-10-19,0.6528,71560221.27360001
2025-10-20,0.6625,95887018.78875
2025-10-21,0.6428,99085009.78204001
2025-10-22,0.6238,97071783.9535
2025-10-23,0.6428,60133209.264960006
2025-10-24,0.656,65185239.080000006
2025-10-25,0.6542,26571378.4116
2025-10-26,0.6812,62887101.641
2025-10-27,0.667,63446786.6062
2025-10-28,0.6459,75344932.50741
2025-10-29,0.6401,89145109.53130999
2025-10-30,0.6016,99060481.728
2025-10-31,0.6091,60589875.313
2025-11-01,0.6128,27382186.86384
2025-11-02,0.6106,32859649.901240002
2025-11-03,0.5528,131325784.84464
2025-11-04,0.5208,175499677.14552
2025-11-05,0.5453,90170623.57954001
2025-11-06,0.5318,64864415.56778
2025-11-07,0.5763,112344685.82802
2025-11-08,0.5688,56378859.897599995
2025-11-09,0.579,52904591.6343
2025-11-10,0.5928,60956339.28384
2025-11-11,0.5564,64378398.151080005
2025-11-12,0.5458,54247318.143939994
2025-11-13,0.5298,79292145.13338001
2025-11-14,0.4984,95096547.23408
2025-11-15,0.5036,54943831.962960005
2025-11-16,0.4845,84317603.1207
2025-11-17,0.4663,104475113.54268
2025-11-18,0.4752,92957266.116
2025-11-19,0.464,87701121.21440001
2025-11-20,0.4324,78541149.8368
2025-11-21,0.4091,184832734.03918
2025-11-22,0.4046,40004301.69036
2025-11-23,0.4085,46144749.2204
2025-11-24,0.4276,67076311.83944
2025-11-25,0.4218,49154806.5561
2025-11-26,0.4356,41246713.92204
2025-11-27,0.4331,30174153.00905
2025-11-28,0.4199,43149944.944860004
2025-11-29,0.4147,21300425.74231
2025-11-30,0.4143,25688940.3807
2025-12-01,0.3856,80733525.77408001
2025-12-02,0.4335,69498131.8272
2025-12-03,0.4499,58670200.80966
2025-12-04,0.4394,45499644.71962
2025-12-05,0.4157,40580558.42574
2025-12-06,0.4138,19646811.937960003
2025-12-07,0.4173,43590056.45319
2025-12-08,0.4328,45630623.92264
2025-12-09,0.4697,120389152.32344
2025-12-10,0.4536,85536950.21424
2025-12-11,0.4255,108512865.64805
2025-12-12,0.4091,59564128.013330005
2025-12-13,0.4105,17842178.522549998
2025-12-14,0.3963,37085010.46194
2025-12-15,0.3882,45298265.916719995
2025-12-16,0.3859,36340871.070080005
2025-12-17,0.3673,49548998.53406
2025-12-18,0.3514,54277876.6957
2025-12-19,0.3767,41907586.41013
2025-12-20,0.373,16807099.3548
2025-12-21,0.3662,29311295.00216
2025-12-22,0.3711,42682872.67764
2025-12-23,0.3628,31704951.197320003
2025-12-24,0.3566,28771476.530859996
2025-12-25,0.3434,40308895.456819996
2025-12-26,0.3496,41299713.31344
2025-12-27,0.37,27570454.576999996
2025-12-28,0.3688,33182209.13448
2025-12-29,0.3532,54229769.48484
2025-12-30,0.3514,33657752.9834
2025-12-31,0.3335,44037579.61925
2026-01-01,0.3565,37550682.6733
2026-01-02,0.3949,84158376.85353999
2026-01-03,0.3893,38379112.587189995
2026-01-04,0.4007,48381890.59785
2026-01-05,0.4211,76547663.31710999
2026-01-06,0.4194,79194801.61386
2026-01-07,0.4022,38799139.2116
2026-01-08,0.3956,44852206.80584
2026-01-09,0.3914,33104950.44358
2026-01-10,0.3886,14530001.03302
2026-01-11,0.391,27879735.2437
2026-01-12,0.3862,50264996.91611999
2026-01-13,0.4218,68175894.04848
2026-01-14,0.4143,61456293.739470005
2026-01-15,0.3936,54250028.43648001
2026-01-16,0.3955,41367733.108100004
2026-01-17,0.3973,20084855.490199998
2026-01-18,0.3758,29784977.970160004
2026-01-19,0.3703,95951376.99609001
2026-01-20,0.3507,61691483.91945
2026-01-21,0.3659,53837961.23335
2026-01-22,0.3594,25713133.15746
2026-01-23,0.3602,27147413.194040004
2026-01-24,0.3583,9437573.16371
2026-01-25,0.3391,38336177.31809001
2026-01-26,0.3521,32666030.77633
2026-01-27,0.3608,35233735.04904
2026-01-28,0.3583,32351542.37339
2026-01-29,0.3347,48497834.30091
2026-01-30,0.3208,55961048.58512
2026-01-31,0.2936,127973098.67912
2026-02-01,0.2858,52474001.02192
2026-02-02,0.2991,65235688.51659
2026-02-03,0.2917,52171471.701730005
2026-02-04,0.2864,49191326.26223999
2026-02-05,0.2455,114998111.4436
2026-02-06,0.2762,188903060.86165997
2026-02-07,0.2721,128505841.98222
2026-02-08,0.2701,72006612.69601999
2026-02-09,0.2699,45158925.66703999
2026-02-10,0.262,24608592.376199998
2026-02-11,0.2559,26837777.1006
2026-02-12,0.2643,29375889.042209998
2026-02-13,0.2728,27730339.11296
2026-02-14,0.295,33005690.998499997
2026-02-15,0.2818,40875137.17332
2026-02-16,0.2858,22022512.97246
2026-02-17,0.2811,21099658.11912
2026-02-18,0.2735,22062168.613400005
2026-02-19,0.2729,21053783.568819996
2026-02-20,0.2849,34979803.42472
2026-02-21,0.28,14150252.284
2026-02-22,0.2717,13658253.20002
2026-02-23,0.2623,32683837.912109997
2026-02-24,0.2587,23988985.884239998
2026-02-25,0.2971,97194587.09803998
2026-02-26,0.287,47059776.1011
2026-02-27,0.2776,29516202.75488
2026-02-28,0.281,54579287.933400005
2026-03-01,0.2735,41280393.698300004
2026-03-02,0.2771,41134913.50565
2026-03-03,0.2625,53137996.065
2026-03-04,0.2763,81788064.51213
2026-03-05,0.2692,39598109.353760004
2026-03-06,0.259,34091602.4274
2026-03-07,0.2544,25028871.18144
2026-03-08,0.2493,28149395.23242
2026-03-09,0.2552,35345117.187599994
2026-03-10,0.2621,49787113.057330005
2026-03-11,0.2626,38965980.64658
2026-03-12,0.2636,22688832.1242
2026-03-13,0.2656,51158338.45216
2026-03-14,0.2634,25722973.1202
2026-03-15,0.2702,23471699.12248
2026-03-16,0.2904,97383202.64376
2026-03-17,0.2891,45454427.723390006
2026-03-18,0.2742,40843403.0067
2026-03-19,0.2675,28559316.072000004
2026-03-20,0.2661,22649085.77349
2026-03-21,0.2574,17501488.856280003
2026-03-22,0.2506,28367278.73966
2026-03-23,0.2616,52393990.86551999
2026-03-24,0.2664,28392899.612400003
2026-03-25,0.2705,32642417.43665
2026-03-26,0.2547,37552629.09618
2026-03-27,0.2461,35839312.69962
2026-03-28,0.246,18024164.4798
2026-03-29,0.2398,29889603.35922
2026-03-30,0.2434,27361477.12822
2026-03-31,0.2418,34388226.101579994
2026-04-01,0.2484,36408026.502000004
2026-04-02,0.2394,46810662.49188
2026-04-03,0.2463,26350828.421729997
2026-04-04,0.2479,12467926.131240001
2026-04-05,0.2508,17182001.371920004
2026-04-06,0.2461,36380735.43133
2026-04-07,0.2627,44485432.77023
2026-04-08,0.2508,33870887.65896
2026-04-09,0.2541,22711944.95724
2026-04-10,0.2542,26190812.28688
2026-04-11,0.2495,33448227.95805
2026-04-12,0.2361,42917622.84378
2026-04-13,0.2486,37852514.35482
2026-04-14,0.2396,35061742.91748001
2026-04-15,0.246,31586206.2012
2026-04-16,0.2591,57640969.93012
2026-04-17,0.2586,54726077.36526
2026-04-18,0.2491,26018469.96545
2026-04-19,0.2424,32801022.50304
2026-04-20,0.2479,25467212.89773
2026-04-21,0.2499,26285940.641310003
2026-04-22,0.2484,31513296.6774
2026-04-23,0.2499,31589526.00825
2026-04-24,0.2503,17310682.796850003
2026-04-25,0.2503,19360835.531450003
2026-04-26,0.2522,15324713.560779998
2026-04-27,0.2482,26329550.24066
2026-04-28,0.2468,14944372.94328
2026-04-29,0.2446,38578500.9535
2026-04-30,0.2463,16596459.869849999
2026-05-01,0.2482,18323404.78646
2026-05-02,0.2501,11422543.290439999
2026-05-03,0.2495,14619733.7364
2026-05-04,0.2499,32812592.03607
2026-05-05,0.262,40915118.6238
2026-05-06,0.267,46193915.373
2026-05-07,0.2627,28608515.180630002
2026-05-08,0.2734,26632568.477799997
2026-05-09,0.2708,16247567.83028
2026-05-10,0.2824,39638365.70752
2026-05-11,0.2804,27176685.18848
2026-05-12,0.2711,26273257.14259
2026-05-13,0.2648,29317909.264
2026-05-14,0.2706,32382665.766659997
2026-05-15,0.2616,26883711.92664
2026-05-16,0.2551,19176179.70158
2026-05-17,0.2521,20955329.85455
2026-05-18,0.2516,28621537.356159996
2026-05-19,0.2482,19326137.03068
2026-05-20,0.2492,20739493.9402
2026-05-21,0.2507,26863268.531919997
2026-05-22,0.2424,32652283.051200002
2026-05-23,0.246,34169147.308800004
2026-05-24,0.2423,15082703.14498
2026-05-25,0.2437,17676327.72894
2026-05-26,0.2401,26349306.016880002
2026-05-27,0.2372,24932035.3092
2026-05-28,0.2349,32426350.9686
2026-05-29,0.2329,19567242.50942
2026-05-30,0.236,19280056.461999997
2026-05-31,0.2357,14891384.13217
2026-06-01,0.2311,28726190.32809
2026-06-02,0.213,50675816.978099994
2026-06-03,0.2004,49068934.74552
2026-06-04,0.1798,68314262.15786
2026-06-05,0.1567,88156992.63865
2026-06-06,0.1573,52086143.91409
2026-06-07,0.1653,41447066.76027
2026-06-08,0.1704,34066724.562
2026-06-09,0.1653,26996447.018640004
2026-06-10,0.1607,29912799.25707
2026-06-11,0.1707,31669382.016719997
2026-06-12,0.1697,28724520.400219996
2026-06-13,0.1718,18176715.18924
2026-06-14,0.183,27959178.705900002
2026-06-15,0.1786,45517669.662080005
2026-06-16,0.1724,26057147.69244
2026-06-17,0.1669,36266941.53432
2026-06-18,0.1637,20303071.19492
2026-06-19,0.1621,14089694.73321
2026-06-20,0.1633,11803173.32309
2026-06-21,0.1566,13277319.348959997
2026-06-22,0.1585,15986574.061
2026-06-23,0.1515,28998807.5565
2026-06-24,0.1477,42161460.04609
2026-06-25,0.1438,25024411.399120003
2026-06-26,0.1484,26675316.90012
2026-06-27,0.1453,13019647.184
2026-06-28,0.1438,8836629.19582
2026-06-29,0.1458,15290823.522240002
2026-06-30,0.1444,15284029.4798
2026-07-01,0.1539,39543967.36152001
2026-07-02,0.1615,26653196.60565
2026-07-03,0.1798,54430510.13249999
2026-07-04,0.1922,62151770.29538
2026-07-05,0.1895,36039120.70675
2026-07-06,0.1842,29159884.81512
2026-07-07,0.1746,20800560.11382
2026-07-08,0.1671,20782089.76077
2026-07-09,0.1666,19879486.15688
2026-07-10,0.1667,22057206.859259997
2026-07-11,0.1658,15366238.41856
2026-07-12,0.1621,12021780.8024
2026-07-13,0.1576,14246030.0992
2026-07-14,0.1656,20029711.842720002
2026-07-15,0.1651,18317007.943
2026-07-16,0.1609,13100013.14381
2026-07-17,0.1667,24731039.93561
2026-07-18,0.1667,13965653.72223
2026-07-19,0.1663,7052936.17893
2026-07-20,0.1698,23545074.135059997
2026-07-21,0.1737,23522202.11763
2026-07-22,0.1745,15613011.05115
2026-07-23,0.1685,10864869.13175
2026-07-24,0.164,9802238.2948
2026-07-25,0.1648,6002510.96032
2026-07-26,0.166,5714554.233
2026-07-27,0.1556,15677883.649199998
2026-07-28,0.162,19616826.8232
2026-07-29,0.1621,21216335.109479997
2026-07-30,0.1697,25066365.227489997
2026-07-31,0.1682,16726414.142339999
2026-08-01,0.1744,17260427.88896
2026-08-02,0.1895,46314490.2348
2026-08-03,0.1937,42539081.14014
2026-08-04,0.193,30039607.362
2026-08-05,0.1911,24660871.495259997
2026-08-06,0.2012,53879265.34704
2026-08-07,0.2008,25398109.54744
2026-08-08,0.1995,9851159.0982
2026-08-09,0.1945,11743575.09045
2026-08-10,0.191,13131307.9303
2026-08-11,0.1871,16076656.65315
2026-08-12,0.1826,12154815.106500002
2026-08-13,0.1825,10971128.974
2026-08-14,0.1802,10545138.216
2026-08-15,0.1765,5873709.770849999
2026-08-16,0.1749,9544914.2448
2026-08-17,0.1743,11188981.83249
2026-08-18,0.1746,9853586.02476
2026-08-19,0.1871,32988559.550719995
2026-08-20,0.199,46702385.0679
2026-08-21,0.2291,80755788.94982
2026-08-22,0.226,93101679.145
2026-08-23,0.227,42158824.1294
2026-08-24,0.2215,38613144.9865
2026-08-25,0.2091,32479857.46632
2026-08-26,0.2124,22740598.37484
2026-08-27,0.2138,26042719.17372
2026-08-28,0.2031,26357262.651779998
2026-08-29,0.2018,9408572.899360001
2026-08-30,0.1927,21423149.69461
2026-08-31,0.1978,19269558.882620003
2026-09-01,0.1967,19890242.865640003
2026-09-02,0.2012,19610022.36388
2026-09-03,0.2211,50637621.02883
2026-09-04,0.2113,46495573.305709995
2026-09-05,0.2183,33467591.97027
2026-09-06,0.2234,28977656.376679998
2026-09-07,0.2205,38351130.2181
2026-09-08,0.2195,47052462.88515
2026-09-09,0.2119,38938723.509270005
2026-09-10,0.2047,27593972.695669997
2026-09-11,0.2064,47752541.62512
2026-09-12,0.2074,13244801.09968
2026-09-13,0.2035,15009626.117749998
2026-09-14,0.2086,30088469.25672
2026-09-15,0.1954,34405391.1857
2026-09-16,0.1965,26658597.6081
2026-09-17,0.2026,23569952.82332
2026-09-18,0.2244,54914219.012399994
2026-09-19,0.2278,43147180.35148
2026-09-20,0.2279,33998592.77303
2026-09-21,0.2451,69360930.74085
2026-09-22,0.2543,77248176.18167
2026-09-23,0.2384,58039083.032800004
2026-09-24,0.2477,42556975.927710004
2026-09-25,0.2588,58218949.60231999
2026-09-26,0.254,41902375.097799994
2026-09-27,0.2551,28669176.537609998
