time,PriceUSD,volume_reported_spot_usd_1d
2017-11-06,1.571,189486.69913999998
2017-11-07,1.8,241433.51400000002
2017-11-08,1.9889,690725.5981139999
2017-11-09,1.99,571204.028
2017-11-10,1.7133,830366.09337
2017-11-11,1.655,428377.50235
2017-11-12,1.49,681167.9828
2017-11-13,1.68,280174.8264
2017-11-14,1.5911,282016.826595
2017-11-15,1.5532,462291.869688
2017-11-16,1.5599,308906.466634
2017-11-17,1.5041,630889.600978
2017-11-18,1.6699,287389.556214
2017-11-19,1.6,287522.592
2017-11-20,1.64,261968.9424
2017-11-21,1.5874,656306.355138
2017-11-22,1.6158,317436.222396
2017-11-23,1.57,289599.8293
2017-11-24,1.7292,1113982.768536
2017-11-25,1.87,889078.5596
2017-11-26,1.8388,356113.518888
2017-11-27,1.9532,938894.8998359999
2017-11-28,1.9249,692032.232906
2017-11-29,1.7565,1643625.992625
2017-11-30,1.95,1458830.2170000002
2017-12-01,2.0527,659853.3059560001
2017-12-02,2.0797,501521.06919599994
2017-12-03,2.2617,782563.1272199999
2017-12-04,2.55,981644.1494999999
2017-12-05,2.612,1119648.08764
2017-12-06,2.5134,953422.172442
2017-12-07,2.6625,1420471.5731249999
2017-12-08,2.79,1812954.1365
2017-12-09,2.65,1266239.3239999998
2017-12-10,2.4619,1384245.5458230001
2017-12-11,2.687,1025374.1128499999
2017-12-12,2.5547,1384304.865824
2017-12-13,2.719,1909136.14317
2017-12-14,3.1519,3147134.6108709997
2017-12-15,4.12,3788645.6216
2017-12-16,4.6378,3597109.1706620003
2017-12-17,5.999,9332416.57796
2017-12-18,6.0,8581026.42
2017-12-19,5.6999,10173583.533947
2017-12-20,5.1502,7196385.01791
2017-12-21,5.1596,5141792.982096001
2017-12-22,4.2912,6863652.787392
2017-12-23,4.4,4243802.728
2017-12-24,5.181,5425061.10795
2017-12-25,6.4631,9571085.86896
2017-12-26,9.254,28517688.30288
2017-12-27,10.0731,28719145.652382
2017-12-28,9.25,23987437.3475
2017-12-29,8.7094,12206793.085102001
2017-12-30,7.5947,12518382.059447
2017-12-31,8.53,10996996.699499998
2018-01-01,8.45,5529163.197999999
2018-01-02,8.715,11003850.255299998
2018-01-03,9.304,8814541.2156
2018-01-04,9.143,8818377.23642
2018-01-05,14.8908,41172720.107232004
2018-01-06,22.6,70749011.172
2018-01-07,18.594,28704756.92706
2018-01-08,17.9971,38011048.970862
2018-01-09,17.399,22780127.052050002
2018-01-10,17.5,20521395.125
2018-01-11,21.2024,75106678.476392
2018-01-12,22.1999,64431621.580163
2018-01-13,22.0246,23796604.830466
2018-01-14,20.4541,28310178.840153
2018-01-15,19.3396,44259772.509092
2018-01-16,13.1996,131117321.76742
2018-01-17,14.1998,141596105.47456598
2018-01-18,14.1397,94725418.73608899
2018-01-19,14.9447,44894927.46959899
2018-01-20,16.1712,42322299.704495996
2018-01-21,14.1334,46899756.429556
2018-01-22,12.91,37092893.6153
2018-01-23,13.1022,30604537.506311998
2018-01-24,13.8,26871177.288000003
2018-01-25,13.1905,18831325.651025
2018-01-26,13.1344,23495413.123264
2018-01-27,13.3994,13303974.698966
2018-01-28,13.7739,18972196.03041
2018-01-29,12.815,10994670.386149999
2018-01-30,11.4749,15176009.197044
2018-01-31,11.3131,10714812.136788
2018-02-01,9.5138,20635584.515938
2018-02-02,9.7484,39221286.652404
2018-02-03,9.7252,22843733.511344
2018-02-04,8.3511,16833134.976147
2018-02-05,6.7315,21054768.60199
2018-02-06,8.263,50890956.57381
2018-02-07,8.0647,35559621.869926
2018-02-08,8.2791,761565.349359
2018-02-09,9.86,23729473.851
2018-02-10,9.2448,30962172.92256
2018-02-11,8.674,26210507.531519998
2018-02-12,9.3389,17860294.920582
2018-02-13,9.016,12314512.25536
2018-02-14,10.4096,26733702.273631997
2018-02-15,10.8661,46029030.178642
2018-02-16,11.25,22151103.075
2018-02-17,11.66,26567463.912000004
2018-02-18,10.6631,23287252.320465
2018-02-19,11.0601,14784644.307303
2018-02-20,9.8888,23312860.635424
2018-02-21,9.3799,21362215.078807
2018-02-22,8.86,15884021.4084
2018-02-23,9.693,15717679.20657
2018-02-24,9.0873,12330087.102225002
2018-02-25,9.35,8311898.1110000005
2018-02-26,9.9199,12560210.839695001
2018-02-27,10.56,25103502.1248
2018-02-28,10.4536,16834091.388552
2018-03-01,10.4768,12832345.880064001
2018-03-02,10.2348,7268739.300756
2018-03-03,10.2399,6515451.866319001
2018-03-04,10.4139,6159818.205135
2018-03-05,10.0847,4713485.613519
2018-03-06,9.3899,8826456.23353
2018-03-07,9.0405,26494370.09793
2018-03-08,8.2703,15537227.520686002
2018-03-09,8.2807,16144157.636469
2018-03-10,7.65,16932459.433500003
2018-03-11,8.268,21998252.9598
2018-03-12,8.034,20324892.58878
2018-03-13,10.2188,73860102.36572799
2018-03-14,8.9243,45997043.589266
2018-03-15,9.1047,38916754.29321899
2018-03-16,9.0645,36678857.755335
2018-03-17,8.9231,35256946.206137
2018-03-18,8.9648,35496854.348592
2018-03-19,9.035,35307295.5495
2018-03-20,9.1618,35971144.82283
2018-03-21,9.9777,49482480.546987
2018-03-22,10.0806,47469973.22066401
2018-03-23,11.7397,64695557.98468699
2018-03-24,13.2398,111767046.29973401
2018-03-25,12.95,79970227.85149999
2018-03-26,12.05,66112231.37150001
2018-03-27,11.5404,47053748.855832
2018-03-28,11.6888,37630155.93472
2018-03-29,10.1877,36697669.909035
2018-03-30,10.3955,39453598.613565005
2018-03-31,11.051,46165930.55471
2018-04-01,11.0767,45367916.956007004
2018-04-02,12.5996,56788352.153936006
2018-04-03,13.305,68518398.20820001
2018-04-04,12.21,62427540.624900006
2018-04-05,12.4888,53644923.417991996
2018-04-06,12.2599,38641214.527834
2018-04-07,12.5,40710423.875
2018-04-08,12.1311,37427170.328658
2018-04-09,11.8888,35798288.99724
2018-04-10,12.0904,41704535.202904
2018-04-11,12.33,41849822.1528
2018-04-12,13.0087,63601786.496231
2018-04-13,13.52,72196467.6784
2018-04-14,13.2888,46791578.789424
2018-04-15,13.0989,50495913.820029
2018-04-16,12.2342,33148741.928874
2018-04-17,11.777,28789006.047
2018-04-18,12.2999,33695137.558565
2018-04-19,12.361,29679856.80265
2018-04-20,12.5858,34452788.404714
2018-04-21,13.3302,60732885.61711799
2018-04-22,12.8888,33052440.335008003
2018-04-23,13.645,60697333.90475
2018-04-24,15.0895,72031703.616445
2018-04-25,13.3999,69657292.847577
2018-04-26,14.63,61781028.1704
2018-04-27,14.2396,41096258.098299995
2018-04-28,15.2011,57523840.424263
2018-04-29,15.0489,42576467.217777
2018-04-30,14.3291,29563159.898849
2018-05-01,14.1711,28165724.174057998
2018-05-02,14.439,30282487.3056
2018-05-03,14.6999,36786928.399084
2018-05-04,14.3622,26938166.866632
2018-05-05,14.4468,27120183.643872
2018-05-06,14.012,29415552.738
2018-05-07,13.71,22640716.4844
2018-05-08,13.4981,19434011.092881
2018-05-09,14.6417,38082925.53219
2018-05-10,13.7957,22818036.75591
2018-05-11,12.9884,20362758.796116002
2018-05-12,12.9319,16451165.540408002
2018-05-13,13.1515,24723754.070925
2018-05-14,12.8388,19814038.642008
2018-05-15,12.5389,16110888.542584
2018-05-16,12.2901,13215389.67474
2018-05-17,12.3777,21217439.058381002
2018-05-18,15.1363,85248695.540569
2018-05-19,14.33,48549350.153799996
2018-05-20,14.1666,34158200.91310201
2018-05-21,14.6996,37428624.687308
2018-05-22,13.888,32789976.862719998
2018-05-23,12.4998,27692366.040054
2018-05-24,13.0288,20535734.374864
2018-05-25,13.0129,17133279.671232
2018-05-26,12.7888,15548885.466176001
2018-05-27,12.6046,13507739.631314
2018-05-28,11.9179,11165022.778737
2018-05-29,12.6073,18527441.355139
2018-05-30,12.6199,16400782.539713
2018-05-31,14.2,38700638.677999996
2018-06-01,14.2888,33157919.563943997
2018-06-02,14.6732,34614025.97648
2018-06-03,14.6995,32885998.92656
2018-06-04,14.2636,22469315.71534
2018-06-05,15.6156,40719069.286896005
2018-06-06,17.275,66790709.09499999
2018-06-07,16.2791,52885180.261664
2018-06-08,16.2292,41170860.520243995
2018-06-09,16.0188,37402491.228984
2018-06-10,14.18,36572398.757
2018-06-11,15.47,38247586.64090001
2018-06-12,15.2263,53065981.469588
2018-06-13,14.5888,45931520.01491201
2018-06-14,14.867,40037950.03909
2018-06-15,14.9895,38565712.29096
2018-06-16,15.7602,38648170.777596
2018-06-17,16.5987,53755998.74316
2018-06-18,16.8111,47864887.029342
2018-06-19,16.7556,35488454.296248004
2018-06-20,16.0773,31373047.880805004
2018-06-21,17.0727,60829478.139609
2018-06-22,15.56,52333087.7288
2018-06-23,15.6398,32906666.261260003
2018-06-24,14.4174,55710509.766924
2018-06-25,14.92,33843012.128
2018-06-26,14.0525,19674818.6866
2018-06-27,14.0737,21486962.36546
2018-06-28,14.206,33896495.92988
2018-06-29,14.5399,26189606.514271
2018-06-30,14.6851,31732574.121177997
2018-07-01,14.37,17436722.3928
2018-07-02,14.5968,27666277.552991997
2018-07-03,14.1639,25262295.366963
2018-07-04,14.0212,15107234.479920002
2018-07-05,13.76,16064342.48
2018-07-06,13.4366,12866684.864242
2018-07-07,14.16,35536754.164799996
2018-07-08,14.01,25058981.4564
2018-07-09,13.5348,14509409.547264
2018-07-10,12.77,16192833.5116
2018-07-11,12.697,21289363.485269997
2018-07-12,12.1318,12830139.891768001
2018-07-13,12.1803,13452318.814341001
2018-07-14,12.0595,8447329.421525
2018-07-15,12.321,12052219.972409999
2018-07-16,13.3471,22535901.118146
2018-07-17,13.7398,33528872.033668004
2018-07-18,12.8574,32138292.110130005
2018-07-19,12.955,21504372.9402
2018-07-20,12.0798,18129007.365102
2018-07-21,12.1959,11732482.021185
2018-07-22,12.1885,8740751.1935
2018-07-23,12.0348,10182407.314788
2018-07-24,12.1469,17857526.834291
2018-07-25,13.0048,31043444.794368
2018-07-26,13.3283,27296874.20521
2018-07-27,13.9919,26146833.111828
2018-07-28,14.669,32147495.48076
2018-07-29,13.9569,22715383.716509998
2018-07-30,13.1666,15988359.06254
2018-07-31,13.8369,26407302.731502
2018-08-01,13.6666,19627407.582748003
2018-08-02,14.15,17267887.976
2018-08-03,14.1251,24240172.250624
2018-08-04,13.8663,23230609.243506003
2018-08-05,13.64,16115973.4472
2018-08-06,13.6998,19202368.783356
2018-08-07,13.1488,14973548.782304
2018-08-08,12.1489,17954015.690384
2018-08-09,12.7654,17770515.348646
2018-08-10,12.1472,16055548.602495998
2018-08-11,11.6972,11126453.958492
2018-08-12,11.7999,9766090.47582
2018-08-13,10.2576,12958538.9136
2018-08-14,9.3999,16718916.125298
2018-08-15,9.5049,19548757.105092
2018-08-16,9.7888,9935812.799136
2018-08-17,10.88,14618699.0784
2018-08-18,9.8807,11162297.239390997
2018-08-19,10.1388,9131609.478852
2018-08-20,9.6377,6507231.052762001
2018-08-21,9.7399,4548714.169943
2018-08-22,9.5888,8955028.74344
2018-08-23,9.7587,6368282.188695
2018-08-24,10.2038,7981585.2123719985
2018-08-25,10.1058,6866972.95698
2018-08-26,10.2158,7598805.029144
2018-08-27,11.1888,17011605.477888
2018-08-28,11.5188,17830321.886112
2018-08-29,11.1888,12892601.149344
2018-08-30,10.7899,8143704.862941999
2018-08-31,10.9899,9048252.603762
2018-09-01,11.48,11987648.2404
2018-09-02,11.3684,8058885.619268
2018-09-03,11.3294,7265343.916207999
2018-09-04,11.4217,7196448.7035529995
2018-09-05,9.9664,11750767.213456001
2018-09-06,10.2888,8866124.205264
2018-09-07,9.9401,5406815.906579
2018-09-08,9.5224,5629377.966832
2018-09-09,9.5399,5502326.310419
2018-09-10,9.508,3901172.6188399997
2018-09-11,9.3688,7275915.385312
2018-09-12,9.2081,6606757.330128999
2018-09-13,9.5911,9786928.298381
2018-09-14,9.9268,10584187.737604
2018-09-15,10.0999,11222778.299283
2018-09-16,9.9399,7916696.175167999
2018-09-17,9.3626,8064217.102240001
2018-09-18,9.5599,8539135.081169002
2018-09-19,9.6399,9452948.310153
2018-09-20,10.0388,11247003.209980002
2018-09-21,10.48,15039561.0576
2018-09-22,10.2911,8817045.646976
2018-09-23,10.2907,8869909.256243
2018-09-24,10.0588,7221060.933884
2018-09-25,9.8745,6621059.120774999
2018-09-26,9.712,6449237.47808
2018-09-27,10.0599,11042832.206205001
2018-09-28,9.9911,10224636.567305999
2018-09-29,10.0118,10348327.834816
2018-09-30,10.0172,10098195.473008001
2018-10-01,9.9811,9469819.15061
2018-10-02,10.3711,17175136.278874002
2018-10-03,10.3136,15630601.973888
2018-10-04,10.2982,14382292.595329998
2018-10-05,10.6756,17357335.2706
2018-10-06,10.4289,12751961.670048002
2018-10-07,10.5852,13626555.5418
2018-10-08,10.5911,13147018.177878002
2018-10-09,10.4113,11053563.102152001
2018-10-10,10.3614,10619722.65375
2018-10-11,9.3599,9514721.450707
2018-10-12,9.5551,9939714.560628
2018-10-13,9.681,10269391.237139998
2018-10-14,9.5895,9239081.258159999
2018-10-15,10.5655,24731778.502805002
2018-10-16,10.2771,13154675.770251002
2018-10-17,10.2338,14358180.637928002
2018-10-18,9.922,12528454.23368
2018-10-19,9.9001,10947824.216966
2018-10-20,9.9365,11615238.188995
2018-10-21,9.9311,11861198.658723
2018-10-22,9.8932,10264711.523971999
2018-10-23,9.9298,12086740.531113999
2018-10-24,9.8837,10297507.489978999
2018-10-25,9.8056,9855946.068752
2018-10-26,9.8296,10059496.355832
2018-10-27,9.7331,8316913.121166
2018-10-28,9.7207,8154830.542144001
2018-10-29,9.445,7450844.753649999
2018-10-30,9.4521,6803136.309186
2018-10-31,9.4807,6703438.816313
2018-11-01,9.6192,7609859.548415999
2018-11-02,9.6421,8204728.047749999
2018-11-03,9.5889,7791840.511329001
2018-11-04,9.819,9176634.1467
2018-11-05,9.7333,8143374.302303
2018-11-06,9.881,8766658.56542
2018-11-07,9.897,8561613.22932
2018-11-08,9.686,7738953.599839999
2018-11-09,9.6141,7075741.573845
2018-11-10,9.5898,7502177.641992001
2018-11-11,9.5611,7222495.1922309995
2018-11-12,9.4862,6861972.0669060005
2018-11-13,9.3936,6187897.417055999
2018-11-14,8.6811,5839003.872966001
2018-11-15,8.3793,6888162.50643
2018-11-16,8.01,7223756.422499999
2018-11-17,7.8494,5909557.919017999
2018-11-18,8.0832,4889040.6672
2018-11-19,6.6844,7033473.271552
2018-11-20,5.92,9619092.1088
2018-11-21,6.2894,5300274.930054
2018-11-22,5.77,3637246.8438999993
2018-11-23,5.6611,3388490.4665900003
2018-11-24,5.193,4765617.190529999
2018-11-25,5.2873,5307881.714091
2018-11-26,5.0631,4316390.822247
2018-11-27,4.984,3497567.40424
2018-11-28,5.3499,6124655.39832
2018-11-29,5.3805,5479086.847695
2018-11-30,5.115,3627987.7623
2018-12-01,5.2899,4895212.202958001
2018-12-02,5.2888,4513100.218968
2018-12-03,5.1266,3455243.1959079998
2018-12-04,5.902,13211568.924320001
2018-12-05,6.0727,25555426.293606002
2018-12-06,4.9023,14868846.352971
2018-12-07,4.516,10161941.721479999
2018-12-08,4.6361,5845151.764269999
2018-12-09,4.7693,7180360.666452
2018-12-10,4.6276,4296707.39546
2018-12-11,4.8973,6033955.6412390005
2018-12-12,4.9815,5960625.232635
2018-12-13,4.6384,4653225.161312
2018-12-14,4.5211,4281193.208609
2018-12-15,4.5531,4415748.635663999
2018-12-16,4.616,4937106.362319999
2018-12-17,5.065,7633736.884050001
2018-12-18,5.5308,10546446.022992
2018-12-19,5.3633,9685544.639708
2018-12-20,5.6766,12263173.795925999
2018-12-21,5.4766,8720186.121884001
2018-12-22,5.8398,10366898.162682
2018-12-23,5.959,11191902.583669998
2018-12-24,6.0979,12551828.696534
2018-12-25,5.45,7867168.849
2018-12-26,5.6029,7569923.998192
2018-12-27,5.1791,5950471.891167001
2018-12-28,5.8811,8851239.225564
2018-12-29,5.66,6978069.387
2018-12-30,5.8939,8217517.560351001
2018-12-31,6.1111,14598802.084453002
2019-01-01,5.991,8464768.85238
2019-01-02,6.051,12889398.477
2019-01-03,5.7979,8840211.020623
2019-01-04,5.9692,9893601.234408
2019-01-05,5.9625,9756349.252875
2019-01-06,6.2688,15742845.401376
2019-01-07,6.2009,10441439.288811998
2019-01-08,6.5128,25705406.856808
2019-01-09,6.5511,27302716.088558998
2019-01-10,5.8449,19573342.846347
2019-01-11,5.9595,15255907.662195
2019-01-12,5.8594,10214805.165014
2019-01-13,5.4688,7769480.6830400005
2019-01-14,6.0583,14116883.935584
2019-01-15,5.8111,7942118.989275
2019-01-16,6.0911,13185038.094889998
2019-01-17,6.3266,14628919.615884002
2019-01-18,6.4867,16187217.481974002
2019-01-19,6.5199,14796508.685802
2019-01-20,6.4008,11383035.053544
2019-01-21,6.4724,11980726.246676
2019-01-22,6.4736,12006131.149600001
2019-01-23,6.4969,12530601.695368
2019-01-24,6.4588,9780689.434708
2019-01-25,6.6899,17281037.796862
2019-01-26,6.9463,18995554.186793
2019-01-27,7.0396,19548178.512128003
2019-01-28,6.1648,30521836.581712
2019-01-29,6.1661,18295788.997496
2019-01-30,6.1388,13743616.588691998
2019-01-31,6.22,14088230.709199999
2019-02-01,6.5229,19196018.544072002
2019-02-02,6.8655,22322233.77498
2019-02-03,6.7887,21011353.443792
2019-02-04,7.1069,23501575.285439003
2019-02-05,7.8665,32682408.144095004
2019-02-06,8.1303,47297140.226328
2019-02-07,7.81,34010931.768
2019-02-08,8.5972,42644560.826448
2019-02-09,8.9051,48444199.139661
2019-02-10,9.1697,52729828.557582
2019-02-11,9.5288,57564777.383816004
2019-02-12,9.2765,45874439.63869
2019-02-13,8.9103,35691080.750429995
2019-02-14,8.7655,24573115.132654995
2019-02-15,9.2911,30902226.844944
2019-02-16,9.1087,22763428.29168
2019-02-17,9.22,22682940.8282
2019-02-18,9.6127,27011539.445055
2019-02-19,10.4728,51263993.431664
2019-02-20,10.9211,47470866.266577
2019-02-21,10.4661,32204430.315639004
2019-02-22,10.7576,32687051.078975998
2019-02-23,10.7265,30867790.103474997
2019-02-24,9.9476,47749994.5221
2019-02-25,9.6967,51863571.516419
2019-02-26,9.4168,29364793.057960004
2019-02-27,9.8467,34708606.736245
2019-02-28,10.2779,37964450.902666
2019-03-01,11.3111,45535049.686267
2019-03-02,11.7566,45778403.52125601
2019-03-03,11.4511,32672280.237665
2019-03-04,11.4006,31226802.941448003
2019-03-05,13.6229,113623913.358828
2019-03-06,14.5294,89480936.756918
2019-03-07,15.1,102038209.683
2019-03-08,14.2931,90663906.590193
2019-03-09,14.4651,57807234.248205
2019-03-10,14.3711,50754538.89857
2019-03-11,14.4143,54163948.736911006
2019-03-12,15.3333,62085580.344387
2019-03-13,15.0244,49323350.049592
2019-03-14,14.8901,45860866.683393
2019-03-15,14.9432,44635154.449208
2019-03-16,15.9589,52566639.771056995
2019-03-17,15.5693,48372281.212564
2019-03-18,15.5388,38421002.088732004
2019-03-19,15.4953,66181207.26312001
2019-03-20,15.1288,35849936.411344
2019-03-21,14.3511,43269521.278683
2019-03-22,15.1502,40842679.850674
2019-03-23,15.1397,39855104.31109
2019-03-24,17.1096,90430516.93416
2019-03-25,16.7631,46527892.696566
2019-03-26,16.1998,44146814.986864
2019-03-27,16.6,53799176.550000004
2019-03-28,16.6665,49804518.116505004
2019-03-29,16.4753,45095749.62196001
2019-03-30,16.9666,47337678.108938
2019-03-31,17.5376,55821564.353360005
2019-04-01,17.8888,53061842.816248
2019-04-02,19.7155,66182703.479795
2019-04-03,18.5489,65532632.480933
2019-04-04,18.992,55819053.32064
2019-04-05,19.3657,52352379.546287
2019-04-06,19.0745,48049192.528435
2019-04-07,18.9523,44153217.658382
2019-04-08,17.9777,38516897.213184
2019-04-09,18.2984,50804418.479232006
2019-04-10,18.24,46567433.5488
2019-04-11,17.5555,31867990.918275
2019-04-12,18.3333,42635800.746888004
2019-04-13,18.6111,41041097.406171
2019-04-14,19.3866,47265523.587786004
2019-04-15,19.2666,42739253.490798
2019-04-16,19.6408,43943041.41168
2019-04-17,19.4888,39086398.174880005
2019-04-18,21.8888,80684143.046216
2019-04-19,24.3188,103304909.788344
2019-04-20,24.8888,88234715.737112
2019-04-21,23.9999,79377913.417316
2019-04-22,23.8,71536515.134
2019-04-23,22.546,64887286.317540005
2019-04-24,22.9703,68030718.07232201
2019-04-25,22.4863,70032702.13566999
2019-04-26,23.0555,75482565.061085
2019-04-27,22.4324,67056300.026668
2019-04-28,23.0226,69430965.168954
2019-04-29,21.6788,51789895.959516
2019-04-30,22.0391,48432366.472223
2019-05-01,21.8788,45175161.145352
2019-05-02,23.6166,57766562.57232
2019-05-03,23.6999,52861811.199442
2019-05-04,22.8888,43464334.730256
2019-05-05,22.9777,41063640.452902995
2019-05-06,22.1895,39158865.53883
2019-05-07,20.6602,37475477.278624
2019-05-08,20.6673,56677102.839066
2019-05-09,18.8388,43978756.61088
2019-05-10,19.6166,47660968.435711995
2019-05-11,20.8059,77947276.398927
2019-05-12,20.8934,67460492.499092
2019-05-13,23.521,107397181.89418
2019-05-14,23.6553,90410394.797748
2019-05-15,26.8116,92064876.84794399
2019-05-16,26.2888,110414832.814112
2019-05-17,25.7795,88400136.97352
2019-05-18,28.8171,124464004.330185
2019-05-19,29.1122,129187877.75758801
2019-05-20,29.2666,116490680.61477001
2019-05-21,32.3907,152381788.37658602
2019-05-22,30.8067,117310760.813286
2019-05-23,31.3934,119077578.78279
2019-05-24,33.9435,153907451.35235998
2019-05-25,35.0168,146430597.16521603
2019-05-26,33.0919,127279857.37546602
2019-05-27,33.511,131870991.60407001
2019-05-28,33.1068,118940252.460672
2019-05-29,33.6066,122144131.709394
2019-05-30,31.6666,120458625.08569399
2019-05-31,32.8862,119559459.92709601
2019-06-01,33.3521,121764987.113736
2019-06-02,33.1527,103613443.50470401
2019-06-03,30.7564,87714445.663372
2019-06-04,29.2596,84179975.119752
2019-06-05,30.8886,103350009.20814
2019-06-06,31.0888,92970604.368848
2019-06-07,31.3098,86344034.555718
2019-06-08,31.7333,102507589.979847
2019-06-09,30.095,76215716.90849999
2019-06-10,32.0271,113713396.50673798
2019-06-11,31.8889,86664991.92907299
2019-06-12,34.8888,137681782.73527202
2019-06-13,35.251,124608621.01106
2019-06-14,32.3803,156077719.124896
2019-06-15,32.6743,110815222.70808901
2019-06-16,32.1888,91137992.89257601
2019-06-17,33.8286,112492105.167858
2019-06-18,34.4333,117217151.194
2019-06-19,35.1888,128888845.18008001
2019-06-20,36.8381,152956125.202465
2019-06-21,38.6766,136692773.936766
2019-06-22,38.0001,125968456.95506701
2019-06-23,37.2836,104043932.56194401
2019-06-24,37.43,98505174.4217
2019-06-25,36.0941,72221323.55556999
2019-06-26,36.1189,103206823.89531998
2019-06-27,34.3999,89695295.13710502
2019-06-28,34.6289,72892977.434725
2019-06-29,35.5,92001692.79
2019-06-30,32.114,64966365.40914
2019-07-01,33.2777,61094749.72837401
2019-07-02,31.9777,64510664.620124
2019-07-03,32.522,62764781.81329999
2019-07-04,33.0888,72605423.67023998
2019-07-05,32.5566,48894372.443484
2019-07-06,32.5888,36574000.924672
2019-07-07,32.9344,40176676.206719995
2019-07-08,33.3888,49872075.27206401
2019-07-09,32.4811,39842763.318572
2019-07-10,31.222,49447113.154079996
2019-07-11,29.4181,51364298.546086
2019-07-12,31.8888,93903889.441824
2019-07-13,31.4888,54920837.215664
2019-07-14,28.5447,60456733.195794
2019-07-15,28.647,84764512.11285
2019-07-16,25.0601,93319932.595318
2019-07-17,27.6287,155291110.919769
2019-07-18,28.9555,181625527.46009
2019-07-19,29.0096,114142568.682144
2019-07-20,31.0932,89269574.047992
2019-07-21,30.4388,65980228.93638401
2019-07-22,30.885,107163273.2244
2019-07-23,29.4929,77839325.66941799
2019-07-24,28.8261,67386056.77663201
2019-07-25,28.9227,63271615.512792
2019-07-26,28.9,55763653.113
2019-07-27,27.7498,41363517.217412
2019-07-28,27.7555,36930393.60704
2019-07-29,26.9525,30866634.766599998
2019-07-30,26.9867,30859919.970243
2019-07-31,27.75,53680418.3475
2019-08-01,28.7088,64666131.032832004
2019-08-02,28.14,42301750.1886
2019-08-03,27.7333,33539126.856501
2019-08-04,27.3834,26530758.692856003
2019-08-05,28.0114,32789075.084634
2019-08-06,27.6523,39279406.37296
2019-08-07,29.6694,71391190.302648
2019-08-08,31.1074,95542088.767392
2019-08-09,29.8188,43809983.429652
2019-08-10,29.6661,38891813.888466
2019-08-11,30.2439,47281265.445531
2019-08-12,30.1856,46046029.165536
2019-08-13,29.4512,34301916.602736
2019-08-14,27.0256,32256149.217824
2019-08-15,28.1058,34983424.16784
2019-08-16,27.5111,26558380.427892998
2019-08-17,27.5038,26513297.399459995
2019-08-18,27.8977,33784065.879025
2019-08-19,28.7931,51904170.797724
2019-08-20,28.0286,34531248.373442
2019-08-21,26.925,27120529.08075
2019-08-22,26.9731,29335847.805494998
2019-08-23,26.94,29209945.272600003
2019-08-24,26.2814,24124263.161356002
2019-08-25,26.0888,24380993.23656
2019-08-26,26.1257,47463366.47413
2019-08-27,25.6051,30643399.139736004
2019-08-28,23.3565,33768414.056385
2019-08-29,21.7777,35222323.596649
2019-08-30,22.1448,35422877.220552
2019-08-31,21.0604,28909400.265396003
2019-09-01,21.4248,30727530.431232
2019-09-02,22.7449,39667885.522621006
2019-09-03,22.3511,30307701.126282997
2019-09-04,21.6764,23560800.117064003
2019-09-05,22.6388,50997634.439491995
2019-09-06,21.9906,44240809.148676
2019-09-07,22.3996,37719066.337216
2019-09-08,22.4111,29315151.317511998
2019-09-09,22.0978,22391355.793341998
2019-09-10,21.7679,18107692.047984
2019-09-11,20.7334,22170651.728040002
2019-09-12,20.82,35410097.399399996
2019-09-13,20.788,29711731.48948
2019-09-14,20.9555,27370954.238080002
2019-09-15,20.2901,23316714.969908
2019-09-16,20.2422,20959338.839802
2019-09-17,21.0473,38844734.184371
2019-09-18,22.2018,73342872.34525199
2019-09-19,21.5376,34717425.339744
2019-09-20,21.2695,29576654.17175
2019-09-21,20.9666,23640107.77582
2019-09-22,20.3602,19797497.619326
2019-09-23,19.3228,21152100.296768002
2019-09-24,15.8249,43022165.466007
2019-09-25,16.0321,29274997.606868997
2019-09-26,15.2212,27513360.738927998
2019-09-27,15.6666,22495264.078398
2019-09-28,15.7346,17288200.574610002
2019-09-29,15.1999,14673690.253928998
2019-09-30,15.8349,17881547.048637
2019-10-01,15.8563,18711894.048104
2019-10-02,15.8742,15088288.518234
2019-10-03,15.6377,14147817.350615
2019-10-04,15.6133,13396382.365635
2019-10-05,15.6869,12788207.791806
2019-10-06,15.0688,12385647.060991999
2019-10-07,16.0255,18244285.762975
2019-10-08,16.0213,15894097.28652
2019-10-09,17.7177,50055049.065021
2019-10-10,17.5288,31302064.065552
2019-10-11,16.5666,24479006.793534003
2019-10-12,17.17,24135797.229400005
2019-10-13,18.256,40781976.714080006
2019-10-14,18.4376,30293333.751936
2019-10-15,18.5643,54204760.093266
2019-10-16,17.7401,32260289.181134004
2019-10-17,18.5188,34987062.53600799
2019-10-18,18.2188,26021225.737804003
2019-10-19,18.2229,26566683.367608
2019-10-20,18.4997,31387738.371394
2019-10-21,18.2551,27332949.942596998
2019-10-22,18.2286,33177877.412003998
2019-10-23,16.6796,30794273.160112
2019-10-24,16.9194,21064094.490606
2019-10-25,18.6188,53753998.245464
2019-10-26,18.9501,59409429.709070995
2019-10-27,19.2888,44245672.903728
2019-10-28,19.939,54095815.397180006
2019-10-29,20.7452,47683981.318932004
2019-10-30,20.052,36553120.25436
2019-10-31,19.9099,33437085.054396
2019-11-01,19.9999,26100942.894633
2019-11-02,20.1745,32380824.403614998
2019-11-03,20.1874,26872954.120040003
2019-11-04,20.6139,33866601.252819
2019-11-05,20.6588,29660653.943072
2019-11-06,20.7,26996608.593
2019-11-07,20.4208,21116763.531088
2019-11-08,19.646,21357993.10722
2019-11-09,19.6999,17456851.65609
2019-11-10,20.4333,26356505.412666
2019-11-11,20.0888,20145696.302912
2019-11-12,20.9798,25951308.517912
2019-11-13,21.3846,29290564.032252003
2019-11-14,21.3166,25105338.302232
2019-11-15,20.2735,27724806.984874997
2019-11-16,20.1631,20188758.351274002
2019-11-17,20.194,23310401.691099998
2019-11-18,19.0817,26151376.349670004
2019-11-19,18.4997,22542866.044082
2019-11-20,18.0826,21873309.866626
2019-11-21,16.7985,28962961.254405
2019-11-22,15.485,52059517.48454999
2019-11-23,16.232,31512341.538719997
2019-11-24,14.9964,32318050.006031998
2019-11-25,15.1457,46449792.088638
2019-11-26,15.3564,25465990.943556003
2019-11-27,16.0888,38838562.218456
2019-11-28,15.5333,25155743.019603
2019-11-29,16.2281,33015549.663957004
2019-11-30,15.7118,22557685.948278
2019-12-01,15.4297,19022400.72304
2019-12-02,15.1288,18237897.297376
2019-12-03,15.2542,19226741.780844003
2019-12-04,15.1,22519166.351999998
2019-12-05,15.6555,26692749.143235
2019-12-06,15.6666,22367529.90195
2019-12-07,15.6067,19503728.729343
2019-12-08,15.6121,17138675.648997
2019-12-09,15.3284,14710182.482116
2019-12-10,14.8088,14847927.81136
2019-12-11,14.78,11872118.507
2019-12-12,14.7238,10906559.1453
2019-12-13,14.8555,13130829.33558
2019-12-14,14.3888,12101756.644096
2019-12-15,14.3949,11322247.272726
2019-12-16,13.4544,15204836.679791998
2019-12-17,12.381,20875291.97499
2019-12-18,13.6158,31616290.219205998
2019-12-19,13.3441,18388245.861369997
2019-12-20,13.5,18867599.865
2019-12-21,13.2933,16759991.246505002
2019-12-22,13.7798,20743259.052764
2019-12-23,13.2998,16308906.482598
2019-12-24,13.3369,17434685.597837
2019-12-25,13.0666,12071876.589812
2019-12-26,13.1414,13946385.65598
2019-12-27,13.2888,14749598.050488
2019-12-28,13.6779,18587015.93994
2019-12-29,14.104,22686265.241679996
2019-12-30,13.8597,17396558.228970002
2019-12-31,13.7161,13309498.559990002
2020-01-01,13.7184,12903870.548736
2020-01-02,13.0105,12635676.212035
2020-01-03,13.6474,19904057.217226
2020-01-04,13.8092,17003006.413752
2020-01-05,14.0532,20489608.040664002
2020-01-06,14.9471,24419257.233084
2020-01-07,15.0226,21914513.69522
2020-01-08,14.5334,21764195.089966
2020-01-09,14.3978,15478916.116244
2020-01-10,15.07,23691340.6917
2020-01-11,14.9177,20845968.61991
2020-01-12,15.3366,31331193.971466
2020-01-13,15.1736,23095630.3448
2020-01-14,16.6371,45112881.189462006
2020-01-15,17.6655,53730936.626265004
2020-01-16,17.0333,31375633.105757
2020-01-17,18.0724,49424940.426932
2020-01-18,17.8088,33895364.378400005
2020-01-19,17.388,37005328.34712001
2020-01-20,17.3235,27310481.81238
2020-01-21,18.1166,34854789.4307
2020-01-22,17.8344,28673252.676432
2020-01-23,17.0524,23253211.788195997
2020-01-24,17.1148,24157574.087304
2020-01-25,16.9555,20540169.413760003
2020-01-26,17.499,28336913.780249998
2020-01-27,17.67,27618189.502800003
2020-01-28,18.0662,34624343.285834
2020-01-29,17.9134,26023955.17698
2020-01-30,18.5555,33168349.997709997
2020-01-31,18.2644,30088755.756752
2020-02-01,18.2752,27624588.734272003
2020-02-02,18.4333,28732289.228116
2020-02-03,18.46,24269234.995200004
2020-02-04,18.1778,22097100.91576
2020-02-05,19.262,39851441.50048
2020-02-06,20.6675,57756100.47445
2020-02-07,22.0555,70307447.253265
2020-02-08,21.7888,48123667.52512
2020-02-09,24.38,69574402.0828
2020-02-10,25.1465,120566018.80148
2020-02-11,25.6963,90259239.973994
2020-02-12,26.4243,78063604.594164
2020-02-13,25.4579,92617987.573865
2020-02-14,26.3547,85721147.525304
2020-02-15,24.2576,81389011.464912
2020-02-16,23.3193,87510889.54421699
2020-02-17,23.4555,75268510.91778
2020-02-18,24.0821,72505162.586857
2020-02-19,22.3709,48326108.326419
2020-02-20,22.1626,52470257.35461201
2020-02-21,22.1888,66326879.891968
2020-02-22,21.9689,46997677.16295801
2020-02-23,22.8452,69724394.758592
2020-02-24,22.0965,50709221.390775
2020-02-25,20.3193,47457352.92912299
2020-02-26,18.7441,70706213.608264
2020-02-27,19.2,57963547.392
2020-02-28,18.9838,58849778.671134
2020-02-29,19.23,68639252.7816
2020-03-01,18.902,45028056.711559996
2020-03-02,19.9289,65122244.4681
2020-03-03,19.6882,50122711.76499999
2020-03-04,19.95,48049813.202999994
2020-03-05,20.7462,64114535.924682006
2020-03-06,21.3389,68921634.37409799
2020-03-07,20.25,48173633.2125
2020-03-08,16.894,58547005.923499994
2020-03-09,16.5888,67130795.077632
2020-03-10,16.8671,58187186.636647
2020-03-11,16.5705,42777388.188285
2020-03-12,9.2566,81469543.095742
2020-03-13,10.9204,127353127.11084001
2020-03-14,10.1487,54301133.686115995
2020-03-15,10.3898,66744754.277328
2020-03-16,9.4285,54820138.581345
2020-03-17,10.2576,52342896.19992
2020-03-18,10.3866,46252656.01903799
2020-03-19,12.2597,71719945.51925799
2020-03-20,11.9147,82991341.479424
2020-03-21,12.1,70321527.64999999
2020-03-22,11.167,50952082.51562
2020-03-23,12.1887,64598884.42621501
2020-03-24,12.426,57497367.13554
2020-03-25,12.3251,44466420.473639004
2020-03-26,13.199,45393601.13428
2020-03-27,12.3354,34268369.195214
2020-03-28,12.1888,30212197.068768
2020-03-29,11.3008,26057028.890816003
2020-03-30,12.1365,51430208.64102001
2020-03-31,12.5451,64236822.623865
2020-04-01,12.72,55458644.39040001
2020-04-02,13.0166,69412380.125198
2020-04-03,13.3615,67212647.803845
2020-04-04,13.7606,66608576.88991801
2020-04-05,13.6888,58528370.565400004
2020-04-06,15.1989,84859969.125564
2020-04-07,14.7266,69493657.13882199
2020-04-08,15.0888,69633388.06994401
2020-04-09,15.0096,69620804.666544
2020-04-10,13.72,54878341.8008
2020-04-11,13.807,50986737.02144
2020-04-12,14.2808,58130250.88385599
2020-04-13,15.0277,64817339.338760994
2020-04-14,15.6148,70626852.17376001
2020-04-15,14.5755,55328115.55095
2020-04-16,15.7394,64028657.985511996
2020-04-17,15.64,49274745.418800004
2020-04-18,16.6137,65923478.423259005
2020-04-19,16.0683,47595471.158580005
2020-04-20,14.9892,48263813.51628
2020-04-21,15.1283,47465408.716407
2020-04-22,15.7104,51795580.212143995
2020-04-23,16.034,55436103.1213
2020-04-24,15.9319,47928257.550294
2020-04-25,16.2283,47822200.164057
2020-04-26,16.3588,54226459.584908
2020-04-27,16.4229,48238776.584543996
2020-04-28,16.34,46381276.766200006
2020-04-29,17.3667,66300098.61189001
2020-04-30,16.9542,69975451.299042
2020-05-01,17.466,66463259.24022
2020-05-02,17.5333,52774175.216011
2020-05-03,17.1071,44757297.68966299
2020-05-04,17.0074,46870415.248862
2020-05-05,16.8886,44136019.562189996
2020-05-06,16.3743,44477189.66249101
2020-05-07,17.0003,51518584.805452995
2020-05-08,17.1371,44925933.648177005
2020-05-09,16.7751,37637349.612633
2020-05-10,15.3506,44524381.52868
2020-05-11,15.0811,41114898.190197
2020-05-12,15.7892,47790957.240628
2020-05-13,16.2164,45625343.621908
2020-05-14,16.3777,45887409.996020004
2020-05-15,15.7222,36391941.450332
2020-05-16,16.058,43844238.9063
2020-05-17,16.2959,47160599.082457
2020-05-18,16.6299,51827714.621004
2020-05-19,17.2098,55850546.602350004
2020-05-20,16.8998,40480362.857782
2020-05-21,16.0888,34809260.783024
2020-05-22,16.5864,41808599.88760801
2020-05-23,16.48,37953458.6224
2020-05-24,15.9624,36410212.85076
2020-05-25,16.3807,38470285.42483701
2020-05-26,16.2159,32550886.650738005
2020-05-27,16.47,43049484.46349999
2020-05-28,17.0772,48951253.98970801
2020-05-29,17.0031,44197036.040115
2020-05-30,17.7277,52648046.635970995
2020-05-31,17.0916,44659362.563688
2020-06-01,17.9477,53660985.764962
2020-06-02,17.2669,43793298.583335
2020-06-03,17.5779,46586904.187806
2020-06-04,17.517,40648652.01513
2020-06-05,17.6914,43430615.383204
2020-06-06,17.5511,36955489.449312
2020-06-07,17.4135,31628884.302989997
2020-06-08,17.4489,28922164.380879
2020-06-09,17.3733,28340622.660714
2020-06-10,17.406,31462456.54716
2020-06-11,16.2298,29244413.648376003
2020-06-12,16.6377,32145059.119418997
2020-06-13,16.8101,34012074.193482995
2020-06-14,16.5729,28129921.492695
2020-06-15,16.377,24920638.684169997
2020-06-16,16.4329,26537582.891556
2020-06-17,16.3983,24641681.298573
2020-06-18,16.1608,22347491.515896
2020-06-19,15.9512,21121551.782720003
2020-06-20,16.059,22919568.92298
2020-06-21,15.9775,21043579.2336
2020-06-22,16.5051,28171109.673341997
2020-06-23,16.3898,23819406.643354002
2020-06-24,15.9968,24471909.43904
2020-06-25,15.906,19108748.653500002
2020-06-26,15.7694,16422237.3906
2020-06-27,15.1242,19802654.388972
2020-06-28,15.3782,21573445.658671997
2020-06-29,15.4656,23381766.030527998
2020-06-30,15.3838,20241579.754796
2020-07-01,15.8144,25496105.199936
2020-07-02,15.3634,21498702.964725997
2020-07-03,15.2863,18513678.634029
2020-07-04,15.5548,20525270.2321
2020-07-05,15.4885,17357186.131035
2020-07-06,16.311,26202794.695410002
2020-07-07,16.8048,31603616.737632003
2020-07-08,17.2819,39250698.286768004
2020-07-09,16.8274,31455015.754558
2020-07-10,17.3123,36341868.841910996
2020-07-11,17.6205,40844418.555824995
2020-07-12,18.2994,54824589.016554
2020-07-13,18.4046,59427858.93142
2020-07-14,18.079,43127128.53563
2020-07-15,17.6351,34557437.401823
2020-07-16,17.1647,35246671.955768
2020-07-17,17.0676,31656371.75316
2020-07-18,17.1507,28948405.153332002
2020-07-19,18.0154,46798255.621702
2020-07-20,17.4645,43443039.630105
2020-07-21,17.7285,37420165.624785
2020-07-22,18.09,39334519.728
2020-07-23,18.75,44885089.6875
2020-07-24,19.1853,53532386.894538
2020-07-25,19.8242,58607665.396192
2020-07-26,19.5557,55885089.691212006
2020-07-27,19.7474,75856969.423734
2020-07-28,20.1732,70943341.57902001
2020-07-29,19.899,44171008.2198
2020-07-30,19.97,40983449.0751
2020-07-31,20.6615,46511127.650415
2020-08-01,21.6168,57456218.99988001
2020-08-02,20.9898,70376647.10590799
2020-08-03,22.0504,58838075.029008
2020-08-04,22.2818,53337052.956732005
2020-08-05,23.2728,86070203.74672799
2020-08-06,22.7487,55573737.84136199
2020-08-07,22.3323,61877789.921973
2020-08-08,22.9234,55219316.34016
2020-08-09,22.422,47359258.92774
2020-08-10,22.6369,47739601.750698
2020-08-11,21.2902,68374402.146288
2020-08-12,21.4919,52776455.713438004
2020-08-13,21.7667,67024408.128257
2020-08-14,23.1047,88264919.66212401
2020-08-15,23.0881,63542146.681286
2020-08-16,23.529,63665327.01375
2020-08-17,23.4961,56942424.76201
2020-08-18,22.9705,58155776.54124
2020-08-19,22.3761,47617997.302682996
2020-08-20,23.0888,51877393.984976
2020-08-21,22.0988,55096651.035188
2020-08-22,22.2044,42012448.083484
2020-08-23,21.8555,35383892.7693
2020-08-24,22.5953,42428189.907012
2020-08-25,21.3882,48578609.717616
2020-08-26,22.1999,55503366.585709006
2020-08-27,23.1127,67668089.319103
2020-08-28,23.0811,58751687.900325
2020-08-29,22.9398,42541531.519656
2020-08-30,23.6208,45080076.417936
2020-08-31,23.1477,40910962.115106
2020-09-01,24.7028,109753900.59747998
2020-09-02,24.7652,145608684.615508
2020-09-03,20.3592,147224220.166632
2020-09-04,20.9712,111277235.061024
2020-09-05,19.4698,89350497.56367001
2020-09-06,23.142,187569572.91576
2020-09-07,22.4426,122406943.079966
2020-09-08,23.2837,120110456.141126
2020-09-09,24.4716,98289019.24371599
2020-09-10,24.5489,103088872.09219499
2020-09-11,25.399,92010546.17293
2020-09-12,28.505,186385068.55415
2020-09-13,31.1656,331795698.773296
2020-09-14,31.2523,282509676.181936
2020-09-15,27.1181,215083268.4256926
2020-09-16,27.8695,161013799.778364
2020-09-17,27.095,125192958.89102998
2020-09-18,27.629,117233604.516371
2020-09-19,27.2035,66145776.790024996
2020-09-20,26.316,75112762.60782
2020-09-21,23.1232,121429686.8093376
2020-09-22,24.0468,79103557.8839964
2020-09-23,22.8331,71562172.5399194
2020-09-24,24.5745,80727100.8052545
2020-09-25,24.6924,69802194.63942361
2020-09-26,26.1998,81863518.35307579
2020-09-27,26.251,67072619.177562
2020-09-28,26.9855,86914219.714675
2020-09-29,28.8946,105260579.50275281
2020-09-30,29.2656,90926085.0646512
2020-10-01,27.4673,111114481.73895861
2020-10-02,27.3369,113228498.4811854
2020-10-03,28.1867,83040047.4169064
2020-10-04,28.9668,89872325.897688
2020-10-05,28.6158,64907993.55390181
2020-10-06,27.6812,77813850.260174
2020-10-07,27.6898,57039631.393628605
2020-10-08,27.7424,68696742.39564641
2020-10-09,28.4076,73588981.1146308
2020-10-10,28.4414,68412131.7571198
2020-10-11,28.5271,66452529.148248605
2020-10-12,30.6503,133782129.7107163
2020-10-13,30.7256,102536485.32155119
2020-10-14,30.838,76252211.306262
2020-10-15,31.3256,84106103.8785584
2020-10-16,30.0516,89292540.47013721
2020-10-17,30.2414,56097059.8053922
2020-10-18,30.6593,69516201.3750981
2020-10-19,29.9107,52422838.7715893
2020-10-20,28.8227,74456021.875388
2020-10-21,29.7329,79197024.8660481
2020-10-22,30.6396,86735693.0311452
2020-10-23,30.6377,62067531.6365977
2020-10-24,30.6639,49844246.845683604
2020-10-25,30.128,44786430.994032
2020-10-26,31.0467,82212287.6567055
2020-10-27,31.4826,90978658.00706401
2020-10-28,30.3338,66995370.488484204
2020-10-29,29.8702,59080598.347008005
2020-10-30,28.4909,91492979.8242422
2020-10-31,28.5058,56616518.5628212
2020-11-01,28.5318,54670685.8959558
2020-11-02,27.7983,59032443.52721161
2020-11-03,26.8638,69619172.496549
2020-11-04,26.96,54998004.7664
2020-11-05,27.6875,66364191.509125
2020-11-06,29.0435,79631874.00865151
2020-11-07,27.7651,85843825.8772424
2020-11-08,28.4101,65302019.8714955
2020-11-09,28.0941,60353641.0165506
2020-11-10,28.2188,61308130.1426572
2020-11-11,28.016,55305665.86896
2020-11-12,27.6874,46002318.4571964
2020-11-13,28.1974,54540385.4693544
2020-11-14,27.9311,41993501.061318904
2020-11-15,27.6786,39913165.2970728
2020-11-16,27.9451,47097800.6309585
2020-11-17,28.5552,64067794.668216
2020-11-18,28.0931,62390278.265576094
2020-11-19,28.1387,56596783.727741905
2020-11-20,28.9715,72177743.2127485
2020-11-21,30.5161,96441113.2970992
2020-11-22,30.0226,85335361.0696958
2020-11-23,30.995,90521606.882565
2020-11-24,33.9407,247643815.9610183
2020-11-25,31.2953,143621551.25231463
2020-11-26,28.2356,176242464.9338628
2020-11-27,28.4606,65953450.181577
2020-11-28,29.1766,76928558.0741004
2020-11-29,30.1045,86029698.9204545
2020-11-30,31.4935,93788783.9780115
2020-12-01,30.1996,94797211.2977668
2020-12-02,30.2875,71487474.42855
2020-12-03,30.7065,59093506.712229
2020-12-04,29.0231,59920350.5746795
2020-12-05,29.728,54606475.73001601
2020-12-06,29.5026,39262470.1366374
2020-12-07,29.37,35817982.78542
2020-12-08,27.6705,51027225.940548
2020-12-09,28.1452,46027089.0430812
2020-12-10,27.6926,37237785.8090602
2020-12-11,27.3419,34035282.2079928
2020-12-12,28.1603,36438457.1765354
2020-12-13,29.1571,47802943.456693605
2020-12-14,30.0338,60918580.3321744
2020-12-15,29.5053,47939969.9096142
2020-12-16,30.5577,66060150.51278341
2020-12-17,30.2255,98982048.2025405
2020-12-18,30.9882,63380981.7821526
2020-12-19,33.3167,137180189.3437931
2020-12-20,34.3148,153644476.4399064
2020-12-21,32.05,146087613.954
2020-12-22,33.5151,119435605.9441623
2020-12-23,31.1843,122895032.4452606
2020-12-24,32.4895,97454557.2285435
2020-12-25,33.1996,86195221.93683799
2020-12-26,33.6361,81363759.6681384
2020-12-27,33.674,126205865.905932
2020-12-28,35.951,148182224.335953
2020-12-29,39.0667,274347794.97708285
2020-12-30,38.1558,92513448.08215861
2020-12-31,37.3588,70522798.33659801
2021-01-01,37.7762,92022412.45937741
2021-01-02,38.2331,115389874.12821859
2021-01-03,41.2575,202311378.4514775
2021-01-04,41.1333,218263497.6865278
2021-01-05,41.8219,146926246.0582774
2021-01-06,42.2417,159861377.1348479
2021-01-07,43.5728,219029427.2590032
2021-01-08,42.356,150318215.96452802
2021-01-09,43.8479,119282232.6749644
2021-01-10,42.4031,181375286.655499
2021-01-11,38.1674,243225534.8435956
2021-01-12,38.2541,124756635.40592101
2021-01-13,40.1114,140874822.157489
2021-01-14,41.8723,138458712.8815559
2021-01-15,40.8668,140228659.3657248
2021-01-16,43.142,139911853.528788
2021-01-17,45.8675,177916101.6093825
2021-01-18,45.3412,139172543.5288456
2021-01-19,42.5241,219064894.3396152
2021-01-20,42.6069,158068893.1209948
2021-01-21,38.6343,133696902.07200061
2021-01-22,40.8936,126307460.979612
2021-01-23,40.9109,103578611.3283632
2021-01-24,41.8263,97904812.30388491
2021-01-25,41.8347,116226754.095294
2021-01-26,41.8396,115398161.50103119
2021-01-27,40.8826,107864708.17622279
2021-01-28,42.5254,126899988.7732354
2021-01-29,42.8618,147174111.9253112
2021-01-30,44.7849,123962556.1270059
2021-01-31,44.3292,107794969.7835816
2021-02-01,51.4781,313761872.0559553
2021-02-02,51.0071,238460277.51722673
2021-02-03,52.12,153740190.07632
2021-02-04,55.9599,224104922.3381106
2021-02-05,67.7005,341247431.8697115
2021-02-06,72.8356,617830055.0725036
2021-02-07,68.3542,408068315.62615645
2021-02-08,79.8374,627567262.8625487
2021-02-09,107.3469,1340473574.2816093
2021-02-10,128.9711,2142665790.2054815
2021-02-11,124.085,734632865.641675
2021-02-12,136.6139,768592646.2478536
2021-02-13,133.3496,504824701.3673392
2021-02-14,135.8623,598542433.9242355
2021-02-15,130.303,621904008.880218
2021-02-16,130.183,424172237.458662
2021-02-17,165.3233,1683927297.508658
2021-02-18,195.6,2195980343.7588
2021-02-19,333.111,6725130743.193977
2021-02-20,253.0,3414907030.4909997
2021-02-21,295.2597,3143459456.438128
2021-02-22,267.5147,3371862124.7062097
2021-02-23,231.3646,3674016069.3810115
2021-02-24,254.5056,2997522465.912547
2021-02-25,234.9146,1614331438.4053924
2021-02-26,221.717,1643079587.563045
2021-02-27,225.3853,944972305.4126656
2021-02-28,210.2138,1192831563.290636
2021-03-01,254.9637,2017162699.5445578
2021-03-02,239.6841,1290941868.8024755
2021-03-03,240.5701,1029252405.3366833
2021-03-04,229.6369,918543888.1491485
2021-03-05,225.4714,824062524.023277
2021-03-06,226.3814,602938682.5654304
2021-03-07,240.11,845178298.8821901
2021-03-08,240.5509,732716109.2951713
2021-03-09,293.2052,2327257255.138881
2021-03-10,278.4499,1674125488.7801852
2021-03-11,290.0301,1913810659.762431
2021-03-12,263.2201,1554546553.189487
2021-03-13,276.2822,1078163211.3605292
2021-03-14,263.238,640246551.48033
2021-03-15,254.5144,855864262.7651592
2021-03-16,258.5352,779025762.1608
2021-03-17,269.7896,770744889.6422424
2021-03-18,261.4816,824323251.3470625
2021-03-19,262.935,594987895.146555
2021-03-20,264.3023,628251353.614653
2021-03-21,264.6513,522283188.46588016
2021-03-22,254.7976,832081268.1648055
2021-03-23,255.4646,661002066.2700871
2021-03-24,248.5236,812844099.3838619
2021-03-25,233.9466,818364583.8950381
2021-03-26,255.2105,672563671.3121275
2021-03-27,269.2234,831680040.3368434
2021-03-28,268.4263,878455601.5837566
2021-03-29,275.2991,751152765.699709
2021-03-30,311.2962,1722329756.609346
2021-03-31,302.3724,1426996803.3544345
2021-04-01,334.7991,1470005281.2810771
2021-04-02,338.2932,1422813323.2697496
2021-04-03,321.9497,998002489.5523458
2021-04-04,348.8617,952698054.3150508
2021-04-05,368.0263,1278442420.6554465
2021-04-06,403.3648,1807500433.0958526
2021-04-07,375.5538,2320869796.8062906
2021-04-08,418.7048,1713548823.7240622
2021-04-09,453.9937,1666349568.9080722
2021-04-10,471.2975,2195825581.24757
2021-04-11,525.9275,1916688135.142025
2021-04-12,596.7104,5537072023.847937
2021-04-13,551.6442,3005217784.0676446
2021-04-14,550.0182,2317412170.787968
2021-04-15,541.8824,1250041438.824708
2021-04-16,508.2743,2130796904.2201264
2021-04-17,514.6861,1517830010.089628
2021-04-18,481.4367,2151346814.770782
2021-04-19,504.0322,2535950168.039959
2021-04-20,586.3635,3360387840.9006376
2021-04-21,543.6327,3090588808.898534
2021-04-22,505.2411,3221206638.289813
2021-04-23,526.5357,3609710205.28818
2021-04-24,496.992,1493624507.6424003
2021-04-25,505.0,1257327095.726
2021-04-26,535.33,1658800644.4880831
2021-04-27,568.78,1596740996.7698438
2021-04-28,562.78,1341957287.092856
2021-04-29,599.7,2600608845.91959
2021-04-30,622.65,2136008547.4166248
2021-05-01,620.0,1505092402.358
2021-05-02,621.78,1284758076.0742319
2021-05-03,676.15,1942835628.03455
2021-05-04,609.3,2294206853.02443
2021-05-05,651.1,1478086508.80052
2021-05-06,633.99,1309428075.2573578
2021-05-07,624.3,1235761868.82912
2021-05-08,646.1,1412429373.06289
2021-05-09,661.74,1550722920.146106
2021-05-10,631.1,1940408503.1721199
2021-05-11,671.91,1774321691.54457
2021-05-12,594.65,1673246874.821025
2021-05-13,571.1,3132668367.75417
2021-05-14,602.61,1318251738.241956
2021-05-15,563.41,1273190302.316325
2021-05-16,564.32,1658834541.070368
2021-05-17,512.07,2063190634.8670893
2021-05-18,507.88,1381736518.626712
2021-05-19,334.8,3849440465.15352
2021-05-20,391.17,3175072682.600208
2021-05-21,326.01,2877965874.224658
2021-05-22,299.76,1589641072.55712
2021-05-23,260.72,2294635354.323904
2021-05-24,345.64,2693919418.4752398
2021-05-25,343.18,2621547220.009976
2021-05-26,379.16,2023545097.9353523
2021-05-27,369.67,1580635541.0225382
2021-05-28,328.82,1727437246.259958
2021-05-29,305.04,1148195967.483192
2021-05-30,325.57,1217525375.6598659
2021-05-31,353.33,1452234661.831752
2021-06-01,362.39,1323549999.828924
2021-06-02,401.54,1757550485.38949
2021-06-03,428.48,1805815854.9392002
2021-06-04,390.7,1924898200.87593
2021-06-05,390.08,1551574151.67776
2021-06-06,393.73,733151022.4626139
2021-06-07,357.96,1084238948.77722
2021-06-08,352.5,1757864572.548
2021-06-09,375.54,1312244040.1362603
2021-06-10,351.94,850981998.2858061
2021-06-11,345.75,765958203.9772501
2021-06-12,343.7,713121477.31244
2021-06-13,365.8,716262505.53648
2021-06-14,370.19,732462834.7232959
2021-06-15,366.48,566281391.3151121
2021-06-16,347.22,531775140.436764
2021-06-17,352.85,437232852.157805
2021-06-18,337.16,534026806.621356
2021-06-19,334.01,356541049.336719
2021-06-20,339.08,548769108.2093079
2021-06-21,270.76,1009809984.161692
2021-06-22,262.1,1460047310.4447103
2021-06-23,296.25,983280346.43625
2021-06-24,308.62,813460347.8695201
2021-06-25,280.81,761525513.837429
2021-06-26,279.65,632865949.1968449
2021-06-27,290.87,447911593.40531605
2021-06-28,290.0,546528245.153
2021-06-29,300.79,639503405.1598641
2021-06-30,303.71,626209465.6036999
2021-07-01,287.43,398996249.54689497
2021-07-02,287.17,288126628.428873
2021-07-03,298.13,303118181.831206
2021-07-04,307.62,402801942.52431
2021-07-05,302.02,423799973.086416
2021-07-06,319.92,661246602.0512401
2021-07-07,327.51,582659381.7696869
2021-07-08,310.14,509898336.25001395
2021-07-09,317.09,350832113.22274
2021-07-10,316.12,258893088.0207
2021-07-11,322.16,257604881.7236
2021-07-12,316.12,418175124.1689
2021-07-13,308.94,287324183.55057
2021-07-14,309.4,442531231.76443994
2021-07-15,316.11,690766998.5691781
2021-07-16,302.88,441025204.127472
2021-07-17,300.52,309800045.909772
2021-07-18,302.1,246361750.25067005
2021-07-19,280.54,369763420.593996
2021-07-20,264.44,475093057.454532
2021-07-21,293.26,510488245.98767596
2021-07-22,293.36,344260290.21715206
2021-07-23,299.27,491101932.006603
2021-07-24,301.56,433915100.484516
2021-07-25,302.56,327841089.72912
2021-07-26,304.0,782968501.1808
2021-07-27,313.48,526241403.74598
2021-07-28,313.8,410528576.99399996
2021-07-29,317.03,316695908.68181694
2021-07-30,322.58,418522274.08281
2021-07-31,332.38,463255942.88670003
2021-08-01,332.59,503712283.69810194
2021-08-02,330.55,336744939.95439005
2021-08-03,323.43,343096596.066321
2021-08-04,334.77,324616902.21075594
2021-08-05,337.91,426999800.044466
2021-08-06,342.39,433978954.46554196
2021-08-07,356.18,550583467.14184
2021-08-08,341.79,436044797.3556601
2021-08-09,354.32,455292523.837024
2021-08-10,371.92,617701171.814256
2021-08-11,390.96,747473565.105
2021-08-12,385.66,707804088.126212
2021-08-13,410.76,518308178.6673
2021-08-14,408.67,588193216.5704881
2021-08-15,414.05,512641688.74009
2021-08-16,415.72,769216772.5162321
2021-08-17,401.8,797182962.6949999
2021-08-18,396.15,693476238.176775
2021-08-19,431.27,799088742.0106779
2021-08-20,454.93,769332810.035286
2021-08-21,448.74,640270712.198772
2021-08-22,448.68,509492206.153968
2021-08-23,499.06,1327903350.469414
2021-08-24,471.62,981110000.2835981
2021-08-25,503.19,1128610402.846227
2021-08-26,478.1,1065996731.6411002
2021-08-27,494.5,766371612.2147
2021-08-28,486.2,433619698.64356
2021-08-29,479.7,436898258.5383
2021-08-30,460.3,518066711.54036003
2021-08-31,463.9,685340603.05728
2021-09-01,489.4,646319229.0359999
2021-09-02,483.7,602535754.00956
2021-09-03,488.5,534470166.46700007
2021-09-04,497.7,621259812.10629
2021-09-05,504.8,443419371.51600003
2021-09-06,496.1,556326032.9858
2021-09-07,418.7,1406282717.05823
2021-09-08,415.0,854280450.6500001
2021-09-09,421.3,650189434.0073
2021-09-10,401.4,613703169.8513999
2021-09-11,405.1,373812933.98050004
2021-09-12,416.3,408558020.1929
2021-09-13,399.1,611283398.3529
2021-09-14,414.3,385562408.62560004
2021-09-15,431.3,509820593.6503
2021-09-16,424.3,440019899.18600005
2021-09-17,406.6,343226399.7982
2021-09-18,410.7,301240128.8073
2021-09-19,408.6,303628911.6006
2021-09-20,364.1,679291881.59041
2021-09-21,344.4,543139163.02884
2021-09-22,379.0,411295716.388
2021-09-23,383.5,380514519.996
2021-09-24,355.0,610227327.745
2021-09-25,349.6,320512446.90320003
2021-09-26,344.0,529333151.65919995
2021-09-27,335.5,320920535.1495
2021-09-28,333.0,307051716.59099996
2021-09-29,367.7,623773650.5465
2021-09-30,387.5,450923754.825
2021-10-01,421.5,607101641.2815
2021-10-02,427.1,443759683.8378
2021-10-03,430.5,353402095.95600003
2021-10-04,426.3,415396677.94170004
2021-10-05,442.1,390683693.9588
2021-10-06,434.9,541489068.2366999
2021-10-07,438.5,508264799.55095
2021-10-08,419.2,631314859.6096001
2021-10-09,421.9,266692915.61939996
2021-10-10,404.1,294742847.1483
2021-10-11,413.1,313924969.5804
2021-10-12,444.2,873577127.2886
2021-10-13,470.8,1592859259.0812
2021-10-14,472.7,676578310.7475001
2021-10-15,474.5,715635579.4315
2021-10-16,465.8,484654452.5718
2021-10-17,470.9,419388177.8941
2021-10-18,484.9,529028824.43189996
2021-10-19,488.1,445388794.36890006
2021-10-20,501.3,474436806.82199997
2021-10-21,470.9,872029538.9661
2021-10-22,479.3,536277572.5934
2021-10-23,485.5,253416820.9725
2021-10-24,475.8,281168790.9498
2021-10-25,485.1,306639840.76110005
2021-10-26,478.1,335917928.97040004
2021-10-27,448.7,615145361.0217999
2021-10-28,491.9,749606412.9514
2021-10-29,530.3,748704818.31382
2021-10-30,528.3,578506000.67712
2021-10-31,524.6,534563108.24740005
2021-11-01,551.3,702506200.51563
2021-11-02,554.4,639732771.16056
2021-11-03,568.4,717756535.21264
2021-11-04,558.7,588283183.4371
2021-11-05,607.3,1208493928.44609
2021-11-06,637.7,871344324.7789
2021-11-07,649.6,959052062.3555201
2021-11-08,653.5,843077986.944
2021-11-09,635.0,558240817.73
2021-11-10,614.1,1114379074.2126
2021-11-11,628.4,640805212.3515999
2021-11-12,626.9,634992707.2672
2021-11-13,649.5,584619988.1715
2021-11-14,650.8,607644891.6611999
2021-11-15,633.8,604638630.0292
2021-11-16,588.7,1295702151.3961
2021-11-17,578.0,840070144.79
2021-11-18,531.8,930829976.0103999
2021-11-19,581.0,755757803.598
2021-11-20,604.3,676524202.2633
2021-11-21,584.0,566558143.288
2021-11-22,559.3,638162840.8714999
2021-11-23,591.1,710822527.1387
2021-11-24,590.3,637327904.1109
2021-11-25,639.1,981781612.2422
2021-11-26,587.3,1417479934.7246997
2021-11-27,599.9,710191231.064
2021-11-28,611.3,783154983.5662999
2021-11-29,623.4,679830706.6176
2021-11-30,622.5,859458487.6125001
2021-12-01,627.5,868523432.0925001
2021-12-02,619.9,684739606.5319
2021-12-03,595.0,744315349.3649999
2021-12-04,568.6,1485060181.6842
2021-12-05,557.8,701932017.0159999
2021-12-06,587.5,1178483247.55
2021-12-07,578.7,588748513.8141
2021-12-08,607.2,675944420.6328001
2021-12-09,570.2,625301283.8424001
2021-12-10,552.4,598316351.9535999
2021-12-11,564.5,536528163.573
2021-12-12,570.3,310779473.62079996
2021-12-13,521.0,540355517.305
2021-12-14,528.1,667403327.5381
2021-12-15,541.1,620920531.5355
2021-12-16,526.2,387022563.66840005
2021-12-17,525.5,484370566.9565
2021-12-18,533.9,309894832.7222
2021-12-19,529.8,286227991.1832
2021-12-20,524.0,381186007.08800006
2021-12-21,528.3,362646097.73639995
2021-12-22,533.6,385145601.36240005
2021-12-23,549.0,463587652.746
2021-12-24,542.1,360869689.77150005
2021-12-25,547.4,249285846.6882
2021-12-26,546.4,293055506.66
2021-12-27,563.7,452917817.4735001
2021-12-28,534.2,535565559.9682
2021-12-29,514.5,380790642.5715
2021-12-30,518.5,331407942.76449996
2021-12-31,511.4,346649804.63859993
2022-01-01,527.3,235266253.5693
2022-01-02,531.0,214776512.27100003
2022-01-03,511.9,339820218.64989996
2022-01-04,506.9,348461631.8022
2022-01-05,474.1,467060565.0964
2022-01-06,472.6,466300194.74
2022-01-07,448.1,596537619.4430001
2022-01-08,429.9,456892814.4111
2022-01-09,438.7,302166622.1289
2022-01-10,424.7,518773062.22859997
2022-01-11,463.6,586960630.8884
2022-01-12,487.8,407861739.87839997
2022-01-13,475.2,431506755.6624
2022-01-14,490.0,390540868.69
2022-01-15,494.5,271295657.3835
2022-01-16,498.6,252811306.73520002
2022-01-17,475.2,360109427.832
2022-01-18,471.4,333516243.3978
2022-01-19,461.9,270558063.57
2022-01-20,440.2,500883724.3388
2022-01-21,383.9,726023846.1366
2022-01-22,358.3,944338843.0038
2022-01-23,383.9,497935162.0397
2022-01-24,371.3,705549614.146
2022-01-25,385.1,387453405.79050004
2022-01-26,375.1,402677416.51720005
2022-01-27,389.9,375107540.2312
2022-01-28,385.9,290320525.3285
2022-01-29,389.3,208109573.3326
2022-01-30,377.2,202343705.5956
2022-01-31,374.3,232108570.63620004
2022-02-01,384.2,213364423.8234
2022-02-02,366.9,209991560.676
2022-02-03,372.3,184554779.0121
2022-02-04,399.5,339505418.286
2022-02-05,413.7,426544090.11899996
2022-02-06,419.9,227850830.8024
2022-02-07,433.5,328700363.6445
2022-02-08,407.8,468380859.9038
2022-02-09,422.9,268068034.26989996
2022-02-10,414.7,396552868.5833
2022-02-11,400.0,280337280.0
2022-02-12,403.6,210307983.65320003
2022-02-13,397.9,154646640.9908
2022-02-14,403.4,190489642.2812
2022-02-15,432.4,512023861.27599996
2022-02-16,427.3,259051690.25890002
2022-02-17,402.4,266338386.12079996
2022-02-18,399.2,244285122.2568
2022-02-19,399.8,164029665.7392
2022-02-20,380.6,237550928.615
2022-02-21,356.6,434928074.7246
2022-02-22,374.3,352012988.4746
2022-02-23,365.6,255442036.8616
2022-02-24,361.2,703991779.722
2022-02-25,375.0,293715810.0
2022-02-26,373.7,205044683.5517
2022-02-27,360.1,243919118.13490003
2022-02-28,395.6,305824308.288
2022-03-01,408.7,573690486.5383999
2022-03-02,409.3,322732822.0199
2022-03-03,402.6,232301136.045
2022-03-04,374.2,282961287.462
2022-03-05,384.7,174642352.0974
2022-03-06,375.0,183404684.25
2022-03-07,380.6,361301642.74600005
2022-03-08,381.4,246953466.7258
2022-03-09,393.2,398252913.7204
2022-03-10,372.0,294375870.04800004
2022-03-11,371.9,189733928.5334
2022-03-12,372.4,149881930.5704
2022-03-13,361.4,153509218.8188
2022-03-14,373.4,174682115.0256
2022-03-15,371.7,163879118.9091
2022-03-16,385.4,257785818.221
2022-03-17,391.8,223113412.45440003
2022-03-18,397.2,219954896.3592
2022-03-19,399.9,183952645.53869998
2022-03-20,390.8,155923114.85320002
2022-03-21,396.0,214425992.88000003
2022-03-22,404.3,246232691.6101
2022-03-23,408.4,218858207.036
2022-03-24,414.2,247843244.83299997
2022-03-25,410.3,250156576.72280002
2022-03-26,415.8,116489566.25459999
2022-03-27,430.5,211374682.04999998
2022-03-28,430.2,309357759.12659997
2022-03-29,434.2,273447824.7748
2022-03-30,442.1,339967130.9767
2022-03-31,428.9,410853901.68549997
2022-04-01,447.7,435085002.64350003
2022-04-02,437.2,361942527.722
2022-04-03,450.4,304574393.7568
2022-04-04,447.6,329718842.4996
2022-04-05,444.7,338491732.0075
2022-04-06,420.1,390243831.6006
2022-04-07,436.0,312900211.696
2022-04-08,421.5,288558931.191
2022-04-09,426.6,152051612.7294
2022-04-10,418.1,161658734.1823
2022-04-11,394.6,337917376.7904
2022-04-12,413.6,301841523.68479997
2022-04-13,423.4,266774719.08179998
2022-04-14,414.7,192512120.25759998
2022-04-15,417.3,138431251.5729
2022-04-16,417.3,99020708.046
2022-04-17,406.6,122952069.19160001
2022-04-18,416.8,262062071.3696
2022-04-19,422.3,239691960.9613
2022-04-20,418.4,283363529.65599996
2022-04-21,404.9,312468680.5546
2022-04-22,406.6,229127658.5234
2022-04-23,401.1,136112262.19500002
2022-04-24,398.8,128768454.234
2022-04-25,404.3,343573605.5154
2022-04-26,385.9,243043220.5508
2022-04-27,391.3,222012465.9935
2022-04-28,407.1,385253521.57140005
2022-04-29,393.0,273091190.718
2022-04-30,377.1,216796985.47620004
2022-05-01,389.9,219960008.00269997
2022-05-02,389.5,177190604.624
2022-05-03,383.9,149075057.538
2022-05-04,402.6,241184246.1732
2022-05-05,378.4,463204931.3408
2022-05-06,379.1,266295541.9429
2022-05-07,365.5,202798600.08049998
2022-05-08,355.9,279447016.5633
2022-05-09,296.1,632933550.26622
2022-05-10,319.1,689464747.3701401
2022-05-11,271.5,919775206.2759
2022-05-12,269.0,1210399287.2877
2022-05-13,290.6,555739767.1066
2022-05-14,296.9,324474297.4287
2022-05-15,312.4,242019163.7644
2022-05-16,297.2,287577506.2648
2022-05-17,306.2,215033728.86339998
2022-05-18,287.7,210334906.8807
2022-05-19,307.1,210436848.99240002
2022-05-20,302.2,277455313.0894
2022-05-21,312.4,147071198.0892
2022-05-22,319.4,204631778.01619998
2022-05-23,317.2,322342722.6812
2022-05-24,328.3,356908291.15340006
2022-05-25,325.7,344504861.10349995
2022-05-26,303.0,466449592.194
2022-05-27,301.6,440501580.8128
2022-05-28,307.5,185008759.98
2022-05-29,305.8,158865469.0326
2022-05-30,321.8,324029504.7358
2022-05-31,320.9,225190416.551
2022-06-01,300.4,245722576.5436
2022-06-02,308.3,147265784.32000002
2022-06-03,298.6,140042407.7522
2022-06-04,301.3,88441525.4404
2022-06-05,299.1,80666043.98910001
2022-06-06,295.1,223860162.786
2022-06-07,290.3,281528474.8957
2022-06-08,288.5,146993766.2675
2022-06-09,289.9,97260021.66269998
2022-06-10,286.4,234138691.44959995
2022-06-11,269.9,157716457.97439998
2022-06-12,254.8,210911982.918
2022-06-13,223.0,530202438.1847
2022-06-14,223.0,428611593.8212
2022-06-15,233.6,491820868.0304
2022-06-16,210.2,205069621.9046
2022-06-17,215.8,149082043.6664
2022-06-18,197.0,276724027.6923
2022-06-19,215.1,237075943.38210002
2022-06-20,216.5,190606782.726
2022-06-21,220.1,182463684.65649998
2022-06-22,214.4,148036010.096
2022-06-23,228.9,179411122.31280002
2022-06-24,240.2,169887547.9574
2022-06-25,239.7,117680309.90699999
2022-06-26,233.9,106836759.7433
2022-06-27,233.8,113069607.3724
2022-06-28,226.9,143543016.1551
2022-06-29,219.7,156378217.8127
2022-06-30,219.6,173819306.8008
2022-07-01,216.9,177047202.8565
2022-07-02,218.3,74814051.2117
2022-07-03,219.2,79153791.84799999
2022-07-04,231.5,119144471.999
2022-07-05,230.8,158081294.9268
2022-07-06,238.6,153885478.7218
2022-07-07,241.4,117849844.515
2022-07-08,240.7,154995403.3838
2022-07-09,243.3,65150427.5445
2022-07-10,234.7,93108362.0239
2022-07-11,225.6,94601991.1152
2022-07-12,220.6,90494546.5596
2022-07-13,230.5,164712905.105
2022-07-14,238.5,137739682.449
2022-07-15,238.5,106493546.54699999
2022-07-16,249.8,105765318.5012
2022-07-17,247.8,108151949.9466
2022-07-18,264.1,197300402.3589
2022-07-19,268.6,254199532.08400002
2022-07-20,258.2,199200475.82559997
2022-07-21,265.6,144789256.2432
2022-07-22,262.4,133441503.98079999
2022-07-23,259.2,126574163.2224
2022-07-24,261.4,87282142.51539999
2022-07-25,244.6,112214783.1718
2022-07-26,249.4,91164091.5618
2022-07-27,271.6,178379735.562
2022-07-28,277.2,185677541.28
2022-07-29,293.6,316441851.2856
2022-07-30,287.8,196599375.4434
2022-07-31,283.4,160043709.1682
2022-08-01,283.2,139857698.0928
2022-08-02,283.8,178173636.18780002
2022-08-03,297.5,204062574.45
2022-08-04,311.8,252122774.5936
2022-08-05,315.9,202747012.31069997
2022-08-06,315.2,124279746.54720001
2022-08-07,322.8,133991111.0724
2022-08-08,324.9,188509126.61429998
2022-08-09,324.4,162391199.738
2022-08-10,328.8,273305829.768
2022-08-11,323.6,177843546.9408
2022-08-12,327.9,126191935.61969998
2022-08-13,324.3,131362985.5236
2022-08-14,317.6,120165204.3568
2022-08-15,319.5,145665250.821
2022-08-16,316.1,117265487.9959
2022-08-17,306.9,154750253.0508
2022-08-18,298.1,121938367.21660002
2022-08-19,279.1,242899756.22010005
2022-08-20,283.7,145544087.7722
2022-08-21,301.9,159450359.4971
2022-08-22,300.0,191668795.5
2022-08-23,299.3,120730123.1336
2022-08-24,296.4,101999024.946
2022-08-25,301.2,120063458.47199999
2022-08-26,279.6,166297791.25800002
2022-08-27,277.9,114698421.7764
2022-08-28,276.5,86494460.68900001
2022-08-29,285.9,137715408.86879998
2022-08-30,281.6,122993239.42400001
2022-08-31,279.2,108583544.96399999
2022-09-01,278.3,115548270.8996
2022-09-02,277.5,89191260.57
2022-09-03,277.8,41254656.4974
2022-09-04,279.1,53989329.5128
2022-09-05,276.9,71705511.45809999
2022-09-06,262.5,168242164.3875
2022-09-07,278.9,120436611.10019998
2022-09-08,280.5,108149509.5945
2022-09-09,293.4,158984484.60059997
2022-09-10,296.7,97416265.2114
2022-09-11,295.3,77101041.9585
2022-09-12,294.1,120194602.00880001
2022-09-13,277.4,160426614.34199998
2022-09-14,279.3,118695513.3105
2022-09-15,271.1,141144219.25710002
2022-09-16,274.9,85696726.1682
2022-09-17,279.1,52947489.12410001
2022-09-18,266.2,87282696.3096
2022-09-19,271.9,138133136.76099998
2022-09-20,266.3,89331787.40020001
2022-09-21,264.0,141444816.744
2022-09-22,275.3,93434293.0213
2022-09-23,276.7,100550235.7435
2022-09-24,274.4,89176825.74079998
2022-09-25,274.3,60591662.5314
2022-09-26,276.1,73972619.5065
2022-09-27,272.3,110757980.07050002
2022-09-28,281.6,100807561.39520001
2022-09-29,284.1,85561642.4304
2022-09-30,284.8,111636355.97760001
2022-10-01,282.9,55661847.201299995
2022-10-02,284.7,57136514.459699996
2022-10-03,286.9,79177193.9327
2022-10-04,296.2,95329353.07299998
2022-10-05,294.2,65023697.127
2022-10-06,287.0,129160571.071
2022-10-07,282.3,100071386.79030001
2022-10-08,276.4,50761722.0916
2022-10-09,278.2,47574494.3154
2022-10-10,271.5,58895101.9335
2022-10-11,271.4,60288167.16619999
2022-10-12,270.9,45461599.2936
2022-10-13,271.6,146880522.77920002
2022-10-14,269.4,80385435.7092
2022-10-15,268.2,38643520.831199996
2022-10-16,272.5,50575202.665
2022-10-17,275.6,51588897.048
2022-10-18,273.1,53443244.052700005
2022-10-19,272.0,41794965.12
2022-10-20,269.0,44690448.424
2022-10-21,270.1,52786240.46120001
2022-10-22,270.4,22725736.363199998
2022-10-23,276.0,37091872.668
2022-10-24,274.1,42261311.96540001
2022-10-25,284.2,110134072.125
2022-10-26,290.2,91821873.22719999
2022-10-27,286.7,90521169.4536
2022-10-28,297.9,124119511.5897
2022-10-29,304.4,168529880.45
2022-10-30,313.5,168858750.34050003
2022-10-31,325.7,341268941.0589
2022-11-01,323.9,178159804.17339998
2022-11-02,320.2,179737726.3928
2022-11-03,329.5,205065926.37
2022-11-04,354.6,266556217.77720004
2022-11-05,349.2,143786614.3488
2022-11-06,337.9,132110411.6141
2022-11-07,337.0,249536877.544
2022-11-08,327.4,1016222224.1215999
2022-11-09,267.3,508157587.80270004
2022-11-10,304.0,429016628.64
2022-11-11,290.4,201870294.14639997
2022-11-12,282.8,154227625.594
2022-11-13,276.4,122245893.76439998
2022-11-14,279.0,228424525.263
2022-11-15,277.0,123421688.928
2022-11-16,271.8,109507349.9682
2022-11-17,267.9,98535181.857
2022-11-18,274.1,76185098.9206
2022-11-19,272.6,52912826.72800001
2022-11-20,264.2,81000438.9002
2022-11-21,253.9,147522549.641
2022-11-22,266.7,95255757.4815
2022-11-23,298.8,365746345.8732
2022-11-24,300.2,165347955.031
2022-11-25,300.8,140092631.6864
2022-11-26,311.4,177366829.9122
2022-11-27,307.6,95385481.922
2022-11-28,293.5,177204684.105
2022-11-29,295.4,124807204.529
2022-11-30,300.6,140383114.0164
2022-12-01,292.3,233509038.9405
2022-12-02,293.4,106827610.41899998
2022-12-03,290.4,68063096.772
2022-12-04,291.8,71303309.2794
2022-12-05,288.4,85066115.03599998
2022-12-06,290.2,71943872.8994
2022-12-07,284.2,102719977.05759999
2022-12-08,290.4,81792636.684
2022-12-09,286.0,88207755.35
2022-12-10,288.2,42919502.8306
2022-12-11,284.4,58683137.5224
2022-12-12,276.1,140123465.4435
2022-12-13,272.2,356484738.58479995
2022-12-14,267.7,155288195.2747
2022-12-15,258.8,90810115.6432
2022-12-16,231.2,202739287.16719997
2022-12-17,242.1,190968115.1553
2022-12-18,251.0,132060996.177
2022-12-19,240.4,98272443.3608
2022-12-20,251.4,80575969.1364
2022-12-21,246.2,48021650.987
2022-12-22,245.8,60492411.3768
2022-12-23,246.2,43153939.2006
2022-12-24,244.5,23661177.2295
2022-12-25,243.2,30404104.486399997
2022-12-26,244.3,28611919.5824
2022-12-27,246.7,48511611.00399999
2022-12-28,244.5,51010607.619
2022-12-29,246.3,39890567.2158
2022-12-30,245.8,31562325.8114
2022-12-31,246.3,33039004.899299998
2023-01-01,244.4,26749608.5948
2023-01-02,245.2,42530651.08
2023-01-03,246.1,28316263.785099998
2023-01-04,258.9,95807260.72979999
2023-01-05,256.7,37297987.10209999
2023-01-06,259.9,51849290.05239999
2023-01-07,261.3,30089418.801000003
2023-01-08,274.9,65236213.861
2023-01-09,272.6,119352029.47280002
2023-01-10,277.1,72028975.5302
2023-01-11,284.8,75787360.17920001
2023-01-12,287.7,112649982.5157
2023-01-13,293.7,92087229.8907
2023-01-14,305.1,215523276.74370003
2023-01-15,302.2,87244193.5096
2023-01-16,299.0,104946306.907
2023-01-17,299.4,83830166.47439998
2023-01-18,286.7,178059239.4555
2023-01-19,294.6,63492824.211600006
2023-01-20,305.1,129310269.3936
2023-01-21,299.0,151892007.176
2023-01-22,303.0,117811003.176
2023-01-23,305.1,92123726.12550001
2023-01-24,300.3,189116411.1837
2023-01-25,306.9,137257507.61909997
2023-01-26,304.7,104312431.6135
2023-01-27,308.0,83568651.32
2023-01-28,306.1,70255398.58
2023-01-29,317.2,136617619.0756
2023-01-30,307.2,127093620.3264
2023-01-31,312.0,86755330.896
2023-02-01,317.0,123940191.791
2023-02-02,323.5,190106677.5035
2023-02-03,332.2,192535533.2164
2023-02-04,330.4,70081020.4304
2023-02-05,327.8,129977522.26580001
2023-02-06,324.3,94359949.5
2023-02-07,333.0,88546309.389
2023-02-08,328.2,94149377.5494
2023-02-09,306.2,172884369.5464
2023-02-10,305.8,90451045.66080001
2023-02-11,310.4,47953311.4144
2023-02-12,312.6,91122984.40200001
2023-02-13,294.3,313719560.31420004
2023-02-14,296.2,146529741.3148
2023-02-15,317.4,147883624.7082
2023-02-16,304.4,261218391.31599998
2023-02-17,313.0,159234428.409
2023-02-18,316.5,89406625.935
2023-02-19,311.5,104665331.351
2023-02-20,315.4,162268189.5738
2023-02-21,311.5,119977744.01550001
2023-02-22,312.4,115070973.62639998
2023-02-23,308.3,92687694.6003
2023-02-24,302.3,99373990.72000001
2023-02-25,302.4,53990014.57919999
2023-02-26,308.7,46743096.544199996
2023-02-27,304.6,71400013.0766
2023-02-28,301.4,56256066.4688
2023-03-01,302.7,60807554.4111
2023-03-02,299.8,60249259.6316
2023-03-03,290.4,77428644.5856
2023-03-04,289.6,37024452.104
2023-03-05,288.7,37085408.583299994
2023-03-06,287.8,59062533.8646
2023-03-07,289.3,58036865.5801
2023-03-08,287.1,74915407.1754
2023-03-09,277.1,88394027.41210002
2023-03-10,277.4,112150870.4328
2023-03-11,276.0,102216657.132
2023-03-12,288.1,91109642.00770001
2023-03-13,307.9,305360583.6656
2023-03-14,308.4,217021760.94719997
2023-03-15,306.3,126579018.0699
2023-03-16,329.4,412179501.36599994
2023-03-17,338.9,246291327.90519997
2023-03-18,331.0,219353207.14100003
2023-03-19,336.7,135344180.8173
2023-03-20,332.5,170075253.565
2023-03-21,334.4,159657169.6016
2023-03-22,321.1,413003885.9947
2023-03-23,329.4,126191358.2754
2023-03-24,322.1,98894363.6442
2023-03-25,322.4,102238950.23679999
2023-03-26,328.6,67264483.4198
2023-03-27,310.6,179539085.78300002
2023-03-28,313.2,103167586.3968
2023-03-29,313.7,102668434.2962
2023-03-30,316.4,156983991.9032
2023-03-31,316.9,84380983.2816
2023-04-01,314.9,58541227.22669999
2023-04-02,313.7,46994037.7379
2023-04-03,308.8,139261689.2624
2023-04-04,310.8,95098731.63
2023-04-05,313.9,100557978.94569999
2023-04-06,312.3,72655704.0081
2023-04-07,310.3,55811601.2286
2023-04-08,310.5,51348299.111999996
2023-04-09,312.8,51283161.18000001
2023-04-10,318.5,86485247.94
2023-04-11,322.3,213078225.6856
2023-04-12,319.9,113313930.0076
2023-04-13,324.7,113044936.5415
2023-04-14,328.9,223637219.56289998
2023-04-15,333.0,139297610.619
2023-04-16,347.7,219954594.7629
2023-04-17,340.0,189161199.12
2023-04-18,343.1,134384528.6347
2023-04-19,322.4,173271972.0368
2023-04-20,318.1,116887096.08730002
2023-04-21,321.2,292540574.7528
2023-04-22,332.2,126861211.0304
2023-04-23,330.7,127194546.32779999
2023-04-24,331.2,146647177.3728
2023-04-25,338.4,147780932.40719998
2023-04-26,330.6,224659753.67040002
2023-04-27,330.9,159775381.6713
2023-04-28,324.1,321251211.5596
2023-04-29,321.9,72906708.9891
2023-04-30,337.5,240205745.025
2023-05-01,328.5,236324513.592
2023-05-02,321.5,140638979.3415
2023-05-03,325.9,198396640.27509996
2023-05-04,323.8,63260892.778400004
2023-05-05,326.5,92901039.26200001
2023-05-06,321.9,88640867.7804
2023-05-07,321.0,65348287.299
2023-05-08,313.8,118990486.9422
2023-05-09,312.1,81355745.24450001
2023-05-10,314.3,113194142.6973
2023-05-11,307.5,89745310.1025
2023-05-12,308.5,100882253.97950001
2023-05-13,310.7,47115341.5278
2023-05-14,312.1,60199352.634100005
2023-05-15,313.4,63587346.5914
2023-05-16,311.4,56882881.8396
2023-05-17,314.3,69546579.7502
2023-05-18,309.3,73172735.9598
2023-05-19,308.9,59217616.4268
2023-05-20,310.6,32453322.093000002
2023-05-21,306.4,43871096.2456
2023-05-22,309.0,68623472.415
2023-05-23,313.5,70797764.565
2023-05-24,306.0,89563941.72
2023-05-25,304.5,87489701.859
2023-05-26,306.8,122287072.98600002
2023-05-27,307.4,44493717.2364
2023-05-28,314.1,80796941.5239
2023-05-29,311.6,143798761.83400002
2023-05-30,311.5,90741379.78500001
2023-05-31,306.8,134112225.8424
2023-06-01,304.9,77938148.3378
2023-06-02,307.2,92339304.96
2023-06-03,306.6,48689896.91160001
2023-06-04,305.0,57280655.235
2023-06-05,276.9,303487943.2611
2023-06-06,281.2,199282385.096
2023-06-07,259.3,308116812.93410003
2023-06-08,262.0,151921753.24
2023-06-09,260.5,132766560.5105
2023-06-10,238.7,382779845.6174
2023-06-11,235.4,94763179.30860001
2023-06-12,231.3,365255507.592
2023-06-13,244.2,300532305.3282
2023-06-14,237.9,230860947.71220002
2023-06-15,236.4,142346361.47160003
2023-06-16,239.3,134626956.3897
2023-06-17,244.5,120126095.004
2023-06-18,244.1,87846459.26210001
2023-06-19,243.1,103335554.79389998
2023-06-20,247.7,158297557.75439999
2023-06-21,248.8,250374544.98160002
2023-06-22,240.8,248657417.41680002
2023-06-23,244.3,155934294.1499
2023-06-24,236.4,187109666.22000003
2023-06-25,238.8,122551825.2024
2023-06-26,236.1,124247174.049
2023-06-27,237.5,85561714.375
2023-06-28,230.6,148345913.2382
2023-06-29,233.1,82057254.5394
2023-06-30,240.3,202678534.43820003
2023-07-01,247.9,179256341.5079
2023-07-02,246.5,147449413.52949998
2023-07-03,246.5,215439207.20549998
2023-07-04,242.5,118560445.83749999
2023-07-05,238.9,124231749.29660001
2023-07-06,232.2,156334557.40019998
2023-07-07,235.6,101669548.4616
2023-07-08,236.3,61373660.4723
2023-07-09,234.1,55042371.3189
2023-07-10,246.2,293920090.20879996
2023-07-11,248.6,164111148.06239998
2023-07-12,243.9,146191394.65680003
2023-07-13,256.1,265788619.2351
2023-07-14,248.1,265744548.47759998
2023-07-15,251.1,96365318.1903
2023-07-16,242.3,104919924.36070001
2023-07-17,244.1,193509093.06780002
2023-07-18,240.2,223987645.9942
2023-07-19,240.8,107078102.8856
2023-07-20,242.8,109111357.84
2023-07-21,243.7,71937263.6919
2023-07-22,241.1,44466681.2953
2023-07-23,242.5,41693299.7525
2023-07-24,238.9,110718610.6522
2023-07-25,237.7,73021751.8624
2023-07-26,239.0,76161607.546
2023-07-27,240.6,74629305.35339999
2023-07-28,241.9,56299607.4001
2023-07-29,242.4,24823432.3176
2023-07-30,242.5,61897284.01
2023-07-31,241.0,80277044.811
2023-08-01,247.7,201398720.8475
2023-08-02,240.7,151728758.9793
2023-08-03,241.1,73286365.8247
2023-08-04,241.7,66398698.64479999
2023-08-05,243.2,42905898.9824
2023-08-06,243.2,67645899.3024
2023-08-07,242.1,73138057.7445
2023-08-08,245.2,92589377.1448
2023-08-09,243.8,71729033.3428
2023-08-10,241.5,63242551.68
2023-08-11,239.7,68879521.7988
2023-08-12,240.3,27400244.986800004
2023-08-13,240.2,31917506.495599996
2023-08-14,240.4,48383373.501200005
2023-08-15,236.7,94165969.7349
2023-08-16,232.0,99067358.19999999
2023-08-17,218.1,223285079.0841
2023-08-18,216.1,145769232.19869998
2023-08-19,216.8,70090285.10640001
2023-08-20,216.5,41234034.2445
2023-08-21,210.4,164553129.2688
2023-08-22,210.9,184732707.1419
2023-08-23,216.6,139944506.4486
2023-08-24,219.0,80781656.409
2023-08-25,218.4,83143155.732
2023-08-26,216.5,31789836.1715
2023-08-27,218.4,40808735.3856
2023-08-28,218.8,67897893.9096
2023-08-29,226.9,151160700.3581
2023-08-30,223.8,68280135.22440001
2023-08-31,216.7,97952281.7471
2023-09-01,213.7,98693762.9606
2023-09-02,214.4,44537253.2544
2023-09-03,214.4,36117447.0848
2023-09-04,215.2,65703883.764
2023-09-05,214.6,52097171.3534
2023-09-06,215.2,64737200.844799995
2023-09-07,217.1,53783376.181600004
2023-09-08,214.7,50506950.3512
2023-09-09,214.1,20286455.8686
2023-09-10,212.4,59786857.299600005
2023-09-11,206.1,119557192.6503
2023-09-12,210.7,110350964.2893
2023-09-13,212.5,64059160.9375
2023-09-14,212.2,75123585.7466
2023-09-15,214.1,66982683.05769999
2023-09-16,214.9,62041003.56650001
2023-09-17,216.5,72095034.322
2023-09-18,216.0,129633827.75999999
2023-09-19,217.2,75425251.6656
2023-09-20,214.4,79076239.9424
2023-09-21,210.8,86915413.6572
2023-09-22,211.1,50173664.3085
2023-09-23,210.5,24758633.205000002
2023-09-24,208.3,38572890.266600005
2023-09-25,209.9,57177067.50350001
2023-09-26,212.6,59678858.62139999
2023-09-27,212.0,86785888.164
2023-09-28,215.0,84728391.745
2023-09-29,215.2,80038036.4072
2023-09-30,214.6,38429528.47759999
2023-10-01,218.2,90562726.9196
2023-10-02,214.6,121452684.5856
2023-10-03,213.5,62878116.2205
2023-10-04,213.4,70183523.366
2023-10-05,210.6,54624172.6134
2023-10-06,213.4,55242122.41020001
2023-10-07,212.3,26662925.1416
2023-10-08,211.4,47619605.677
2023-10-09,205.8,117783086.589
2023-10-10,208.6,120513437.9204
2023-10-11,206.6,82061688.7922
2023-10-12,205.1,72916528.08579999
2023-10-13,206.1,68281119.61199999
2023-10-14,206.5,29476043.758
2023-10-15,209.7,76672727.17379999
2023-10-16,214.6,165924387.226
2023-10-17,211.4,78811614.58240001
2023-10-18,210.2,54850079.44759999
2023-10-19,211.2,57972602.476799995
2023-10-20,212.1,73159060.3926
2023-10-21,214.2,56373694.07039999
2023-10-22,217.8,63563856.02820001
2023-10-23,228.5,192258338.20250002
2023-10-24,225.2,227769345.084
2023-10-25,222.1,138765809.47169998
2023-10-26,223.2,162087989.09759998
2023-10-27,224.1,217582609.28489998
2023-10-28,225.7,78473957.33089998
2023-10-29,227.1,61097575.07159999
2023-10-30,228.0,90543422.928
2023-10-31,226.2,105244813.2216
2023-11-01,227.9,131873698.7032
2023-11-02,231.9,192295349.71530002
2023-11-03,230.2,115415785.1372
2023-11-04,237.1,92820132.53369999
2023-11-05,244.0,149645071.412
2023-11-06,255.1,215540195.0524
2023-11-07,246.2,212974277.92959997
2023-11-08,246.7,123449467.46639998
2023-11-09,251.6,332217791.25839996
2023-11-10,251.0,204548990.718
2023-11-11,251.5,185797363.1165
2023-11-12,247.4,157625024.10660002
2023-11-13,241.1,229989516.9652
2023-11-14,242.3,240570977.2452
2023-11-15,253.7,231200979.05209997
2023-11-16,242.7,264579220.54799998
2023-11-17,244.9,185418124.2402
2023-11-18,244.8,118908470.72160001
2023-11-19,246.4,93410512.0256
2023-11-20,253.1,385672408.198
2023-11-21,225.5,913363571.439
2023-11-22,236.1,422940862.1445
2023-11-23,233.8,167895141.34260002
2023-11-24,232.7,143553634.1005
2023-11-25,234.4,73446489.08160001
2023-11-26,231.7,101397648.0874
2023-11-27,227.2,188836606.1248
2023-11-28,229.6,125688289.11519998
2023-11-29,227.3,94677041.9273
2023-11-30,227.6,82135017.76439999
2023-12-01,228.5,97313414.3375
2023-12-02,229.0,104469097.657
2023-12-03,228.1,135648700.9534
2023-12-04,233.5,344605364.22849995
2023-12-05,231.2,199247323.056
2023-12-06,229.4,197007373.8808
2023-12-07,232.6,184584672.0522
2023-12-08,238.9,182672142.428
2023-12-09,237.7,199215947.60709998
2023-12-10,239.8,103975249.8532
2023-12-11,246.4,495440859.02080005
2023-12-12,254.6,478054942.14339995
2023-12-13,252.0,289593949.428
2023-12-14,253.3,207439221.1471
2023-12-15,244.9,160569883.0508
2023-12-16,244.4,108533232.65200001
2023-12-17,238.8,111031838.1048
2023-12-18,241.7,211774940.27479997
2023-12-19,252.9,396842433.9426
2023-12-20,260.3,290742345.82060003
2023-12-21,272.1,350129478.38130003
2023-12-22,271.1,262375980.58310002
2023-12-23,271.0,110625834.65200001
2023-12-24,264.5,151464638.2075
2023-12-25,266.9,125374519.59869999
2023-12-26,297.7,701454239.2065
2023-12-27,324.1,689183939.101
2023-12-28,322.6,725571344.2494
2023-12-29,313.7,441383033.538
2023-12-30,317.1,178163717.26229998
2023-12-31,311.8,208001018.27260002
2024-01-01,313.5,194199192.03300002
2024-01-02,312.2,292770150.8914
2024-01-03,315.8,673335534.9276
2024-01-04,323.7,367002953.58089995
2024-01-05,317.5,367365367.63
2024-01-06,307.5,279627641.2725
2024-01-07,302.4,150706207.71359998
2024-01-08,303.7,299020238.7154
2024-01-09,301.1,421988685.67050004
2024-01-10,305.8,315758522.8666
2024-01-11,308.2,363553195.5526
2024-01-12,296.6,297590873.5684
2024-01-13,302.2,131996197.02579999
2024-01-14,299.5,117719956.6265
2024-01-15,317.5,541191732.5749999
2024-01-16,315.2,299802305.06399995
2024-01-17,309.4,331473677.6624
2024-01-18,313.0,288311151.25699997
2024-01-19,314.7,263002468.68
2024-01-20,317.2,103435807.31639999
2024-01-21,318.6,114620910.12180002
2024-01-22,305.9,215487476.2173
2024-01-23,298.8,277344778.94640005
2024-01-24,293.1,235157886.0765
2024-01-25,292.1,293314177.61990005
2024-01-26,302.2,214544594.4888
2024-01-27,305.6,87205303.03520001
2024-01-28,305.3,124990753.3021
2024-01-29,310.7,137577806.2035
2024-01-30,307.6,118849093.6492
2024-01-31,300.5,137931813.24899998
2024-02-01,300.2,112055590.65779999
2024-02-02,301.4,93283797.00859998
2024-02-03,299.7,59559669.3114
2024-02-04,304.7,153387601.9181
2024-02-05,301.2,147188088.0252
2024-02-06,302.7,78932754.5667
2024-02-07,307.3,108299215.7597
2024-02-08,319.2,294141683.4384
2024-02-09,324.0,239493698.244
2024-02-10,323.0,103837091.672
2024-02-11,320.7,89894809.2735
2024-02-12,327.8,189053458.3036
2024-02-13,324.7,143369931.001
2024-02-14,333.9,151078724.62199998
2024-02-15,354.2,482275320.74259996
2024-02-16,360.4,382692897.3544
2024-02-17,352.9,222421054.908
2024-02-18,349.8,173384538.3732
2024-02-19,351.6,292150604.9544
2024-02-20,354.6,344901887.8668
2024-02-21,379.2,645176686.6896
2024-02-22,382.6,539331126.2306
2024-02-23,375.5,385973181.27250004
2024-02-24,381.7,169699041.4977
2024-02-25,388.5,249806537.6835
2024-02-26,401.6,480418901.1264
2024-02-27,394.6,361403514.60580003
2024-02-28,414.6,558884529.327
2024-02-29,399.4,457722130.18279994
2024-03-01,407.4,238972940.9214
2024-03-02,410.9,242438619.31869996
2024-03-03,414.5,347464716.417
2024-03-04,418.4,437401218.0184
2024-03-05,394.1,817089023.639
2024-03-06,429.4,774955833.4928
2024-03-07,474.6,793594990.986
2024-03-08,485.8,806579259.1738
2024-03-09,488.3,416045878.38030005
2024-03-10,528.9,1028254103.7276
2024-03-11,523.0,841060565.631
2024-03-12,537.5,1034562631.7624999
2024-03-13,630.5,1592644616.6019998
2024-03-14,603.2,1278506708.96
2024-03-15,632.7,1940056100.9676003
2024-03-16,576.4,1044343447.4087999
2024-03-17,571.7,979276558.9497001
2024-03-18,555.4,1268701227.4955997
2024-03-19,507.7,1295326239.6424
2024-03-20,556.8,793605135.1871998
2024-03-21,553.8,528281655.81359994
2024-03-22,553.8,654203114.8379999
2024-03-23,551.9,335970962.2751
2024-03-24,567.7,251451559.695
2024-03-25,587.0,471182265.54399997
2024-03-26,580.4,330435695.4516
2024-03-27,574.3,305337163.2686
2024-03-28,583.4,293976207.44159997
2024-03-29,612.5,638470716.0125
2024-03-30,600.7,300962802.90360004
2024-03-31,606.7,197260597.87890002
2024-04-01,575.8,416369093.02199996
2024-04-02,551.4,550441012.8396
2024-04-03,561.5,384024018.3295
2024-04-04,585.5,515029618.14000005
2024-04-05,577.8,366444584.4581999
2024-04-06,585.4,132871748.0584
2024-04-07,583.9,154061557.2224
2024-04-08,586.4,283564458.1568
2024-04-09,580.5,346138097.256
2024-04-10,609.7,497546111.79
2024-04-11,604.6,350473436.0924
2024-04-12,595.6,903955615.1048001
2024-04-13,553.1,974356708.4163
2024-04-14,566.4,546852404.8992
2024-04-15,552.7,386029613.56810004
2024-04-16,537.6,335284353.8688
2024-04-17,534.1,351389388.1078
2024-04-18,552.1,325571877.1216
2024-04-19,554.0,302209317.38199997
2024-04-20,570.9,138233649.2031
2024-04-21,579.6,160987217.6304
2024-04-22,604.5,316088308.9065
2024-04-23,606.2,337582683.13280004
2024-04-24,608.8,399953398.55759996
2024-04-25,613.2,278236751.0244
2024-04-26,598.0,180667690.632
2024-04-27,596.2,160248968.33440003
2024-04-28,600.2,154887270.4862
2024-04-29,592.8,195904990.16399997
2024-04-30,578.4,443351377.16639996
2024-05-01,561.8,375859547.2524
2024-05-02,560.5,201664713.5575
2024-05-03,587.0,201286076.171
2024-05-04,585.7,115458602.3107
2024-05-05,592.0,106831275.712
2024-05-06,588.2,163913108.74100003
2024-05-07,576.5,166890240.7385
2024-05-08,588.6,174823980.76620004
2024-05-09,596.8,277427016.2768
2024-05-10,585.6,173463806.1696
2024-05-11,592.2,124775536.221
2024-05-12,594.8,113720146.27759999
2024-05-13,591.7,230650746.22620004
2024-05-14,567.1,257071146.0036
2024-05-15,581.0,234034348.933
2024-05-16,569.2,234474572.2752
2024-05-17,580.9,137626604.9344
2024-05-18,580.3,97533754.7933
2024-05-19,574.5,81669475.1325
2024-05-20,599.6,281363982.4776
2024-05-21,618.5,633071620.6405
2024-05-22,614.8,248900849.8076
2024-05-23,599.3,364177797.83709997
2024-05-24,600.3,151254695.1528
2024-05-25,602.4,73215068.2992
2024-05-26,600.2,73814792.73200001
2024-05-27,603.9,138475705.4703
2024-05-28,601.7,171402058.0745
2024-05-29,595.7,126709115.5078
2024-05-30,595.1,134166689.91440001
2024-05-31,593.7,100102601.65980001
2024-06-01,601.9,94176219.6986
2024-06-02,602.9,119555067.5884
2024-06-03,626.4,409766742.9287999
2024-06-04,685.7,504896461.88171005
2024-06-05,698.8,470865810.9617599
2024-06-06,711.2,386923352.58304006
2024-06-07,684.0,406811729.15999997
2024-06-08,682.7,148043135.2171
2024-06-09,673.0,116809769.94
2024-06-10,625.1,432645847.2616
2024-06-11,602.5,385995191.8
2024-06-12,619.4,281299680.62340003
2024-06-13,599.8,188016590.1056
2024-06-14,603.3,168804597.8805
2024-06-15,608.2,74595849.8154
2024-06-16,610.8,64028425.66319999
2024-06-17,604.3,142318105.62039998
2024-06-18,588.6,270251318.4678
2024-06-19,599.3,156135066.8566
2024-06-20,587.7,170138428.3044
2024-06-21,586.1,112052130.0654
2024-06-22,591.1,59369838.102400005
2024-06-23,577.5,81442419.135
2024-06-24,568.1,202763552.38880002
2024-06-25,578.2,102515264.1618
2024-06-26,573.0,88683407.112
2024-06-27,581.7,116096983.77270001
2024-06-28,567.4,119329079.781
2024-06-29,570.0,56972166.33
2024-06-30,582.2,98912372.9656
2024-07-01,576.9,108735237.5319
2024-07-02,580.1,83860377.91340001
2024-07-03,556.7,160507080.41360003
2024-07-04,513.6,262634236.1184
2024-07-05,497.7,494070853.22279996
2024-07-06,526.0,119190096.16600001
2024-07-07,490.7,136918774.13129997
2024-07-08,510.6,296643331.0176
2024-07-09,516.9,105116060.85689999
2024-07-10,524.7,107804971.13760002
2024-07-11,524.8,137911445.20959997
2024-07-12,533.8,110961421.29639998
2024-07-13,532.4,85784776.6644
2024-07-14,544.8,80938905.5304
2024-07-15,585.3,196293683.4516
2024-07-16,576.2,200416782.28600004
2024-07-17,568.9,112796488.52449998
2024-07-18,571.9,87570348.2696
2024-07-19,593.4,196936125.70859998
2024-07-20,593.1,85809354.51240002
2024-07-21,602.5,146968887.2075
2024-07-22,587.2,124752219.568
2024-07-23,581.9,124733355.47089998
2024-07-24,574.9,92291691.0792
2024-07-25,570.6,163760786.0532
2024-07-26,580.9,90325837.228
2024-07-27,581.6,107287086.068
2024-07-28,583.9,54073018.2638
2024-07-29,574.3,122799174.31269999
2024-07-30,588.2,97067359.7266
2024-07-31,576.5,112245543.3095
2024-08-01,575.1,161268889.2615
2024-08-02,542.9,153969155.0429
2024-08-03,529.6,130163777.24000001
2024-08-04,496.9,193909403.81649998
2024-08-05,464.2,981634339.9499999
2024-08-06,484.8,222433515.3936
2024-08-07,475.0,153036681.32500002
2024-08-08,517.1,148275636.79680002
2024-08-09,508.7,99260141.4222
2024-08-10,523.1,66021621.6978
2024-08-11,503.4,103719888.6276
2024-08-12,518.2,148179988.01540002
2024-08-13,524.2,133686462.32740001
2024-08-14,523.4,115592895.75739999
2024-08-15,519.2,119223016.47520001
2024-08-16,519.7,90446582.47770001
2024-08-17,541.6,106351601.37760001
2024-08-18,531.2,79090377.56160001
2024-08-19,558.4,130260956.55680001
2024-08-20,569.4,240317372.7942
2024-08-21,570.1,197027569.07700002
2024-08-22,582.9,212770323.5436
2024-08-23,591.7,229445084.6971
2024-08-24,580.5,188760544.7085
2024-08-25,573.9,112475538.4101
2024-08-26,548.2,154036292.7632
2024-08-27,533.3,158962850.33419997
2024-08-28,537.0,144879795.249
2024-08-29,536.4,89142767.4132
2024-08-30,535.2,105876419.00400001
2024-08-31,532.9,51133924.9688
2024-09-01,512.4,104375299.4508
2024-09-02,526.3,138408703.40379998
2024-09-03,518.7,116438631.855
2024-09-04,507.6,221258934.5256
2024-09-05,502.4,89044029.568
2024-09-06,487.2,174273742.9944
2024-09-07,493.5,69271268.472
2024-09-08,503.1,68259185.7363
2024-09-09,518.7,107645053.69800001
2024-09-10,517.0,83453008.804
2024-09-11,530.1,108182597.02020001
2024-09-12,544.5,149126462.1
2024-09-13,556.4,153979957.09719998
2024-09-14,553.3,76594958.9812
2024-09-15,553.4,113588000.786
2024-09-16,533.7,143006884.35300002
2024-09-17,546.2,106666502.23200001
2024-09-18,559.5,112561880.10749999
2024-09-19,567.0,174878529.71400002
2024-09-20,569.0,146277216.421
2024-09-21,588.6,122871562.57800001
2024-09-22,588.7,119493614.2617
2024-09-23,604.5,227298170.1315
2024-09-24,605.9,158516849.1729
2024-09-25,587.4,129694365.0552
2024-09-26,596.3,199365435.74619997
2024-09-27,606.8,216567915.15199998
2024-09-28,601.1,157844881.3191
2024-09-29,595.6,95357396.8304
2024-09-30,567.4,183886814.5738
2024-10-01,547.3,260718912.79849997
2024-10-02,542.5,153090062.1775
2024-10-03,544.8,120238635.9216
2024-10-04,555.3,103379994.4284
2024-10-05,563.0,70322293.066
2024-10-06,570.3,60900820.002
2024-10-07,564.3,120222239.2668
2024-10-08,580.8,166269203.6016
2024-10-09,570.7,185132828.0178
2024-10-10,563.9,100486026.4451
2024-10-11,573.6,106170697.3488
2024-10-12,576.6,78287264.75940001
2024-10-13,572.2,67965902.26720001
2024-10-14,589.1,148926350.98160002
2024-10-15,594.5,192799855.7665
2024-10-16,600.9,156204633.4161
2024-10-17,592.9,115140833.7464
2024-10-18,599.2,81936806.4648
2024-10-19,597.7,47182580.85030001
2024-10-20,605.9,74872309.3363
2024-10-21,598.8,165197409.86639997
2024-10-22,593.8,120990867.4092
2024-10-23,584.9,132011032.1785
2024-10-24,594.5,86667123.7465
2024-10-25,575.3,146249712.8829
2024-10-26,583.4,70000670.7458
2024-10-27,589.2,55652944.330800004
2024-10-28,601.1,114098326.6702
2024-10-29,606.3,182833012.9491
2024-10-30,595.6,111202260.9636
2024-10-31,576.6,160961450.505
2024-11-01,573.1,138836445.95040002
2024-11-02,568.6,81717260.4658
2024-11-03,557.7,121304472.60360001
2024-11-04,552.5,146385887.7325
2024-11-05,563.21,119083856.86713001
2024-11-06,592.22,317391382.46794003
2024-11-07,598.26,225903278.71956
2024-11-08,597.82,190556749.87476
2024-11-09,624.66,482345370.6723
2024-11-10,627.33,509883628.00551003
2024-11-11,659.63,663841564.72694
2024-11-12,625.33,729421814.59929
2024-11-13,620.68,642200287.7175199
2024-11-14,622.3,660042308.31
2024-11-15,619.37,405630504.84077
2024-11-16,622.69,278895330.77287
2024-11-17,618.9,368753230.70640004
2024-11-18,618.93,299179705.43447995
2024-11-19,615.5,258781564.75500003
2024-11-20,605.39,248901635.56492
2024-11-21,621.86,402526966.9538801
2024-11-22,633.0,368827529.25899994
2024-11-23,650.42,696720129.48824
2024-11-24,659.65,603297002.9011999
2024-11-25,636.2,498469882.6980001
2024-11-26,613.51,499778705.18237996
2024-11-27,644.14,405565929.2839
2024-11-28,653.83,447736002.47524005
2024-11-29,654.67,281438528.2191
2024-11-30,653.43,356650306.96167
2024-12-01,655.99,284973373.79547
2024-12-02,647.82,499877470.98144007
2024-12-03,734.64,1157533898.32272
2024-12-04,739.53,1547818857.79884
2024-12-05,717.1,831190171.1348001
2024-12-06,730.22,545575457.2145
2024-12-07,749.72,333832452.42156005
2024-12-08,742.0,254595458.488
2024-12-09,689.19,736130540.68356
2024-12-10,676.8,666513824.4
2024-12-11,711.21,374679155.77542
2024-12-12,705.77,407142455.58804995
2024-12-13,725.72,398128753.92168003
2024-12-14,715.79,244749462.69955
2024-12-15,718.87,203050435.09164998
2024-12-16,720.58,348648708.00074005
2024-12-17,717.69,360903960.74568003
2024-12-18,686.38,498707249.98036
2024-12-19,665.62,559298174.4176
2024-12-20,678.6,666622306.9116
2024-12-21,663.49,351276678.62361
2024-12-22,649.77,216831092.39352
2024-12-23,694.16,420913697.40856
2024-12-24,696.9,269655849.62729996
2024-12-25,702.72,163389602.88
2024-12-26,689.4,262730341.37879997
2024-12-27,691.85,240179908.34955
2024-12-28,722.13,248594596.38392997
2024-12-29,694.71,167792016.91824
2024-12-30,705.36,209680323.77208
2024-12-31,702.3,165366951.5136
2025-01-01,707.84,96056251.47776
2025-01-02,706.25,206602004.01874998
2025-01-03,714.88,208531693.424
2025-01-04,713.41,119335131.25341998
2025-01-05,709.29,81670732.46505
2025-01-06,729.42,260656675.31177998
2025-01-07,698.01,304399845.00281996
2025-01-08,696.03,297398276.41071
2025-01-09,685.48,227515321.08743998
2025-01-10,693.21,162620471.49327
2025-01-11,696.7,61124828.192999996
2025-01-12,693.34,54227019.2753
2025-01-13,688.64,266248843.94752002
2025-01-14,698.89,111629233.09401
2025-01-15,714.59,202027992.99168
2025-01-16,708.1,189844956.48060003
2025-01-17,721.76,209130882.40928
2025-01-18,709.52,262863293.14112
2025-01-19,683.19,487104425.74062
2025-01-20,682.51,456078084.74236995
2025-01-21,692.21,203650584.66091
2025-01-22,695.52,151908685.25616
2025-01-23,689.74,228435994.86144
2025-01-24,680.45,190923590.33725
2025-01-25,686.4,96235528.6464
2025-01-26,667.37,130729219.30816
2025-01-27,679.74,330807566.9733
2025-01-28,661.29,133971715.84145999
2025-01-29,667.97,170690474.09986
2025-01-30,677.53,98526020.31013
2025-01-31,677.47,129198854.59167
2025-02-01,652.94,115812863.63368002
2025-02-02,617.8,313056930.9334
2025-02-03,617.21,827590277.9908501
2025-02-04,572.69,314734086.87237
2025-02-05,569.55,129319303.39874999
2025-02-06,571.72,191150553.08916
2025-02-07,577.71,128640927.21480002
2025-02-08,612.39,300564408.31494
2025-02-09,615.81,476693022.43250996
2025-02-10,618.65,222793829.35869998
2025-02-11,642.11,313695964.14401
2025-02-12,696.93,573027431.06739
2025-02-13,664.72,1174508189.1004002
2025-02-14,659.71,429115543.84625
2025-02-15,662.21,169493243.50237
2025-02-16,673.1,243800833.6953
2025-02-17,667.51,215839542.73276
2025-02-18,648.18,237465272.48183998
2025-02-19,653.38,230511316.01134002
2025-02-20,656.36,141704427.38048
2025-02-21,647.47,205459813.04785
2025-02-22,668.57,199182503.12688002
2025-02-23,658.42,109730968.91946
2025-02-24,614.2,221202381.37260002
2025-02-25,623.49,403669006.23587996
2025-02-26,611.57,261773628.53667
2025-02-27,605.41,178909622.60755998
2025-02-28,588.07,353429669.52433
2025-03-01,607.93,177670190.64308
2025-03-02,623.94,292671055.36620003
2025-03-03,576.1,286868925.29190004
2025-03-04,584.01,285504881.68251
2025-03-05,598.24,123360670.26112
2025-03-06,596.5,133437879.135
2025-03-07,594.77,172104986.43041
2025-03-08,593.1,69523556.2461
2025-03-09,554.65,136656277.7036
2025-03-10,531.49,217993078.9838
2025-03-11,551.61,381642698.08880997
2025-03-12,569.87,209270061.12257
2025-03-13,579.8,375418776.8344
2025-03-14,587.76,125199981.31632
2025-03-15,619.83,157637650.49847
2025-03-16,602.2,154027293.0952
2025-03-17,631.69,373750875.15096
2025-03-18,627.81,278394705.93573
2025-03-19,618.7,247476068.16150004
2025-03-20,630.47,364709320.64875
2025-03-21,635.17,166545111.26173002
2025-03-22,627.01,87910616.10183
2025-03-23,623.79,97063332.13062
2025-03-24,637.08,195950512.34628
2025-03-25,629.82,349280258.02974004
2025-03-26,617.99,137251769.09165
2025-03-27,637.36,473814601.20392
2025-03-28,619.81,196986253.93959996
2025-03-29,602.99,153414079.16039
2025-03-30,602.2,117820071.69100001
2025-03-31,604.81,154083977.53388998
2025-04-01,611.13,345657003.55797
2025-04-02,590.68,235981360.04075998
2025-04-03,592.67,301033992.39238
2025-04-04,597.71,105881580.02255
2025-04-05,593.13,50972452.79727
2025-04-06,555.54,184581645.4581
2025-04-07,554.6,403357174.756
2025-04-08,553.72,117494876.7192
2025-04-09,582.32,220332492.35464
2025-04-10,578.03,213420157.40989
2025-04-11,585.93,102362392.8696
2025-04-12,597.29,90351286.60132
2025-04-13,584.28,84660001.3998
2025-04-14,584.54,89918499.2893
2025-04-15,579.52,82083548.34208
2025-04-16,582.8,101720716.09439999
2025-04-17,590.49,89664878.45691
2025-04-18,591.71,113357285.84908
2025-04-19,591.73,57166445.34519
2025-04-20,592.77,68372224.58646
2025-04-21,597.34,102698528.91748
2025-04-22,618.51,176564914.11563998
2025-04-23,605.71,190268925.10808
2025-04-24,601.55,122845100.13399999
2025-04-25,599.91,154432764.01014
2025-04-26,607.23,83514249.81666
2025-04-27,603.46,73492059.88696
2025-04-28,606.16,87152477.32927999
2025-04-29,601.0,142322808.197
2025-04-30,599.88,126323128.72031999
2025-05-01,599.63,93679732.58526999
2025-05-02,600.69,84904446.95685
2025-05-03,599.36,60397683.41184
2025-05-04,586.03,84365368.13504998
2025-05-05,597.61,120179722.99229
2025-05-06,602.57,129319419.88499
2025-05-07,602.7,116977193.7957
2025-05-08,629.17,241769598.70425
2025-05-09,666.29,320308835.86601
2025-05-10,663.9,295166905.977
2025-05-11,651.15,208367322.15284997
2025-05-12,660.07,387056430.78615
2025-05-13,664.13,276483794.2675
2025-05-14,652.47,189235870.18518
2025-05-15,651.88,204404022.77844003
2025-05-16,646.76,129865273.26331998
2025-05-17,639.51,90668263.96161
2025-05-18,651.53,123448839.60288
2025-05-19,649.62,137005845.4224
2025-05-20,650.0,110229789.14999999
2025-05-21,673.31,316813830.22244996
2025-05-22,686.57,267767789.81372002
2025-05-23,656.98,225783467.12486
2025-05-24,668.01,110316533.47239
2025-05-25,669.44,113274819.07968
2025-05-26,674.29,121472164.84108
2025-05-27,686.91,224044963.60280997
2025-05-28,686.89,145535329.10926998
2025-05-29,675.02,176170186.50272
2025-05-30,655.36,143342638.85824
2025-05-31,658.01,104215222.4139
2025-06-01,660.77,87094407.41496
2025-06-02,665.93,95751147.93765
2025-06-03,661.59,104780943.09981
2025-06-04,663.23,82554759.70046
2025-06-05,633.32,171973707.12468
2025-06-06,642.7,108960759.56390001
2025-06-07,650.82,59007486.9234
2025-06-08,652.0,47139804.728
2025-06-09,665.58,84709802.92164001
2025-06-10,673.51,118972211.66656001
2025-06-11,667.43,118758546.35154998
2025-06-12,654.75,100041855.13125001
2025-06-13,655.35,146342222.00595
2025-06-14,645.61,60487293.22223
2025-06-15,648.19,51417442.29074
2025-06-16,650.74,80824372.35238
2025-06-17,648.08,118587145.00504
2025-06-18,644.77,92670002.82497999
2025-06-19,644.65,51833073.580249995
2025-06-20,641.61,91929638.27142
2025-06-21,628.97,90262299.72052
2025-06-22,615.81,149958992.47173
2025-06-23,640.49,140699210.98121
2025-06-24,643.53,84693201.36543
2025-06-25,646.07,109465677.80478002
2025-06-26,642.3,66193694.79779999
2025-06-27,645.71,52498131.07305001
2025-06-28,648.6,37433926.299
2025-06-29,654.9,47962122.8004
2025-06-30,656.9,72720272.5524
2025-07-01,646.33,55457088.53815
2025-07-02,659.71,74420535.99305001
2025-07-03,663.59,65696362.915240005
2025-07-04,653.6,58188316.4832
2025-07-05,656.16,33889541.31023999
2025-07-06,663.13,54641327.78247
2025-07-07,661.06,55021996.40303999
2025-07-08,660.63,57061283.36646
2025-07-09,668.68,82616480.5446
2025-07-10,685.8,147424736.18879998
2025-07-11,689.99,185161510.22096
2025-07-12,685.86,92443766.9841
2025-07-13,692.0,58768600.316
2025-07-14,689.12,174784948.44352
2025-07-15,689.92,130369001.79072
2025-07-16,708.61,168886520.41617998
2025-07-17,720.65,295158548.23875
2025-07-18,729.92,406149447.6431999
2025-07-19,733.2,137911847.89200002
2025-07-20,756.82,191668602.73446003
2025-07-21,766.22,259304135.62144
2025-07-22,786.68,282476378.37407994
2025-07-23,776.74,550776358.017484
2025-07-24,770.74,280115230.67538
2025-07-25,785.45,223121305.63945
2025-07-26,793.29,102147503.73639
2025-07-27,844.0,335318039.642
2025-07-28,824.07,426649626.977184
2025-07-29,805.1,344072472.8732
2025-07-30,793.51,293280293.00336
2025-07-31,783.14,262372375.1953
2025-08-01,757.08,298161995.93064004
2025-08-02,736.42,154120180.96864
2025-08-03,751.21,107198391.91765
2025-08-04,768.63,131824200.21377999
2025-08-05,755.13,135514844.4648
2025-08-06,769.55,125963568.58049999
2025-08-07,788.67,148354191.53333998
2025-08-08,793.5,154978261.23299998
2025-08-09,798.83,161671012.23899
2025-08-10,807.22,131363191.28766002
2025-08-11,805.09,254586020.31148
2025-08-12,832.47,223736517.74973002
2025-08-13,848.01,335694352.03713
2025-08-14,840.42,498080778.543306
2025-08-15,827.81,208683540.11348
2025-08-16,838.71,96042443.391
2025-08-17,855.38,141098229.34528
2025-08-18,846.99,197976800.32497
2025-08-19,824.11,174548167.64686
2025-08-20,869.05,340806527.636575
2025-08-21,839.49,233285604.10524
2025-08-22,900.21,387848755.461657
2025-08-23,880.42,184254184.90624
2025-08-24,876.51,253742910.77367
2025-08-25,839.32,269060942.49460006
2025-08-26,863.7,168319660.2693
2025-08-27,855.18,115657499.55725999
2025-08-28,873.47,203007461.91933998
2025-08-29,862.3,155666034.0437
2025-08-30,862.0,87096463.622
2025-08-31,857.65,80825959.17645
2025-09-01,845.68,214959775.4612
2025-09-02,851.8,139978993.35419998
2025-09-03,854.76,99539385.08472
2025-09-04,843.63,91277308.80426
2025-09-05,850.14,102745328.32314
2025-09-06,860.85,124163885.3859
2025-09-07,880.05,120160317.94289999
2025-09-08,878.08,155924863.70047998
2025-09-09,880.01,132538332.50029999
2025-09-10,893.77,274235608.19106
2025-09-11,902.77,162420223.31414
2025-09-12,924.8,222199788.32255998
2025-09-13,933.68,235055090.667232
2025-09-14,926.51,148070172.48725
2025-09-15,919.68,161173080.33216
2025-09-16,955.65,272282688.012525
2025-09-17,989.98,358564019.97808397
2025-09-18,981.04,395037889.93016803
2025-09-19,984.1,328278795.1001
2025-09-20,1043.77,397640961.77278197
2025-09-21,1047.8,486610141.59394
2025-09-22,992.9,584550410.1883999
2025-09-23,1015.98,426783805.6986
2025-09-24,1018.49,369762674.31817997
2025-09-25,945.9,600761194.1586
2025-09-26,960.8,369675019.4512
2025-09-27,968.45,237508890.60675
2025-09-28,993.01,187168959.50480002
2025-09-29,1029.79,300680658.675
2025-09-30,1008.51,261033622.56320998
2025-10-01,1026.5,276136517.99149996
2025-10-02,1090.22,415024344.52790004
2025-10-03,1189.4,886099099.4816401
2025-10-04,1150.75,388307364.23175
2025-10-05,1167.38,358070675.19364005
2025-10-06,1223.19,718596676.738719
2025-10-07,1304.43,1763169971.0149412
2025-10-08,1307.4,1080638167.8102002
2025-10-09,1255.35,1161986612.6814
2025-10-10,1102.47,1659245653.71231
2025-10-11,1135.07,1192851016.44215
2025-10-12,1302.65,1570016328.0424001
2025-10-13,1294.55,1919917293.973145
2025-10-14,1208.52,1690308319.7426398
2025-10-15,1162.57,822318018.8297899
2025-10-16,1144.83,820644478.5605099
2025-10-17,1071.15,1142083450.00665
2025-10-18,1092.43,458816795.06631005
2025-10-19,1109.88,455037006.41136
2025-10-20,1100.19,529533609.60045004
2025-10-21,1057.16,572478041.4771601
2025-10-22,1071.82,425779489.63284
2025-10-23,1126.72,873147966.10496
2025-10-24,1109.01,380071747.10442
2025-10-25,1116.53,181677946.41699
2025-10-26,1138.19,274234980.72355
2025-10-27,1138.88,563139368.4816
2025-10-28,1103.45,387950035.1365
2025-10-29,1107.7,509224639.5192
2025-10-30,1079.05,548472112.48585
2025-10-31,1088.9,585468477.5294
2025-11-01,1094.53,178948593.09244
2025-11-02,1083.25,143425060.12100002
2025-11-03,993.54,680772500.2028999
2025-11-04,936.77,922976546.99686
2025-11-05,959.33,504745749.42191005
2025-11-06,950.4,297116352.71999997
2025-11-07,991.15,448706989.4896
2025-11-08,991.03,298999388.96967
2025-11-09,996.63,255795801.27923998
2025-11-10,991.98,278874143.05608
2025-11-11,958.08,272048606.65152
2025-11-12,952.86,206758343.35176
2025-11-13,927.15,309988039.06769997
2025-11-14,915.25,401056150.57199997
2025-11-15,932.28,151015100.7774
2025-11-16,926.56,233639402.51312
2025-11-17,907.36,302052754.46016
2025-11-18,932.79,333262974.46782
2025-11-19,897.77,266061567.64897996
2025-11-20,866.51,261515301.06631002
2025-11-21,830.46,543524484.25254
2025-11-22,833.78,139429377.4436
2025-11-23,843.6,141323395.7172
2025-11-24,864.92,214902176.54584
2025-11-25,862.57,136933728.44763002
2025-11-26,891.78,142372134.79775998
2025-11-27,895.74,126522454.50216
2025-11-28,887.19,155119561.79763
2025-11-29,872.9,69884314.6428
2025-11-30,875.31,92984695.10697
2025-12-01,826.61,283317589.30485004
2025-12-02,876.61,204381340.9848
2025-12-03,920.76,209297890.22604
2025-12-04,899.92,149188344.33495998
2025-12-05,883.57,121485572.69643001
2025-12-06,890.38,72378973.28278
2025-12-07,894.37,117957398.57718001
2025-12-08,897.12,108869154.3072
2025-12-09,897.3,188114972.65289998
2025-12-10,893.43,166475510.95203
2025-12-11,885.91,161658078.58624
2025-12-12,881.58,97538422.01628001
2025-12-13,896.82,82867113.24828
2025-12-14,877.27,97301549.34356001
2025-12-15,858.6,181051154.0406
2025-12-16,875.63,210882645.26168
2025-12-17,843.07,318742180.31163
2025-12-18,830.07,358610890.48146003
2025-12-19,856.17,1050817644.1746899
2025-12-20,854.17,48700615.30044
2025-12-21,858.64,60093480.548879996
2025-12-22,858.66,126459999.85608001
2025-12-23,844.3,87718442.11819999
2025-12-24,846.58,71889695.03898
2025-12-25,829.64,60378782.45868
2025-12-26,834.72,100360711.12991999
2025-12-27,845.04,75954194.56463999
2025-12-28,859.32,78715418.60952
2025-12-29,852.46,108391522.50962001
2025-12-30,861.65,63101254.947550006
2025-12-31,864.3,129640348.33739999
2026-01-01,864.39,69768082.29618
2026-01-02,881.25,113744472.6375
2026-01-03,878.63,70259828.06915
2026-01-04,895.43,106275996.22101
2026-01-05,910.31,127764543.71335
2026-01-06,917.64,153151536.51396
2026-01-07,900.3,133831206.537
2026-01-08,892.26,120029273.3763
2026-01-09,896.86,73167064.80762
2026-01-10,907.93,113411799.76948999
2026-01-11,904.32,89185015.96992001
2026-01-12,905.78,98297213.85993999
2026-01-13,943.73,294363540.11881
2026-01-14,948.47,173767953.79206002
2026-01-15,931.2,122174807.0016
2026-01-16,938.16,72679614.51528
2026-01-17,947.12,81629744.93672
2026-01-18,932.51,71661761.6075
2026-01-19,923.6,193439301.216
2026-01-20,884.2,144796794.4818
2026-01-21,883.36,178101471.70256
2026-01-22,888.06,87728314.32431999
2026-01-23,891.63,85717393.9443
2026-01-24,887.17,45487479.71671
2026-01-25,866.02,104598091.32052
2026-01-26,879.41,90316026.10463999
2026-01-27,898.36,124449486.49204
2026-01-28,902.91,99566811.1284
2026-01-29,868.69,234744957.24134
2026-01-30,858.81,254165982.32873997
2026-01-31,781.38,318260880.26838
2026-02-01,758.54,196557071.94079998
2026-02-02,773.94,237339136.80696002
2026-02-03,754.78,184127692.62394
2026-02-04,697.27,295971707.88409
2026-02-05,608.3,486140384.96099997
2026-02-06,657.21,389937541.34553003
2026-02-07,647.0,140735828.847
2026-02-08,639.93,79461446.83355999
2026-02-09,636.39,94663802.25999
2026-02-10,619.85,95177515.0095
2026-02-11,608.11,143727734.38129
2026-02-12,614.29,74512429.15053
2026-02-13,618.94,130856179.67716002
2026-02-14,632.77,72038285.32947999
2026-02-15,615.16,81463541.71955998
2026-02-16,627.19,66269449.20877001
2026-02-17,617.74,56791361.050160006
2026-02-18,604.8,58820434.84799999
2026-02-19,607.83,66468862.462290004
2026-02-20,625.91,99889481.38346
2026-02-21,625.61,51085163.629650004
2026-02-22,614.8,42156146.8092
2026-02-23,596.41,146158000.57001
2026-02-24,583.6,98211622.06
2026-02-25,629.42,139507991.02019998
2026-02-26,625.74,79265829.75456
2026-02-27,614.03,78698825.1116
2026-02-28,617.14,106212941.414
2026-03-01,617.96,105029054.44892
2026-03-02,637.79,129204231.65849999
2026-03-03,633.56,95155045.43936
2026-03-04,657.99,131545152.21717
2026-03-05,647.85,82949174.7084
2026-03-06,627.31,72160558.31016
2026-03-07,620.26,39150075.57164
2026-03-08,611.98,50145368.25692
2026-03-09,634.64,77008090.86464
2026-03-10,642.0,64702972.331999995
2026-03-11,651.46,78270191.98844
2026-03-12,651.72,66171774.97632
2026-03-13,655.73,152116901.13
2026-03-14,657.7,36331522.2905
2026-03-15,673.77,62659999.56438
2026-03-16,679.71,154236568.65576
2026-03-17,668.61,98363919.43413
2026-03-18,652.27,94256397.67221999
2026-03-19,639.15,75214953.4107
2026-03-20,642.11,62084332.964219995
2026-03-21,630.7,34207086.059300005
2026-03-22,626.41,64115305.42139
2026-03-23,639.11,164607173.74214002
2026-03-24,638.3,64579555.051699996
2026-03-25,647.66,76112316.6804
2026-03-26,628.86,59564407.38678
2026-03-27,613.95,80878476.08850001
2026-03-28,611.08,42829302.932560004
2026-03-29,606.09,50555008.76871
2026-03-30,609.29,74869605.77106999
2026-03-31,617.43,85903415.61944999
2026-04-01,610.81,77302626.27765
2026-04-02,583.52,173666241.50288
2026-04-03,588.31,45009465.47624999
2026-04-04,593.36,35403081.91824
2026-04-05,601.5,46936217.925
2026-04-06,600.11,62987274.95039
2026-04-07,620.1,101403025.7292
2026-04-08,601.16,97456864.63576
2026-04-09,603.03,64708240.28328
2026-04-10,605.54,63137192.46328
2026-04-11,607.05,57225067.663499996
2026-04-12,592.19,61454073.69969001
2026-04-13,614.71,85140101.19500001
2026-04-14,613.75,106413221.52624999
2026-04-15,622.59,71562499.3398
2026-04-16,635.77,83633446.09477
2026-04-17,643.12,98710455.25456
2026-04-18,629.9,75377209.63409999
2026-04-19,616.06,61969932.51651999
2026-04-20,629.26,57984868.623859994
2026-04-21,631.72,66566382.541080005
2026-04-22,637.47,86049741.52233
2026-04-23,638.54,62838246.326239996
2026-04-24,636.21,44932851.66978
2026-04-25,628.53,37031942.354609996
2026-04-26,635.76,34614805.1184
2026-04-27,626.83,65156150.24304
2026-04-28,624.55,38939282.2661
2026-04-29,617.39,62858434.261080004
2026-04-30,615.38,48376526.4041
2026-05-01,615.34,54182988.37160001
2026-05-02,618.03,32121487.51182
2026-05-03,617.27,44968199.7451
2026-05-04,622.63,128665867.49262999
2026-05-05,630.42,92685480.0039
2026-05-06,647.74,156555685.12144
2026-05-07,637.02,91841599.80918
2026-05-08,649.36,69970277.68736
2026-05-09,649.75,63904791.57700001
2026-05-10,663.55,79146397.34035
2026-05-11,670.6,123165913.297
2026-05-12,664.95,107467283.33055001
2026-05-13,671.68,151841840.01024
2026-05-14,678.27,108387566.34809999
2026-05-15,672.38,111954208.97298001
2026-05-16,656.2,85160544.08320001
2026-05-17,649.48,62227946.584960006
2026-05-18,643.53,81201400.50659999
2026-05-19,640.02,51812138.75874
2026-05-20,649.5,53871253.123500004
2026-05-21,658.58,67870408.41724001
2026-05-22,650.44,80594472.3528
2026-05-23,656.26,74163705.03388001
2026-05-24,656.57,48368314.972890005
2026-05-25,663.15,75761407.95195
2026-05-26,656.43,80303236.30326
2026-05-27,648.84,66011420.49096
2026-05-28,638.24,92709264.8744
2026-05-29,643.1,74120659.63530001
2026-05-30,718.74,407080655.50284004
2026-05-31,710.55,270126760.8726
2026-06-01,693.1,369659704.77059996
2026-06-02,650.69,201803265.76460004
2026-06-03,620.63,186755910.12909
2026-06-04,604.53,242677544.89545
2026-06-05,572.22,306045020.3877
2026-06-06,574.53,129953241.17918998
2026-06-07,604.44,116562846.16728
2026-06-08,601.86,73111248.04116
2026-06-09,593.44,79898818.084
2026-06-10,586.53,67360625.55306
2026-06-11,605.76,70150599.55104
2026-06-12,603.83,63605234.33241001
2026-06-13,609.65,44803881.42645
2026-06-14,616.79,75265410.18868999
2026-06-15,617.87,105370092.86253999
2026-06-16,604.94,116263065.91998
2026-06-17,601.63,101906609.62807001
2026-06-18,578.48,87679526.36576
2026-06-19,581.42,54853018.11122
2026-06-20,588.03,49712156.16509999
2026-06-21,584.23,37017544.25596
2026-06-22,590.15,62220476.4445
2026-06-23,578.08,62926830.186560005
2026-06-24,564.67,90859919.23065999
2026-06-25,560.62,87606919.06792
2026-06-26,567.64,105696501.94948
2026-06-27,557.2,45362716.252000004
2026-06-28,551.07,42359569.95699
2026-06-29,559.52,59193928.260479994
2026-06-30,546.52,58103557.9904
2026-07-01,550.44,89211556.79568
2026-07-02,558.96,85139006.35344002
2026-07-03,573.81,60054375.62570999
2026-07-04,575.37,55646411.279580005
2026-07-05,589.87,78356463.27158
2026-07-06,586.01,82513428.12494999
2026-07-07,576.82,53683765.824980006
2026-07-08,568.66,56534464.396079995
2026-07-09,568.72,48694721.47048
2026-07-10,575.43,50353792.790819995
2026-07-11,574.65,37763894.206350006
2026-07-12,573.91,46897659.40331999
2026-07-13,567.49,43540740.05127001
2026-07-14,581.87,71706857.67782
2026-07-15,580.55,65541689.781349994
2026-07-16,572.45,49430624.15535001
2026-07-17,568.09,81046668.35519
2026-07-18,570.65,35688190.21295
2026-07-19,571.06,31463808.74518
2026-07-20,571.27,58696168.43489
2026-07-21,573.95,59105637.31280001
2026-07-22,571.08,48475552.43568
2026-07-23,567.41,40062689.475449994
2026-07-24,564.9,52246964.357700005
2026-07-25,568.94,30379845.638500005
2026-07-26,575.32,37872748.9098
2026-07-27,566.28,45550906.31519999
2026-07-28,571.29,48614534.97288
2026-07-29,571.99,42029347.01636
2026-07-30,591.99,84771653.19021
2026-07-31,587.01,69549416.16903
2026-08-01,575.13,60530305.669259995
2026-08-02,588.46,45740085.45238
2026-08-03,589.35,51177890.4336
2026-08-04,593.18,42836636.0632
2026-08-05,593.85,79938300.5256
2026-08-06,592.39,44810925.692219995
2026-08-07,592.57,55406331.40493
2026-08-08,600.66,62459646.31782
2026-08-09,602.23,50846151.82947
2026-08-10,599.23,52869907.100200005
2026-08-11,616.69,87870295.69620001
2026-08-12,610.44,64429781.65284
2026-08-13,610.71,44272873.03242
2026-08-14,607.96,38690627.90048
2026-08-15,607.76,36929492.87608
2026-08-16,602.98,48461435.066240005
2026-08-17,605.8,47885070.258999996
2026-08-18,603.94,45822674.394480005
2026-08-19,627.51,142375974.82367998
2026-08-20,654.8,172481763.7664
2026-08-21,687.0,244102459.545
2026-08-22,695.28,281215812.65832
2026-08-23,702.37,117002552.63211
2026-08-24,704.31,127629572.32941
2026-08-25,694.41,121128375.06791998
2026-08-26,707.52,97641962.6688
2026-08-27,711.85,86286343.21885
2026-08-28,691.47,101426752.25865002
2026-08-29,692.58,44181424.194180004
2026-08-30,684.74,65856154.756979994
2026-08-31,691.44,63617593.198800005
2026-09-01,683.0,61239895.934
2026-09-02,688.84,69793516.09356
2026-09-03,725.22,120843831.40326001
2026-09-04,721.37,108483282.99549
2026-09-05,766.53,258699635.32256997
2026-09-06,753.0,133138893.84
2026-09-07,739.98,89173661.5359
2026-09-08,752.02,139634716.39049998
2026-09-09,722.64,127220934.594
2026-09-10,708.72,125140553.62488
2026-09-11,726.75,121398471.90675001
2026-09-12,727.59,60755770.23804
2026-09-13,716.41,53840456.01253
2026-09-14,720.42,108721625.25407998
2026-09-15,712.06,93606461.98431998
2026-09-16,725.92,91443560.93807998
2026-09-17,738.36,94774822.6698
2026-09-18,761.31,172335148.6329
2026-09-19,762.02,87024598.19424
2026-09-20,772.56,93170212.20432
2026-09-21,799.41,232747139.89826998
2026-09-22,788.38,148749651.01828
2026-09-23,767.38,155743304.01751998
2026-09-24,776.69,98973698.34942001
2026-09-25,777.13,102479892.96683
2026-09-26,773.59,48019951.75517
2026-09-27,778.9,50388854.2792
2026-09-28,763.96,102143105.97340001
2026-09-29,758.66,98462425.60363999
2026-09-30,769.27,92437153.28517
2026-10-01,771.75,71340570.77175
2026-10-02,768.25,110520237.5725
2026-10-03,786.88,78222712.34784
2026-10-04,795.43,61001887.825219996
