time,PriceUSD,volume_reported_spot_usd_1d
2017-08-17,4285.08,3407282.9774751603
2017-08-18,4108.37,4929584.947169679
2017-08-19,4139.98,1578614.7926247397
2017-08-20,4086.29,1908636.68196838
2017-08-21,4016.0,2778040.12896
2017-08-22,4040.0,3905406.82632
2017-08-23,4114.01,4118685.8397756503
2017-08-24,4316.01,3398507.2121355305
2017-08-25,4280.68,2455452.5838632
2017-08-26,4337.44,989405.0584659199
2017-08-27,4310.01,1511488.54827585
2017-08-28,4386.69,2648865.97849104
2017-08-29,4587.48,2768750.74504944
2017-08-30,4555.14,3682688.43753294
2017-08-31,4724.89,2631559.62420178
2017-09-01,4834.91,2710771.4196370603
2017-09-02,4472.14,4155282.5976433004
2017-09-03,4509.08,3116749.1340778396
2017-09-04,4100.11,5718196.32830754
2017-09-05,4366.47,5366121.59439579
2017-09-06,4619.77,3729834.7204630207
2017-09-07,4691.61,2347822.27500975
2017-09-08,4282.8,4849221.9110088
2017-09-09,4258.81,2805631.4238071204
2017-09-10,4130.37,2727585.96386175
2017-09-11,4208.47,2945882.98038055
2017-09-12,4163.72,3662534.3518266804
2017-09-13,3944.69,3603326.56663605
2017-09-14,3189.02,5309787.00105786
2017-09-15,3700.0,7284806.020400001
2017-09-16,3714.95,4820385.20719735
2017-09-17,3699.99,2524026.6552878995
2017-09-18,4035.01,4156086.34598955
2017-09-19,3910.04,3528154.71767516
2017-09-20,3900.0,2811646.7964
2017-09-21,3609.99,3615961.22669916
2017-09-22,3595.87,3016814.19866475
2017-09-23,3780.0,2845556.74998
2017-09-24,3660.02,2421602.4201278
2017-09-25,3920.75,2854285.2709947503
2017-09-26,3882.35,2044942.40032945
2017-09-27,4193.0,2633920.860438
2017-09-28,4174.5,3547428.8392124996
2017-09-29,4174.69,6689145.717909849
2017-09-30,4378.51,3154073.61529733
2017-10-01,4378.48,3182995.9554988
2017-10-02,4380.0,2872215.54612
2017-10-03,4310.0,4664814.55653
2017-10-04,4208.59,3655013.53941759
2017-10-05,4292.43,3344398.0639103404
2017-10-06,4369.0,2213025.9699440002
2017-10-07,4423.0,1316273.7425000002
2017-10-08,4640.0,2405663.69856
2017-10-09,4786.95,3094586.75195775
2017-10-10,4783.06,4989792.33356538
2017-10-11,4821.43,3632607.09275628
2017-10-12,5430.0,6932489.047259999
2017-10-13,5649.98,10620988.4564476
2017-10-14,5869.99,5698345.89242954
2017-10-15,5709.99,7671505.03601625
2017-10-16,5760.02,8807050.20104924
2017-10-17,5595.0,8000119.158720001
2017-10-18,5512.06,12775876.772238381
2017-10-19,5683.9,10695520.2839773
2017-10-20,6010.01,11857612.8219722
2017-10-21,6024.97,10027403.92109421
2017-10-22,5950.02,8104475.927044321
2017-10-23,5915.93,10722964.56289995
2017-10-24,5477.03,14133030.99942201
2017-10-25,5689.99,12989184.30831795
2017-10-26,5861.77,11565072.21813114
2017-10-27,5768.83,8097743.6838132795
2017-10-28,5719.64,7302575.6050516805
2017-10-29,6169.98,11135445.23184654
2017-10-30,6120.5,9019701.5466815
2017-10-31,6463.0,9770601.340274999
2017-11-01,6753.98,11317071.467448238
2017-11-02,7019.98,17575297.76484394
2017-11-03,7115.04,13458081.02698368
2017-11-04,7357.09,10293979.757078031
2017-11-05,7345.01,8871540.5421733
2017-11-06,6960.12,12270825.61887132
2017-11-07,7064.04,10174050.67599576
2017-11-08,7303.0,20611248.151006
2017-11-09,7079.99,13546840.88665692
2017-11-10,6506.98,21178294.517152898
2017-11-11,6245.05,17199847.30478805
2017-11-12,5811.03,28872004.168451067
2017-11-13,6465.99,16948931.277743608
2017-11-14,6574.99,8246960.84839969
2017-11-15,7240.06,12884453.094150702
2017-11-16,7864.5,18339673.860375
2017-11-17,7699.19,30661222.88180075
2017-11-18,7761.94,30692779.13848538
2017-11-19,8038.0,31085682.488872
2017-11-20,8212.0,31917041.265776
2017-11-21,8119.51,36898902.217652164
2017-11-22,8205.92,29090033.2558032
2017-11-23,8019.99,32833459.61021313
2017-11-24,8138.0,35903139.793456
2017-11-25,8700.01,37345868.95963682
2017-11-26,9128.02,37857369.75094075
2017-11-27,9650.0,43633688.07255
2017-11-28,9896.8,48664653.67634799
2017-11-29,9687.88,129357792.7662742
2017-11-30,9838.96,92383646.24005783
2017-12-01,10782.99,66152820.18540267
2017-12-02,10890.01,51895686.60812757
2017-12-03,11165.41,59697388.91143484
2017-12-04,11579.0,53997793.003398
2017-12-05,11699.99,64943509.53617945
2017-12-06,13550.05,90893008.01976594
2017-12-07,16599.0,124277803.471305
2017-12-08,15880.0,279313528.59968
2017-12-09,14656.07,203994301.62978008
2017-12-10,14899.98,246639922.81695655
2017-12-11,16587.97,196076469.81600314
2017-12-12,16349.99,154291625.0518259
2017-12-13,16033.29,199074600.40178528
2017-12-14,16334.98,189761292.574242
2017-12-15,17539.83,161037984.213809
2017-12-16,19102.66,80281387.33426593
2017-12-17,18860.02,173081863.10890868
2017-12-18,18856.25,200340737.34504375
2017-12-19,17295.2,228482532.614544
2017-12-20,16488.98,221784970.96094313
2017-12-21,15492.64,314875781.910672
2017-12-22,13326.61,480774396.2034668
2017-12-23,13300.0,174782467.0375
2017-12-24,13500.0,385526722.338
2017-12-25,13699.34,215740050.39887938
2017-12-26,15689.01,235879058.23033705
2017-12-27,15459.99,231279359.0189328
2017-12-28,14182.11,308005051.31892955
2017-12-29,14378.9,259855597.4991524
2017-12-30,12440.01,239111398.21674043
2017-12-31,13716.36,161427699.8083865
2018-01-01,13380.0,115200673.99272
2018-01-02,14675.11,294648210.3190572
2018-01-03,14919.51,237304767.3967369
2018-01-04,15059.54,321214710.945636
2018-01-05,16960.39,394354357.56153876
2018-01-06,17069.79,317010879.6554833
2018-01-07,16150.03,201764352.55546674
2018-01-08,14902.54,396416653.2379765
2018-01-09,14400.0,206136061.24319997
2018-01-10,14907.09,259547368.66123396
2018-01-11,13238.78,444223605.7002638
2018-01-12,13740.01,225571971.93400136
2018-01-13,14210.0,173667636.18288
2018-01-14,13474.99,229315955.90433168
2018-01-15,13539.93,198388336.65907064
2018-01-16,10900.0,691072744.0075
2018-01-17,10988.79,794838923.6655984
2018-01-18,10961.97,531265681.84634584
2018-01-19,11474.98,391633900.36846656
2018-01-20,12799.94,368239654.0541304
2018-01-21,11530.0,477108787.60178
2018-01-22,10760.05,470780236.7014995
2018-01-23,10799.18,404687634.9451074
2018-01-24,11349.99,308249699.5128224
2018-01-25,11175.27,232892114.78265443
2018-01-26,11089.0,366567653.16444
2018-01-27,11491.0,216729089.05239502
2018-01-28,11879.95,200620749.1781438
2018-01-29,11251.0,159430917.680038
2018-01-30,10237.51,261613148.57840446
2018-01-31,10285.1,185295917.3351055
2018-02-01,9224.52,309618839.6821057
2018-02-02,8873.03,443399745.2979843
2018-02-03,9199.96,264268857.76197058
2018-02-04,8184.81,262031031.9364597
2018-02-05,6939.99,440017453.0664342
2018-02-06,7652.14,766755908.559207
2018-02-07,7599.0,461855521.316703
2018-02-08,7784.02,11843676.91405836
2018-02-09,8683.92,177871958.971434
2018-02-10,8533.98,421420841.3504489
2018-02-11,8063.88,363077712.62237376
2018-02-12,8903.0,373817832.91247
2018-02-13,8539.9,302781923.5469444
2018-02-14,9449.99,385672546.4736213
2018-02-15,10000.09,524280685.63370436
2018-02-16,10159.98,387717089.47172046
2018-02-17,11039.55,462359629.8644968
2018-02-18,10383.43,634815713.172537
2018-02-19,11153.0,455392795.262043
2018-02-20,11200.99,539365239.8463452
2018-02-21,10437.6,710944794.6267505
2018-02-22,9811.04,657929975.7713723
2018-02-23,10131.04,579522865.8185649
2018-02-24,9694.51,396390640.1222185
2018-02-25,9590.0,272102033.64974004
2018-02-26,10324.0,360083494.412944
2018-02-27,10569.04,324526443.58039194
2018-02-28,10326.76,318074367.2806063
2018-03-01,10920.0,274010688.9156
2018-03-02,11039.0,263950328.68351
2018-03-03,11464.48,244046143.0354944
2018-03-04,11515.0,199162503.28929502
2018-03-05,11454.0,173462022.595602
2018-03-06,10716.48,316303040.91664225
2018-03-07,9910.0,501918420.4028
2018-03-08,9271.64,381152236.34111065
2018-03-09,9227.0,591564112.812389
2018-03-10,8770.22,326076892.3587185
2018-03-11,9533.57,422584770.09356797
2018-03-12,9131.34,385623591.7433262
2018-03-13,9150.0,367751395.6257
2018-03-14,8170.0,406115128.86236
2018-03-15,8240.98,430929268.76431143
2018-03-16,8260.0,320615285.71617997
2018-03-17,7824.8,259080742.4831592
2018-03-18,8189.99,487208022.8307729
2018-03-19,8600.0,475554930.5012
2018-03-20,8909.98,399747195.6877333
2018-03-21,8885.0,355154821.721335
2018-03-22,8722.9,354302886.2892261
2018-03-23,8898.03,355841185.942298
2018-03-24,8546.86,303128146.68654394
2018-03-25,8470.15,245649336.3719174
2018-03-26,8134.23,358179394.8254418
2018-03-27,7795.51,291767604.65025556
2018-03-28,7949.3,209872105.844331
2018-03-29,7090.14,387269935.1643675
2018-03-30,6840.23,446708279.1031944
2018-03-31,6923.91,255274446.46987015
2018-04-01,6813.01,300259096.4587236
2018-04-02,7056.0,226663839.868032
2018-04-03,7405.21,279823127.4001353
2018-04-04,6796.1,286980163.85036445
2018-04-05,6770.76,264260944.58010963
2018-04-06,6601.39,181241241.13856882
2018-04-07,6895.8,222524557.8135786
2018-04-08,7018.0,150379410.27197
2018-04-09,6782.72,231143548.02508035
2018-04-10,6843.9,152801894.40937048
2018-04-11,6953.79,166876156.61191085
2018-04-12,7923.0,513898425.005001
2018-04-13,7877.41,433608277.09128666
2018-04-14,7999.01,252938985.7825066
2018-04-15,8355.0,233494849.30962
2018-04-16,8064.92,295692789.12589777
2018-04-17,7885.02,253523922.17786634
2018-04-18,8173.0,220418001.27060997
2018-04-19,8278.0,224448429.306992
2018-04-20,8856.98,352466508.1978952
2018-04-21,8915.31,364388600.03000677
2018-04-22,8787.02,258850262.4938296
2018-04-23,8934.01,230837975.1913531
2018-04-24,9619.99,445105298.13181895
2018-04-25,8869.99,719445222.3140541
2018-04-26,9266.0,401220619.13417
2018-04-27,8915.35,332019643.2974026
2018-04-28,9348.0,324933006.47016
2018-04-29,9419.0,359333437.47966504
2018-04-30,9246.01,323629155.22858876
2018-05-01,9071.48,372098172.4774868
2018-05-02,9247.84,241586354.78429425
2018-05-03,9750.0,377991785.808
2018-05-04,9713.99,278612667.5547172
2018-05-05,9864.0,246501540.95508
2018-05-06,9659.01,267461382.61189657
2018-05-07,9365.0,316421248.71238005
2018-05-08,9187.56,234593612.51010084
2018-05-09,9310.0,239020516.80969
2018-05-10,9002.2,225550694.60217962
2018-05-11,8400.0,405107203.7124
2018-05-12,8465.94,340680607.4982114
2018-05-13,8679.71,222485872.530045
2018-05-14,8663.34,323919393.66200024
2018-05-15,8462.0,238010302.82283202
2018-05-16,8330.0,259318888.50364
2018-05-17,8041.46,204573494.35736653
2018-05-18,8239.81,193439083.5181723
2018-05-19,8233.49,141561886.84220326
2018-05-20,8526.98,170173426.82730082
2018-05-21,8381.24,180335759.1323226
2018-05-22,7977.11,189144480.2975804
2018-05-23,7501.95,321913676.6052093
2018-05-24,7575.01,286679636.411591
2018-05-25,7457.0,199399856.66448
2018-05-26,7333.96,142748828.68127117
2018-05-27,7338.99,137290086.06512985
2018-05-28,7099.0,193230797.19833702
2018-05-29,7461.29,294028635.5550607
2018-05-30,7375.96,236337439.13990307
2018-05-31,7485.01,230359140.07910103
2018-06-01,7521.01,212537154.7818788
2018-06-02,7640.03,204146874.89386657
2018-06-03,7714.26,212181947.4893413
2018-06-04,7487.0,241521898.50600502
2018-06-05,7625.0,241887672.053
2018-06-06,7658.84,208550151.14807832
2018-06-07,7691.08,192755594.38875815
2018-06-08,7603.44,177896200.50766826
2018-06-09,7491.73,144889197.96959448
2018-06-10,6764.99,354093242.0962797
2018-06-11,6872.0,237442459.346216
2018-06-12,6530.0,239796039.07723
2018-06-13,6292.78,290635304.589318
2018-06-14,6635.98,295155986.6717152
2018-06-15,6388.9,191784107.9300545
2018-06-16,6483.98,144445186.05232504
2018-06-17,6449.61,128007007.16100167
2018-06-18,6712.46,213600109.5465377
2018-06-19,6741.21,163888395.32340303
2018-06-20,6761.51,178231729.80172253
2018-06-21,6718.84,170852401.73186433
2018-06-22,6045.0,315291306.685485
2018-06-23,6149.98,163729617.36657822
2018-06-24,6136.97,291174672.2068664
2018-06-25,6252.0,244856549.69311202
2018-06-26,6070.78,117634963.98545752
2018-06-27,6133.73,117925075.58393553
2018-06-28,5853.98,179045535.61088347
2018-06-29,6197.92,210179445.64606178
2018-06-30,6390.07,242308980.4204988
2018-07-01,6356.81,175212537.73318294
2018-07-02,6615.29,239674948.55751655
2018-07-03,6513.86,251811377.84573722
2018-07-04,6586.98,155267586.28424346
2018-07-05,6529.2,228991925.44562158
2018-07-06,6609.78,194308328.92343542
2018-07-07,6756.98,161991006.64116424
2018-07-08,6712.1,165271687.88810742
2018-07-09,6662.12,178094500.324886
2018-07-10,6296.91,242813085.54395083
2018-07-11,6378.07,183149459.4349801
2018-07-12,6250.57,195684490.72310835
2018-07-13,6214.57,163911305.26261702
2018-07-14,6251.99,111179588.30702801
2018-07-15,6353.01,145987160.50243908
2018-07-16,6723.35,243418060.315818
2018-07-17,7317.44,381278309.8358249
2018-07-18,7381.9,439131835.183555
2018-07-19,7466.21,307744158.3924937
2018-07-20,7337.53,338555934.1267659
2018-07-21,7398.78,213724786.63524497
2018-07-22,7394.79,223841908.6179276
2018-07-23,7721.01,321551859.1102577
2018-07-24,8397.24,504851841.0796527
2018-07-25,8175.64,394537166.4841394
2018-07-26,7920.0,342329974.92144
2018-07-27,8188.57,357603088.7088659
2018-07-28,8225.04,215620853.4327286
2018-07-29,8211.0,209636898.205035
2018-07-30,8173.92,324442637.4209846
2018-07-31,7730.93,373380073.619006
2018-08-01,7604.58,323820605.2764286
2018-08-02,7525.71,283461110.19174564
2018-08-03,7418.78,331393089.69576263
2018-08-04,7009.84,254376060.18193844
2018-08-05,7024.19,231059674.89022654
2018-08-06,6934.82,227186032.20970923
2018-08-07,6720.06,305349268.2351301
2018-08-08,6285.0,374275120.764915
2018-08-09,6529.79,339165031.12595665
2018-08-10,6144.01,362711476.14763707
2018-08-11,6232.35,293751961.13125426
2018-08-12,6308.33,243298225.01563093
2018-08-13,6246.35,336652210.11869204
2018-08-14,6188.08,310559593.56271523
2018-08-15,6267.16,431222516.6618661
2018-08-16,6311.75,306216158.3351615
2018-08-17,6584.49,380923352.8162455
2018-08-18,6387.96,343303804.34184915
2018-08-19,6477.53,292725073.60657483
2018-08-20,6254.84,309211488.46245843
2018-08-21,6480.0,269373259.20384
2018-08-22,6360.89,495573068.4015495
2018-08-23,6525.01,263337442.11479327
2018-08-24,6681.64,255944732.4584881
2018-08-25,6733.64,129423967.54375155
2018-08-26,6700.0,134718891.2936
2018-08-27,6908.64,260780978.1146741
2018-08-28,7076.11,342150560.6662759
2018-08-29,7031.22,304117754.4003783
2018-08-30,6984.84,312339516.0367608
2018-08-31,7011.21,283725444.027152
2018-09-01,7200.01,290328984.70374095
2018-09-02,7302.01,290728362.3987075
2018-09-03,7263.02,235292929.34894043
2018-09-04,7359.06,259779531.6103931
2018-09-05,6700.0,426892216.9889
2018-09-06,6516.01,395159935.34777427
2018-09-07,6395.54,248826721.475297
2018-09-08,6185.05,236361884.72924355
2018-09-09,6250.81,231617037.55329424
2018-09-10,6312.0,204757848.998784
2018-09-11,6294.91,208392294.23407692
2018-09-12,6338.62,199245936.8218642
2018-09-13,6487.38,262512241.09908968
2018-09-14,6476.63,240757964.3615965
2018-09-15,6514.96,164461413.0809155
2018-09-16,6505.0,179330704.49498498
2018-09-17,6248.69,224873198.80879322
2018-09-18,6336.45,206700490.61112148
2018-09-19,6391.89,249565465.035335
2018-09-20,6492.0,163527148.534176
2018-09-21,6759.02,349977618.05328625
2018-09-22,6723.05,197319437.83877435
2018-09-23,6708.0,203160029.317284
2018-09-24,6581.39,232360843.5862749
2018-09-25,6447.54,259842499.43294808
2018-09-26,6465.12,216481582.6275984
2018-09-27,6689.13,221326109.2443116
2018-09-28,6634.58,281302533.1817253
2018-09-29,6596.38,199579807.445886
2018-09-30,6626.57,183984890.55586982
2018-10-01,6611.61,136341361.1954393
2018-10-02,6525.79,184326225.0141695
2018-10-03,6510.0,185222319.08838
2018-10-04,6593.79,132365723.99072021
2018-10-05,6635.65,106811087.8799748
2018-10-06,6594.27,72138052.21470958
2018-10-07,6615.26,115150717.88188814
2018-10-08,6673.01,154302809.8312884
2018-10-09,6656.61,102210778.56114008
2018-10-10,6631.0,102055476.035164
2018-10-11,6252.68,304583051.30788976
2018-10-12,6298.01,182667931.83757618
2018-10-13,6332.93,120946740.60342327
2018-10-14,6339.34,99067473.63929276
2018-10-15,6752.5,612776080.988615
2018-10-16,6759.27,186271677.1754723
2018-10-17,6740.89,179586958.36838734
2018-10-18,6618.96,133150454.06660135
2018-10-19,6528.88,135621817.71523762
2018-10-20,6588.4,126765574.4521348
2018-10-21,6590.11,42936924.53863712
2018-10-22,6581.2,106705554.133992
2018-10-23,6553.51,90809378.17396356
2018-10-24,6565.5,78467861.9809935
2018-10-25,6528.09,67518084.56394397
2018-10-26,6538.63,61747579.57954629
2018-10-27,6505.6,50593451.800038405
2018-10-28,6489.93,37277727.81935904
2018-10-29,6344.5,87726823.09308149
2018-10-30,6330.87,56200243.32963495
2018-10-31,6371.93,77411865.29017688
2018-11-01,6410.0,58324819.74081001
2018-11-02,6433.98,62663366.539872415
2018-11-03,6387.09,48933038.81894484
2018-11-04,6485.85,68700684.74105655
2018-11-05,6468.99,58142519.78834244
2018-11-06,6519.11,77750593.71400788
2018-11-07,6578.46,93885091.29953982
2018-11-08,6479.84,85921312.98107488
2018-11-09,6419.99,75676380.58669417
2018-11-10,6433.05,49629886.6554543
2018-11-11,6449.81,52975560.33829777
2018-11-12,6453.07,65387555.199630685
2018-11-13,6457.66,76139459.54523678
2018-11-14,5922.41,275267481.20100725
2018-11-15,5753.4,274441951.8757134
2018-11-16,5655.94,219008190.35360757
2018-11-17,5628.29,148650125.93237376
2018-11-18,5662.0,135010386.302714
2018-11-19,4910.03,346554301.3497457
2018-11-20,4558.86,535123324.9655873
2018-11-21,4661.07,284660072.21103823
2018-11-22,4370.0,150900990.65491003
2018-11-23,4420.61,218254004.6946364
2018-11-24,3932.44,242604457.44443464
2018-11-25,4085.78,415499211.5779387
2018-11-26,3862.2,364996692.37219733
2018-11-27,3875.21,261501523.87401453
2018-11-28,4264.85,392296119.7672927
2018-11-29,4295.84,317807096.65023696
2018-11-30,4041.32,273833564.13241357
2018-12-01,4190.02,187880804.68685964
2018-12-02,4161.01,161913865.2027379
2018-12-03,3884.01,190683020.77278367
2018-12-04,3951.64,191613251.73599532
2018-12-05,3769.84,165891053.15104833
2018-12-06,3508.75,239924103.77375123
2018-12-07,3403.55,323832321.6767191
2018-12-08,3410.93,188849379.65954256
2018-12-09,3545.37,162934190.7848395
2018-12-10,3432.88,140711157.84110263
2018-12-11,3380.39,121426529.97754006
2018-12-12,3445.0,116864498.28027
2018-12-13,3302.06,132217510.43194677
2018-12-14,3224.17,143452943.60101518
2018-12-15,3211.72,95696542.20082991
2018-12-16,3228.67,79518295.26238446
2018-12-17,3509.08,234273958.28280303
2018-12-18,3652.98,224181977.14151585
2018-12-19,3662.22,344751653.00829107
2018-12-20,4049.62,411213949.08562535
2018-12-21,3838.66,316090043.6709299
2018-12-22,3948.91,169101609.58194953
2018-12-23,3929.71,157650264.8248266
2018-12-24,4008.01,259109065.4671233
2018-12-25,3745.79,234957035.47009128
2018-12-26,3777.74,161042698.19891357
2018-12-27,3567.91,157335529.14465392
2018-12-28,3839.26,176468917.56438965
2018-12-29,3695.32,143653251.37123397
2018-12-30,3801.91,126308457.92089042
2018-12-31,3702.9,111056556.05221501
2019-01-01,3797.14,90150509.50048561
2019-01-02,3858.56,135653323.29708862
2019-01-03,3766.78,110769504.93971403
2019-01-04,3792.01,111938446.50797872
2019-01-05,3770.96,114979088.46231097
2019-01-06,3987.6,145761959.6328084
2019-01-07,3975.45,126696980.33021879
2019-01-08,3955.13,153860185.63251588
2019-01-09,3966.65,114990960.23630816
2019-01-10,3585.88,213009263.1694388
2019-01-11,3601.31,138069380.67650023
2019-01-12,3583.13,78828603.28306802
2019-01-13,3476.81,91738265.37364173
2019-01-14,3626.09,127766047.03459936
2019-01-15,3553.06,121294353.25167453
2019-01-16,3591.84,98704409.64858769
2019-01-17,3616.21,107601922.71278398
2019-01-18,3594.87,81651888.33614685
2019-01-19,3665.3,81265485.2942319
2019-01-20,3539.28,98752773.24112944
2019-01-21,3526.9,69283964.2874691
2019-01-22,3570.93,104758384.2841493
2019-01-23,3552.82,88603219.11430837
2019-01-24,3569.62,74341802.7371516
2019-01-25,3565.29,62778862.30264959
2019-01-26,3565.25,69438706.939446
2019-01-27,3550.84,80730471.37755607
2019-01-28,3434.15,138757213.31774417
2019-01-29,3411.04,100778934.53770608
2019-01-30,3458.18,82886558.20713773
2019-01-31,3434.1,101674052.0478273
2019-02-01,3462.07,87453536.69578914
2019-02-02,3504.77,62808289.22554
2019-02-03,3458.11,68703434.6436229
2019-02-04,3463.22,80111139.61284776
2019-02-05,3471.59,87707690.5739977
2019-02-06,3405.37,120244448.49122302
2019-02-07,3398.4,63432966.50737921
2019-02-08,3659.04,175517042.9918875
2019-02-09,3665.18,90749247.35020441
2019-02-10,3680.06,85563612.72927803
2019-02-11,3631.05,90611453.23802955
2019-02-12,3631.46,107053981.7883158
2019-02-13,3609.4,93028667.1106912
2019-02-14,3590.56,78107251.48769616
2019-02-15,3602.47,74851663.78246053
2019-02-16,3618.41,70797783.83014591
2019-02-17,3667.58,94220965.59770483
2019-02-18,3898.6,249676989.0961112
2019-02-19,3907.79,196199087.27637592
2019-02-20,3969.74,143724995.837879
2019-02-21,3937.31,122465636.37840168
2019-02-22,3962.0,94862814.7775
2019-02-23,4117.76,138595330.8859021
2019-02-24,3743.56,232939977.0739284
2019-02-25,3827.92,145855106.5485604
2019-02-26,3809.23,109853424.18117228
2019-02-27,3818.07,120273005.75887063
2019-02-28,3813.69,124181225.21389236
2019-03-01,3823.0,88596389.40591
2019-03-02,3819.93,74281741.30741514
2019-03-03,3807.75,63658594.3399275
2019-03-04,3715.3,129080079.619398
2019-03-05,3857.73,127160564.62823224
2019-03-06,3861.84,95677544.90244721
2019-03-07,3873.64,102478144.28595604
2019-03-08,3864.89,134229046.53775486
2019-03-09,3943.04,122154384.18568511
2019-03-10,3916.82,90821504.28974985
2019-03-11,3871.61,147380135.36433506
2019-03-12,3882.73,104527007.80689807
2019-03-13,3866.0,94566259.854562
2019-03-14,3877.12,104871243.9006336
2019-03-15,3923.76,85302783.70339248
2019-03-16,4005.98,114444343.38522151
2019-03-17,3981.14,74902185.44781777
2019-03-18,3987.81,89544191.9530581
2019-03-19,4015.53,79883917.07038696
2019-03-20,4043.04,94737727.2229752
2019-03-21,3980.64,143293813.35017616
2019-03-22,3986.93,79828729.80742373
2019-03-23,4006.01,69314405.9239512
2019-03-24,3992.18,68585056.15993264
2019-03-25,3936.12,130651199.04093803
2019-03-26,3948.55,115888116.79709086
2019-03-27,4038.05,130689694.75816861
2019-03-28,4027.81,80915858.76266375
2019-03-29,4103.25,123443065.22709301
2019-03-30,4106.97,80124079.43352897
2019-03-31,4103.95,55506282.57066035
2019-04-01,4144.56,105715572.26218298
2019-04-02,4857.29,511878897.1557773
2019-04-03,4932.6,542044034.2399218
2019-04-04,4898.66,299084032.7226149
2019-04-05,5004.95,199039618.3663897
2019-04-06,5043.89,210687533.8341176
2019-04-07,5170.27,194482222.9581171
2019-04-08,5236.9,262779424.1622558
2019-04-09,5150.0,175445113.40164998
2019-04-10,5308.25,212720795.86518577
2019-04-11,5017.37,274433083.3839158
2019-04-12,5048.01,167981006.41025814
2019-04-13,5045.22,87244248.90658645
2019-04-14,5131.3,93808413.79113069
2019-04-15,5024.95,146010934.83494595
2019-04-16,5173.72,125422507.57252397
2019-04-17,5202.82,121264915.14869788
2019-04-18,5258.44,118941911.13241844
2019-04-19,5258.68,129422616.22703366
2019-04-20,5291.73,101436686.98077402
2019-04-21,5256.14,134292121.79531547
2019-04-22,5357.14,158377695.75863627
2019-04-23,5493.31,226665528.0682953
2019-04-24,5415.0,261133785.316395
2019-04-25,5219.9,259095425.91956517
2019-04-26,5314.1,259924824.2715333
2019-04-27,5295.69,81674881.06971015
2019-04-28,5307.52,76276672.68839489
2019-04-29,5238.14,104333980.08271307
2019-04-30,5320.81,118324535.81886631
2019-05-01,5383.2,92685101.81637119
2019-05-02,5492.87,125214299.12523644
2019-05-03,5772.69,267259226.7336938
2019-05-04,5829.45,231326619.09258494
2019-05-05,5775.62,137589960.27776548
2019-05-06,5747.79,145169611.79087174
2019-05-07,5846.34,233298574.3329155
2019-05-08,5987.29,138151848.52641204
2019-05-09,6209.18,170460689.5481825
2019-05-10,6373.33,233414357.35623068
2019-05-11,7076.22,523798959.93823445
2019-05-12,6967.31,605800465.3691682
2019-05-13,7790.71,668479809.6061565
2019-05-14,7947.56,608653730.4106988
2019-05-15,8169.87,309510028.3513326
2019-05-16,7866.59,547754705.0957936
2019-05-17,7355.26,652794095.5315664
2019-05-18,7257.45,268924408.9863535
2019-05-19,8148.48,534356475.0607718
2019-05-20,7938.15,522800276.4623166
2019-05-21,7904.87,413438552.28474283
2019-05-22,7628.43,374838123.6325653
2019-05-23,7851.51,389813218.6617485
2019-05-24,7964.87,371678948.69153273
2019-05-25,8025.41,228036638.63123998
2019-05-26,8614.43,427724923.72230184
2019-05-27,8756.32,454337151.31752175
2019-05-28,8715.64,274285997.77179176
2019-05-29,8645.68,292923124.88451695
2019-05-30,8269.54,582010212.9693505
2019-05-31,8555.0,382643690.80910003
2019-06-01,8544.07,272284423.413799
2019-06-02,8725.98,242888816.1677247
2019-06-03,8115.82,370835880.0503453
2019-06-04,7687.03,569946759.8279352
2019-06-05,7776.5,378557348.4223075
2019-06-06,7786.7,285181025.4472649
2019-06-07,7980.53,270876950.13043875
2019-06-08,7893.62,178848350.3455351
2019-06-09,7628.13,240808356.1180664
2019-06-10,7982.75,293414585.390427
2019-06-11,7884.9,239188436.98195228
2019-06-12,8127.64,338086112.6018721
2019-06-13,8218.54,250400539.94708216
2019-06-14,8650.0,344574880.10574996
2019-06-15,8808.7,280042984.3767393
2019-06-16,8953.33,566649551.6166092
2019-06-17,9313.96,446096634.95402104
2019-06-18,9081.55,468195399.7436515
2019-06-19,9255.49,297542775.9874075
2019-06-20,9517.12,328874112.47317183
2019-06-21,10159.86,512914597.6444951
2019-06-22,10729.5,1117686092.058492
2019-06-23,10906.07,626502724.1168461
2019-06-24,11056.59,476550586.2876782
2019-06-25,11820.86,724343134.1298773
2019-06-26,13093.8,2041718163.8428066
2019-06-27,11329.99,1970226581.724161
2019-06-28,12400.63,1187920880.1320972
2019-06-29,11903.13,828958662.1604114
2019-06-30,10854.1,917307456.6813663
2019-07-01,10624.93,966467733.020596
2019-07-02,10842.85,1187953908.771895
2019-07-03,11940.0,1155981849.4626
2019-07-04,11145.67,741323276.1750077
2019-07-05,10970.73,697018205.9604648
2019-07-06,11256.49,579365870.7549382
2019-07-07,11406.24,443529310.9531377
2019-07-08,12238.6,638639119.397499
2019-07-09,12543.41,983931802.1656896
2019-07-10,12108.37,1322791533.860325
2019-07-11,11342.89,992576162.0701776
2019-07-12,11757.22,662188478.6185387
2019-07-13,11355.76,615999952.7443964
2019-07-14,10174.18,737806904.3113265
2019-07-15,10838.72,887934240.733175
2019-07-16,9439.59,917711685.8469207
2019-07-17,9667.92,821218964.4141386
2019-07-18,10627.16,853183583.3776443
2019-07-19,10504.29,593985373.7353506
2019-07-20,10740.23,508355490.70448506
2019-07-21,10589.45,411233750.3732858
2019-07-22,10340.31,418451198.10126007
2019-07-23,9864.91,469810130.86078614
2019-07-24,9763.28,424462311.7271566
2019-07-25,9879.87,374183821.17652535
2019-07-26,9824.0,266893158.643808
2019-07-27,9476.52,415164240.26499254
2019-07-28,9541.54,280531036.394303
2019-07-29,9507.64,275930133.00632
2019-07-30,9574.21,311510027.8541711
2019-07-31,10080.53,398335717.1027168
2019-08-01,10374.99,432923816.8891297
2019-08-02,10523.75,452420687.3707487
2019-08-03,10816.86,365634950.3945727
2019-08-04,10929.23,436346722.3373714
2019-08-05,11828.8,770689775.6163343
2019-08-06,11481.69,880707507.8738887
2019-08-07,11975.03,828353424.6788856
2019-08-08,11999.77,614475308.41885
2019-08-09,11879.99,468394178.4739141
2019-08-10,11309.31,482150797.68281686
2019-08-11,11549.97,309226271.6232927
2019-08-12,11396.08,200208921.204866
2019-08-13,10892.71,362016272.3326327
2019-08-14,10050.37,547261214.5485247
2019-08-15,10293.93,392965127.6177016
2019-08-16,10331.54,534741323.88303375
2019-08-17,10216.02,296270517.56104004
2019-08-18,10306.78,248242869.25086617
2019-08-19,10915.54,406530940.6459322
2019-08-20,10760.51,347552869.7160963
2019-08-21,10142.57,480308697.7180347
2019-08-22,10099.88,343998304.49667144
2019-08-23,10389.55,286235595.18619215
2019-08-24,10134.35,280645050.01699144
2019-08-25,10142.69,266465276.77412063
2019-08-26,10372.25,432393292.18272775
2019-08-27,10185.05,289283687.41462415
2019-08-28,9721.0,409356708.80037504
2019-08-29,9498.44,337505170.6409404
2019-08-30,9584.54,257194595.2405122
2019-08-31,9587.47,164236142.1757728
2019-09-01,9724.98,190078671.19007814
2019-09-02,10340.0,462614165.28162
2019-09-03,10615.28,509516209.0758137
2019-09-04,10567.02,464355954.2155225
2019-09-05,10564.49,358885873.9611091
2019-09-06,10298.73,605561626.3336821
2019-09-07,10455.88,288978329.46546495
2019-09-08,10381.18,248989197.45982125
2019-09-09,10303.12,410432281.832537
2019-09-10,10098.15,291992169.95988375
2019-09-11,10158.33,324597494.66290146
2019-09-12,10415.01,359434105.20495254
2019-09-13,10342.06,313161090.78377855
2019-09-14,10335.02,244129021.3495354
2019-09-15,10302.01,185927112.11846614
2019-09-16,10251.31,296994819.5204206
2019-09-17,10187.82,233447014.06942263
2019-09-18,10156.99,246309539.66807798
2019-09-19,10244.29,459213438.36122394
2019-09-20,10168.59,255114579.39932272
2019-09-21,9986.39,205162145.73558244
2019-09-22,10028.87,221129315.13664076
2019-09-23,9702.25,309863012.626001
2019-09-24,8493.14,798417543.8374074
2019-09-25,8430.05,512411250.92955285
2019-09-26,8063.73,547776063.3014238
2019-09-27,8177.91,358870608.12003374
2019-09-28,8198.81,282642538.7628536
2019-09-29,8043.82,253735958.44702214
2019-09-30,8289.34,463088018.1638084
2019-10-01,8292.44,360551869.9051049
2019-10-02,8359.94,219393137.74064136
2019-10-03,8223.96,250734428.56162965
2019-10-04,8137.13,215441342.4203005
2019-10-05,8126.19,178025446.52002114
2019-10-06,7854.25,272354790.22685826
2019-10-07,8190.09,427539670.2989367
2019-10-08,8168.39,289591132.36745894
2019-10-09,8560.74,471172038.11691976
2019-10-10,8558.03,334943717.4355711
2019-10-11,8258.5,416272041.36605304
2019-10-12,8300.09,177118393.55346882
2019-10-13,8275.01,230382401.51847455
2019-10-14,8348.2,248865378.9686946
2019-10-15,8159.29,267404920.92980203
2019-10-16,7991.74,277581852.24184084
2019-10-17,8070.58,239348780.73557162
2019-10-18,7947.01,249164046.24476618
2019-10-19,7948.01,211638731.13471788
2019-10-20,8223.35,281949500.43227094
2019-10-21,8197.27,249596047.32465854
2019-10-22,8020.0,277907665.87726
2019-10-23,7466.62,477098031.11706877
2019-10-24,7412.41,242492421.65731865
2019-10-25,8655.02,785427643.2603334
2019-10-26,9230.0,1500692643.36199
2019-10-27,9529.93,894227083.1382077
2019-10-28,9205.14,738014894.8486402
2019-10-29,9407.62,603578434.4762386
2019-10-30,9154.72,505723087.1030685
2019-10-31,9140.85,497043087.2254467
2019-11-01,9231.61,402450321.93217516
2019-11-02,9289.52,268681352.0229226
2019-11-03,9194.71,256480718.90570408
2019-11-04,9393.35,431102690.8695579
2019-11-05,9308.66,427601429.75043887
2019-11-06,9339.05,348684361.91262656
2019-11-07,9216.2,360514434.8754186
2019-11-08,8773.73,544912586.8499863
2019-11-09,8809.41,259608744.18402103
2019-11-10,9039.47,311156905.68908757
2019-11-11,8733.27,392019491.3829422
2019-11-12,8821.94,356111983.19539374
2019-11-13,8777.12,235315613.40331617
2019-11-14,8646.68,289391141.19569945
2019-11-15,8471.73,390440159.5836792
2019-11-16,8491.02,177481845.24022704
2019-11-17,8502.4,229641636.8859968
2019-11-18,8187.17,352193148.7332398
2019-11-19,8133.64,354269320.19538105
2019-11-20,8098.01,262911863.1383498
2019-11-21,7627.74,445603266.9480401
2019-11-22,7268.23,920180742.1246716
2019-11-23,7311.57,368867936.99381536
2019-11-24,6903.28,468665104.60996425
2019-11-25,7109.57,850629729.5845352
2019-11-26,7156.14,470318679.0053166
2019-11-27,7508.52,694184249.6571348
2019-11-28,7419.49,422421103.4984144
2019-11-29,7739.68,470149190.26074064
2019-11-30,7541.89,354389139.5167999
2019-12-01,7390.89,449139524.4077286
2019-12-02,7294.28,337945860.0274512
2019-12-03,7292.71,241749525.96421975
2019-12-04,7194.32,598234338.3941915
2019-12-05,7389.0,438217050.059595
2019-12-06,7527.47,362741913.8258217
2019-12-07,7488.21,235868761.81110033
2019-12-08,7510.11,224228585.4675494
2019-12-09,7338.64,342141248.43162954
2019-12-10,7224.13,359210921.7884382
2019-12-11,7210.0,216971192.91624
2019-12-12,7198.08,304396732.59661055
2019-12-13,7258.48,200405716.74353158
2019-12-14,7064.05,208827346.97018635
2019-12-15,7118.59,187900722.28826684
2019-12-16,6891.72,302298358.2445715
2019-12-17,6623.82,356792527.49710876
2019-12-18,7277.83,696027289.5740653
2019-12-19,7150.3,396906353.60097253
2019-12-20,7187.83,230959850.99377516
2019-12-21,7132.75,138854485.548217
2019-12-22,7501.44,293587271.560416
2019-12-23,7317.09,497942588.21409935
2019-12-24,7255.77,316565575.04446477
2019-12-25,7204.63,198070007.29081547
2019-12-26,7202.0,261142799.26935202
2019-12-27,7254.74,244069054.89907116
2019-12-28,7316.14,196430912.62539184
2019-12-29,7388.24,231895472.6614404
2019-12-30,7246.0,214524436.772372
2019-12-31,7195.23,186748262.69424757
2020-01-01,7200.85,120919468.31794026
2020-01-02,6965.71,222564771.1399717
2020-01-03,7344.96,502604598.67257696
2020-01-04,7354.11,220534866.65810546
2020-01-05,7358.75,282068876.188435
2020-01-06,7758.0,423863724.26152796
2020-01-07,8145.28,742618899.6355501
2020-01-08,8055.98,907285756.6549872
2020-01-09,7817.76,502209148.5461808
2020-01-10,8197.02,675490002.876805
2020-01-11,8020.01,439577010.08966666
2020-01-12,8184.98,312105518.5102733
2020-01-13,8110.34,252716212.90606222
2020-01-14,8810.01,1060717510.5882874
2020-01-15,8821.41,748199335.8645444
2020-01-16,8720.01,453362687.66722286
2020-01-17,8913.28,631931384.6076666
2020-01-18,8915.96,341434428.4053582
2020-01-19,8701.7,615009087.2650404
2020-01-20,8642.35,336158374.5088431
2020-01-21,8736.03,318818686.22965384
2020-01-22,8682.36,252487866.0726857
2020-01-23,8404.52,404811644.68437845
2020-01-24,8439.0,351801061.695231
2020-01-25,8340.58,212861259.42448056
2020-01-26,8615.0,268189129.68786
2020-01-27,8907.57,480773112.38487965
2020-01-28,9374.21,699174082.0124006
2020-01-29,9301.53,501018217.6542367
2020-01-30,9513.21,576754949.7521614
2020-01-31,9352.89,426043054.33579725
2020-02-01,9384.61,268194016.67102194
2020-02-02,9331.51,426365207.2761354
2020-02-03,9292.24,472901918.1387202
2020-02-04,9197.02,490276354.08490735
2020-02-05,9612.04,623537029.7080046
2020-02-06,9772.0,634688532.777936
2020-02-07,9813.73,431471578.1474973
2020-02-08,9895.05,431432528.1172533
2020-02-09,10151.75,440671992.33472806
2020-02-10,9851.83,586903902.2420027
2020-02-11,10223.08,638149140.16657
2020-02-12,10326.46,629997331.8505877
2020-02-13,10229.63,811663432.6918291
2020-02-14,10344.36,486582972.76237434
2020-02-15,9904.72,571078451.1732098
2020-02-16,9917.27,595274209.888304
2020-02-17,9706.0,681953381.511106
2020-02-18,10164.71,717670445.4571694
2020-02-19,9593.79,529218274.5273821
2020-02-20,9596.42,577247146.5867679
2020-02-21,9677.05,408193012.2064742
2020-02-22,9650.86,237765898.6735058
2020-02-23,9936.4,374623045.5159852
2020-02-24,9656.13,538779185.6922156
2020-02-25,9315.84,506589273.1513037
2020-02-26,8785.25,809388117.6457405
2020-02-27,8823.21,639537836.968666
2020-02-28,8692.91,618545827.6682531
2020-02-29,8523.61,313227180.39895636
2020-03-01,8531.88,374482998.5142145
2020-03-02,8915.24,538492243.8792052
2020-03-03,8760.07,483161637.0401297
2020-03-04,8750.87,338627888.49734294
2020-03-05,9054.68,526999275.2472914
2020-03-06,9131.88,399820627.58404267
2020-03-07,8886.66,403651688.0641365
2020-03-08,8033.31,622881289.2961795
2020-03-09,7929.87,927547879.7630152
2020-03-10,7894.56,685117104.67782
2020-03-11,7934.52,634304660.2924575
2020-03-12,4800.0,1255226921.5344
2020-03-13,5578.6,2243722257.2598505
2020-03-14,5172.06,708107437.8656865
2020-03-15,5361.3,750132436.4127343
2020-03-16,5028.97,1142968826.2523572
2020-03-17,5312.64,797373746.1540596
2020-03-18,5393.04,739534820.0887377
2020-03-19,6162.37,1226440259.8542902
2020-03-20,6208.36,1361482977.021537
2020-03-21,6186.98,797586287.8885137
2020-03-22,5816.19,692801232.943232
2020-03-23,6467.31,1064999202.4884884
2020-03-24,6744.72,1019383557.9843442
2020-03-25,6677.43,882460669.4875982
2020-03-26,6737.36,559379792.0163829
2020-03-27,6359.11,527265404.4096049
2020-03-28,6236.65,581004402.0239729
2020-03-29,5881.42,372362273.4696739
2020-03-30,6394.38,760224960.677845
2020-03-31,6410.44,463715814.1521039
2020-04-01,6642.92,647689698.133008
2020-04-02,6794.09,1014357004.2731925
2020-04-03,6734.1,700886992.93492
2020-04-04,6856.99,500497604.9215116
2020-04-05,6772.78,336507992.06732273
2020-04-06,7329.9,865309360.8984768
2020-04-07,7197.32,745535607.9568996
2020-04-08,7361.28,559892669.0743526
2020-04-09,7283.54,444986947.04411614
2020-04-10,6858.92,717954867.7592549
2020-04-11,6876.83,312691476.427817
2020-04-12,6903.79,509973761.1029388
2020-04-13,6837.91,659280351.4132825
2020-04-14,6868.7,474411652.75767946
2020-04-15,6621.24,407678917.17767256
2020-04-16,7101.94,887812507.6505257
2020-04-17,7027.55,380376753.6849707
2020-04-18,7248.6,358722651.4778034
2020-04-19,7120.74,325167623.1809082
2020-04-20,6826.83,615435252.1694571
2020-04-21,6841.37,411232772.230527
2020-04-22,7125.14,438099046.59757674
2020-04-23,7482.39,768991929.1475308
2020-04-24,7505.0,451666810.142195
2020-04-25,7538.67,330754832.06516445
2020-04-26,7693.1,388675538.7574579
2020-04-27,7774.62,508781547.4943611
2020-04-28,7738.98,358336076.6104292
2020-04-29,8778.57,1611279200.323775
2020-04-30,8620.0,1778109585.74888
2020-05-01,8826.96,807391571.7731906
2020-05-02,8972.05,529369679.60297745
2020-05-03,8894.16,801595647.9993448
2020-05-04,8871.96,748957664.6601387
2020-05-05,9021.83,689996463.1854159
2020-05-06,9142.92,968466566.0018665
2020-05-07,9986.4,1469544811.0652592
2020-05-08,9800.01,986702211.5579641
2020-05-09,9539.4,781760312.6614398
2020-05-10,8722.77,1603813693.8383777
2020-05-11,8561.52,1445246662.7047048
2020-05-12,8810.79,762334045.3777122
2020-05-13,9309.37,860802757.3549488
2020-05-14,9791.98,1268701584.8786907
2020-05-15,9316.42,1079687008.4028928
2020-05-16,9381.27,559007625.6329448
2020-05-17,9680.04,664513104.557213
2020-05-18,9733.93,798246538.8146713
2020-05-19,9775.53,767767784.5108907
2020-05-20,9511.43,712631890.1813687
2020-05-21,9068.65,987836989.5345218
2020-05-22,9170.0,540508511.49008
2020-05-23,9179.15,399534408.7954589
2020-05-24,8720.34,613736364.598593
2020-05-25,8900.35,559243799.3149321
2020-05-26,8841.18,515438761.74868286
2020-05-27,9204.07,634255735.875742
2020-05-28,9575.89,709676750.4646691
2020-05-29,9427.07,540872135.8387543
2020-05-30,9697.72,539826226.8166088
2020-05-31,9448.27,456670664.05787283
2020-06-01,10200.77,781880114.8197591
2020-06-02,9518.04,1037188177.6821442
2020-06-03,9666.24,447089166.61515933
2020-06-04,9789.06,562441219.7515991
2020-06-05,9621.16,459776475.61905795
2020-06-06,9666.3,316599849.2170059
2020-06-07,9746.99,564865833.6801112
2020-06-08,9782.01,397782151.1173913
2020-06-09,9772.43,449766330.9166623
2020-06-10,9885.0,465887592.07707
2020-06-11,9280.4,876245945.888292
2020-06-12,9465.13,474383483.99008113
2020-06-13,9473.34,262977880.22037235
2020-06-14,9342.1,280781548.2825968
2020-06-15,9426.02,811655020.4466761
2020-06-16,9525.59,495830267.9233619
2020-06-17,9465.14,454766008.0512413
2020-06-18,9386.32,350878980.2634948
2020-06-19,9310.23,422041884.1218748
2020-06-20,9358.95,283848206.47558683
2020-06-21,9294.69,226018291.09789747
2020-06-22,9685.69,560757558.7751117
2020-06-23,9624.89,394919144.3692682
2020-06-24,9296.49,572399405.4344614
2020-06-25,9249.49,516414003.06723046
2020-06-26,9162.21,460788598.19651216
2020-06-27,9012.0,417173862.178356
2020-06-28,9116.35,279764157.11558336
2020-06-29,9192.56,387193323.01933813
2020-06-30,9138.55,287527686.4150785
2020-07-01,9232.0,355326096.949168
2020-07-02,9086.54,415483568.7292971
2020-07-03,9058.26,262177025.25251204
2020-07-04,9135.46,241559545.40684262
2020-07-05,9069.41,309027934.9412501
2020-07-06,9344.2,508914400.6227434
2020-07-07,9257.39,320188464.6895504
2020-07-08,9436.06,529745294.2125828
2020-07-09,9232.43,443567027.46841735
2020-07-10,9288.34,355701568.79569006
2020-07-11,9234.03,208332330.48498002
2020-07-12,9302.75,287201031.1910865
2020-07-13,9242.62,395030217.6036813
2020-07-14,9255.85,423663880.14042765
2020-07-15,9197.6,359199204.326804
2020-07-16,9133.72,396180322.0986605
2020-07-17,9154.32,256818577.3099111
2020-07-18,9170.28,206831460.43229797
2020-07-19,9208.99,239912786.29095882
2020-07-20,9160.78,324829936.827104
2020-07-21,9390.0,567283539.54354
2020-07-22,9518.16,464629019.49108315
2020-07-23,9603.27,497989411.48354506
2020-07-24,9537.8,419006390.89604896
2020-07-25,9700.42,394608675.9442747
2020-07-26,9931.54,648323674.4124213
2020-07-27,11029.96,1656577925.0209942
2020-07-28,10906.27,1060828171.3316525
2020-07-29,11100.53,852943570.1762435
2020-07-30,11099.61,674798863.6792822
2020-07-31,11335.46,794203826.424338
2020-08-01,11801.17,1004131876.8443974
2020-08-02,11071.35,1080044265.7310455
2020-08-03,11219.81,638764444.2996197
2020-08-04,11191.97,656175281.7577167
2020-08-05,11744.91,880518919.4036233
2020-08-06,11762.46,747258321.3843491
2020-08-07,11594.23,762389330.162053
2020-08-08,11761.41,492310993.83746636
2020-08-09,11681.68,484708734.9076946
2020-08-10,11892.92,1010331358.30306
2020-08-11,11392.08,1033811718.4132987
2020-08-12,11564.33,750636192.3517184
2020-08-13,11780.0,826160749.89356
2020-08-14,11760.54,703502009.8971765
2020-08-15,11852.4,666554145.81462
2020-08-16,11911.0,492737069.787366
2020-08-17,12281.13,1040631867.3702402
2020-08-18,11945.01,906910974.6083703
2020-08-19,11754.59,869136378.2489915
2020-08-20,11853.55,546273866.712296
2020-08-21,11531.34,743175330.5474904
2020-08-22,11662.96,509422950.14923215
2020-08-23,11648.13,441464181.6297297
2020-08-24,11748.2,542912422.1318895
2020-08-25,11318.42,787659297.7802702
2020-08-26,11461.43,618896947.3779203
2020-08-27,11330.38,716601625.7132155
2020-08-28,11526.91,529706565.8716022
2020-08-29,11465.84,378072305.819328
2020-08-30,11711.16,505663050.0620426
2020-08-31,11649.51,644842523.4449055
2020-09-01,11921.97,931680420.4640859
2020-09-02,11388.54,993329477.5122012
2020-09-03,10140.85,1236677732.5822127
2020-09-04,10446.25,968718359.7341763
2020-09-05,10166.69,915018423.31213
2020-09-06,10256.2,578129571.844403
2020-09-07,10373.44,649587205.7036455
2020-09-08,10126.65,744226530.5816396
2020-09-09,10219.2,504288025.0996992
2020-09-10,10336.87,602161479.5257626
2020-09-11,10387.89,455303862.0752046
2020-09-12,10440.92,369390907.14308834
2020-09-13,10332.83,452966570.34136796
2020-09-14,10671.77,715641333.767579
2020-09-15,10785.31,666774318.2573737
2020-09-16,10954.01,711917677.1828845
2020-09-17,10939.99,608281106.9311147
2020-09-18,10933.39,516785574.25460225
2020-09-19,11080.65,425940594.4105977
2020-09-20,10920.28,427615478.6281182
2020-09-21,10417.22,736324852.9465024
2020-09-22,10529.61,463210552.98044443
2020-09-23,10241.46,531291796.9183553
2020-09-24,10736.32,619234642.6864886
2020-09-25,10686.67,514040764.09588337
2020-09-26,10728.6,304915788.1797474
2020-09-27,10774.25,329147769.93863523
2020-09-28,10696.12,535824823.9770721
2020-09-29,10840.48,453943998.5963915
2020-09-30,10776.59,426710152.077992
2020-10-01,10619.13,646347501.614043
2020-10-02,10570.4,529898313.619332
2020-10-03,10542.06,235069187.27010244
2020-10-04,10666.63,247593832.57327485
2020-10-05,10792.21,367213165.1691231
2020-10-06,10599.66,515935699.5808398
2020-10-07,10666.39,349985484.99202275
2020-10-08,10925.57,567689247.4482961
2020-10-09,11050.64,533083682.9157216
2020-10-10,11293.22,492926883.7654264
2020-10-11,11369.02,330200126.7501178
2020-10-12,11528.25,608983076.9298075
2020-10-13,11420.56,482007974.91565704
2020-10-14,11417.89,472873124.8176083
2020-10-15,11505.12,560997908.1830165
2020-10-16,11319.32,552357341.8929787
2020-10-17,11360.2,254115350.9208082
2020-10-18,11503.14,267839585.58583972
2020-10-19,11751.47,557190481.9969972
2020-10-20,11909.99,740024259.0488234
2020-10-21,12780.96,1464499358.5607562
2020-10-22,12968.52,908299891.6879469
2020-10-23,12923.07,651154726.0352318
2020-10-24,13111.73,471395658.22939104
2020-10-25,13028.83,501369957.48910034
2020-10-26,13052.19,795552816.6311394
2020-10-27,13636.17,1101952799.0935066
2020-10-28,13266.4,1252886261.4486065
2020-10-29,13455.7,1007463272.5075525
2020-10-30,13560.1,958126547.4042482
2020-10-31,13791.0,928675438.360365
2020-11-01,13761.5,499344952.19054896
2020-11-02,13549.37,874834340.0075979
2020-11-03,14023.53,1039362771.8104181
2020-11-04,14144.01,1315633212.1476107
2020-11-05,15590.02,2240933213.3025236
2020-11-06,15579.92,1910381710.6322844
2020-11-07,14818.3,1503038048.0643198
2020-11-08,15475.1,1014349143.1505075
2020-11-09,15328.41,1670433929.902947
2020-11-10,15297.21,943561277.4160993
2020-11-11,15684.24,1230738336.1864219
2020-11-12,16291.86,1664968734.1069412
2020-11-13,16320.7,1235344482.46519
2020-11-14,16070.45,950026301.5227605
2020-11-15,15957.0,695674800.022941
2020-11-16,16713.57,1358824538.1030886
2020-11-17,17659.38,2034738541.511397
2020-11-18,17776.12,2648993636.24456
2020-11-19,17802.82,1655832472.9044425
2020-11-20,18655.67,1649590653.3346825
2020-11-21,18703.8,1413585666.3096972
2020-11-22,18414.43,1503459723.1113365
2020-11-23,18368.0,1523836943.916224
2020-11-24,19160.01,2176222852.8726525
2020-11-25,18719.11,1745867312.0712106
2020-11-26,17149.47,3104144048.004203
2020-11-27,17139.52,1461950062.2772822
2020-11-28,17719.85,1150207866.8634045
2020-11-29,18184.99,1006157608.179892
2020-11-30,19695.87,2274153433.575352
2020-12-01,18764.96,2396262173.214274
2020-12-02,19204.09,1457801934.8227248
2020-12-03,19421.9,1295234688.4816103
2020-12-04,18650.52,1329477479.437464
2020-12-05,19147.66,821870195.9412891
2020-12-06,19359.4,717132032.5738435
2020-12-07,19166.9,792978665.8183018
2020-12-08,18324.11,1129258967.0431736
2020-12-09,18541.28,1475618036.9794052
2020-12-10,18254.63,965499704.2911853
2020-12-11,18036.53,1309645506.419181
2020-12-12,18808.69,931405923.1341741
2020-12-13,19174.99,1084553191.3329828
2020-12-14,19273.14,910794656.5474432
2020-12-15,19426.43,1201220982.9070706
2020-12-16,21335.52,2438785108.680446
2020-12-17,22797.16,4214795403.620435
2020-12-18,23107.39,1840414287.609088
2020-12-19,23821.61,2049731973.16027
2020-12-20,23455.52,1798807245.917431
2020-12-21,22719.71,2000022824.5747592
2020-12-22,23810.79,2072327490.0392666
2020-12-23,23232.76,2765796414.034453
2020-12-24,23729.2,1637643075.7325585
2020-12-25,24712.47,1965134219.8506055
2020-12-26,26493.39,2591226103.6755185
2020-12-27,26281.66,3901659241.9770355
2020-12-28,27079.41,2158817750.9636073
2020-12-29,27385.0,1900836463.51531
2020-12-30,28875.54,2753457661.9969764
2020-12-31,28923.63,2183980064.8695416
2021-01-01,29331.69,1589276759.7158985
2021-01-02,32178.33,4182985755.0206456
2021-01-03,33000.05,3991605750.628338
2021-01-04,31988.71,4507205582.37056
2021-01-05,33949.53,3939842855.941492
2021-01-06,36769.36,4674827063.079862
2021-01-07,39432.28,5237620210.827906
2021-01-08,40582.81,5673069285.089993
2021-01-09,40088.22,3038125026.1269283
2021-01-10,38150.02,4509696486.98034
2021-01-11,35404.47,8892049963.297943
2021-01-12,34051.24,4561100671.172275
2021-01-13,37371.38,4651911460.755674
2021-01-14,39144.5,4029941518.6903343
2021-01-15,36742.22,4346638462.498274
2021-01-16,35994.98,3108110065.16183
2021-01-17,35828.61,2871939952.927656
2021-01-18,36631.27,2589761876.423312
2021-01-19,35891.49,2857368456.6779857
2021-01-20,35468.23,3169739778.7928953
2021-01-21,30850.13,4164893315.429266
2021-01-22,32945.17,4710226436.1805935
2021-01-23,32078.0,2072087638.03865
2021-01-24,32259.9,1870365706.9793637
2021-01-25,32254.2,2854471764.955318
2021-01-26,32467.77,2758858070.3462906
2021-01-27,30366.15,2912477016.1104827
2021-01-28,33364.86,3090291556.550819
2021-01-29,34252.2,7940584962.102877
2021-01-30,34262.88,2908564964.9906588
2021-01-31,33092.98,2274886909.9021044
2021-02-01,33526.37,2773243556.5083785
2021-02-02,35466.24,2768376232.902451
2021-02-03,37618.87,3039015346.105021
2021-02-04,36936.66,3401154834.414221
2021-02-05,38290.24,2553244292.909976
2021-02-06,39186.94,3869996827.88955
2021-02-07,38795.69,3272947167.344621
2021-02-08,46374.87,6427442756.706951
2021-02-09,46420.42,5361552090.612959
2021-02-10,44807.58,4353243791.261076
2021-02-11,47969.51,4296201192.4184675
2021-02-12,47287.6,4060587900.025457
2021-02-13,47153.69,3006901096.6422524
2021-02-14,48577.79,3581906445.9922123
2021-02-15,47911.1,3804053029.4939027
2021-02-16,49133.45,4363702178.989468
2021-02-17,52119.71,4468933537.419193
2021-02-18,51552.6,3132235291.40078
2021-02-19,55906.0,4453459549.98612
2021-02-20,55841.19,4520244113.098084
2021-02-21,57408.57,3339267557.223339
2021-02-22,54087.67,7248798970.837541
2021-02-23,48891.0,8280914349.768441
2021-02-24,49676.2,4564309327.044202
2021-02-25,47073.73,3921744132.6162114
2021-02-26,46276.87,5063763232.065565
2021-02-27,46106.43,3045829232.0256977
2021-02-28,45135.66,3748758898.254238
2021-03-01,49587.03,4219167570.8727255
2021-03-02,48440.65,3110909993.7519913
2021-03-03,50349.37,4080107202.421116
2021-03-04,48374.09,3998104840.3605604
2021-03-05,48751.71,3812017907.303796
2021-03-06,48882.2,2170332248.0642924
2021-03-07,50971.75,2815426040.090096
2021-03-08,52375.17,3508474350.253143
2021-03-09,54884.5,3932844186.0477223
2021-03-10,55851.59,4733379746.25647
2021-03-11,57773.16,4732477589.673064
2021-03-12,57221.72,4200383591.3077407
2021-03-13,61188.39,5093633114.864673
2021-03-14,58968.31,3101795184.8883524
2021-03-15,55605.2,5714625769.190749
2021-03-16,56900.75,4437501398.820266
2021-03-17,58912.97,4148746835.9572077
2021-03-18,57648.16,3838237936.8654685
2021-03-19,58030.01,3040346175.25336
2021-03-20,58102.28,2584211724.612849
2021-03-21,57351.56,2785248130.787527
2021-03-22,54083.25,3384617733.5045695
2021-03-23,54340.89,3249007329.83841
2021-03-24,52303.65,4369314332.345627
2021-03-25,51293.78,4483103790.474574
2021-03-26,55025.59,3511390602.554368
2021-03-27,55817.14,2796744315.9114428
2021-03-28,55777.63,2178138065.945179
2021-03-29,57635.47,3911024115.1643066
2021-03-30,58746.57,3238254463.4375916
2021-03-31,58740.55,3581736912.7493067
2021-04-01,58720.44,2784265906.029977
2021-04-02,58950.01,2793194060.964138
2021-04-03,57051.94,2704824038.1597495
2021-04-04,58202.01,2404562612.1333656
2021-04-05,59129.99,3208275931.082542
2021-04-06,57991.15,3143178363.309566
2021-04-07,55953.45,3985475034.620573
2021-04-08,58077.52,2571855356.6589127
2021-04-09,58142.54,2374069501.713214
2021-04-10,59769.13,4178246150.884108
2021-04-11,60002.43,2469502934.2784
2021-04-12,59860.0,3374609721.82362
2021-04-13,63575.0,5267105387.02695
2021-04-14,62959.53,5201486188.117603
2021-04-15,63159.98,3262194040.4803934
2021-04-16,61334.8,5628335166.957164
2021-04-17,60006.66,3535127723.305813
2021-04-18,56150.01,7012132950.738918
2021-04-19,55633.14,4352127260.505928
2021-04-20,56425.0,4104607405.3701754
2021-04-21,53787.63,3602951320.2612357
2021-04-22,51690.96,5409801744.175613
2021-04-23,51125.14,6760317176.568175
2021-04-24,50047.84,2770724123.4114923
2021-04-25,49066.77,2858416334.612917
2021-04-26,54001.39,4660903286.710952
2021-04-27,55011.97,2974169053.62006
2021-04-28,54846.22,3023697283.837673
2021-04-29,53555.0,2810888771.912525
2021-04-30,57694.27,3956610152.4419417
2021-05-01,57800.37,2462316098.2509794
2021-05-02,56578.21,2082806791.0153751
2021-05-03,57169.39,3295811405.1625357
2021-05-04,53200.01,4539270951.285859
2021-05-05,57436.11,4437739205.673983
2021-05-06,56393.68,3957802747.4447417
2021-05-07,57314.75,4272398956.132178
2021-05-08,58862.05,4103267974.1154375
2021-05-09,58240.84,4065567060.699124
2021-05-10,55816.14,5000364211.826895
2021-05-11,56670.02,3645556349.5593104
2021-05-12,49631.32,4955329452.043263
2021-05-13,49670.97,7318123457.392127
2021-05-14,49841.45,3991413181.8072834
2021-05-15,46762.99,4182362550.0004234
2021-05-16,46431.5,5305718811.862412
2021-05-17,43538.04,7255926652.866878
2021-05-18,42849.78,5012561299.025027
2021-05-19,36690.09,13001032242.828974
2021-05-20,40526.64,8227621064.163528
2021-05-21,37252.01,7528664310.395899
2021-05-22,37449.73,4738972859.747254
2021-05-23,34655.25,7524903978.692063
2021-05-24,38796.29,6270679035.458168
2021-05-25,38324.72,4292224094.6393466
2021-05-26,39241.91,4111797679.336227
2021-05-27,38529.98,3334660297.3896446
2021-05-28,35663.49,4828038743.742923
2021-05-29,34605.15,3898723221.966748
2021-05-30,35641.27,2620894581.4453278
2021-05-31,37253.81,3507846141.916701
2021-06-01,36693.09,2980750828.832349
2021-06-02,37568.68,2539168369.3054566
2021-06-03,39246.79,2978403806.9014544
2021-06-04,36829.0,3363143228.394105
2021-06-05,35513.2,2502246629.898668
2021-06-06,35796.31,1705701568.3421094
2021-06-07,33552.79,2602856092.9418287
2021-06-08,33380.81,4114224523.51818
2021-06-09,37388.05,5107491686.345471
2021-06-10,36675.72,4016992034.929684
2021-06-11,37331.98,2929291340.5394945
2021-06-12,35546.11,3118017680.875039
2021-06-13,39020.57,3391707962.1406665
2021-06-14,40516.29,4396924703.699349
2021-06-15,40144.04,3238806006.393585
2021-06-16,38349.01,3365968421.2767825
2021-06-17,38092.97,3029964625.844854
2021-06-18,35819.84,3411053261.4448304
2021-06-19,35483.72,2438173317.188275
2021-06-20,35600.16,3199677262.7673364
2021-06-21,31608.93,5334919587.16171
2021-06-22,32509.56,6638718072.463526
2021-06-23,33678.07,4275973222.3877535
2021-06-24,34663.09,3002718049.386763
2021-06-25,31584.45,3665726968.672564
2021-06-26,32283.65,3480835258.6341577
2021-06-27,34700.34,3352512422.6247315
2021-06-28,34494.89,2836248083.9669447
2021-06-29,35911.73,3260382736.877661
2021-06-30,35045.0,2703798766.08353
2021-07-01,33504.69,2402563226.5200653
2021-07-02,33786.55,1897864214.736866
2021-07-03,34669.13,1492318092.7000523
2021-07-04,35286.51,1542143135.4633064
2021-07-05,33690.14,2160342300.656444
2021-07-06,34220.01,1991967189.1687436
2021-07-07,33862.12,1822036755.8614511
2021-07-08,32875.71,2305786587.421027
2021-07-09,33815.81,1594548672.376003
2021-07-10,33502.87,1164599142.7515934
2021-07-11,34258.99,1081647013.1945574
2021-07-12,33086.63,1594160279.153902
2021-07-13,32729.77,1346056336.7288082
2021-07-14,32820.02,1535249102.3013496
2021-07-15,31880.0,1646269694.1336398
2021-07-16,31383.87,1522113431.626796
2021-07-17,31520.07,1072068252.8575892
2021-07-18,31778.56,1141603970.239772
2021-07-19,30839.65,1459963479.3451855
2021-07-20,29790.35,1818225682.1335857
2021-07-21,32144.51,2661445372.369647
2021-07-22,32287.83,1490021763.3009903
2021-07-23,33634.09,1685500565.3546102
2021-07-24,34258.14,1643621629.4846232
2021-07-25,35381.02,1693085413.700819
2021-07-26,37237.6,5676965687.811222
2021-07-27,39457.87,3487967870.2331586
2021-07-28,40019.56,4055763436.616306
2021-07-29,40016.48,2160827465.599384
2021-07-30,42206.37,3106506368.510208
2021-07-31,41461.83,1859554410.4750721
2021-08-01,39845.44,2149788448.561454
2021-08-02,39147.82,1990171503.5718403
2021-08-03,38207.05,2182288727.507364
2021-08-04,39723.18,2078688285.8603275
2021-08-05,40862.46,3446493340.3128877
2021-08-06,42836.87,3245061737.469064
2021-08-07,44572.54,3271479165.5342126
2021-08-08,43794.37,3036223937.3805103
2021-08-09,46253.4,3449943272.889723
2021-08-10,45584.99,2453139982.1998506
2021-08-11,45511.0,2400018123.875247
2021-08-12,44399.0,2453759963.767619
2021-08-13,47800.0,2305841906.6018
2021-08-14,47068.51,2170534168.770597
2021-08-15,46973.82,1978100974.275276
2021-08-16,45901.29,2408926047.183078
2021-08-17,44695.95,2549427561.4827023
2021-08-18,44705.29,2418530080.4400606
2021-08-19,46760.62,2497566728.586631
2021-08-20,49322.47,2803999792.2549634
2021-08-21,48821.87,2282184981.436292
2021-08-22,49239.22,1822239528.87332
2021-08-23,49488.85,2596310869.380213
2021-08-24,47674.01,2432070300.1621
2021-08-25,48973.32,2186944269.2044754
2021-08-26,46843.87,2312741717.7791457
2021-08-27,49069.9,2064277703.8220534
2021-08-28,48895.35,1304579952.188795
2021-08-29,48767.83,1592381009.5230737
2021-08-30,46982.91,1892863961.0943155
2021-08-31,47100.89,2291247633.6463594
2021-09-01,48810.52,2435872174.6375456
2021-09-02,49246.64,2679547628.8074923
2021-09-03,49999.14,2951231445.7960253
2021-09-04,49915.64,1730308668.8169878
2021-09-05,51756.88,2098474204.8985562
2021-09-06,52663.9,2593679542.187076
2021-09-07,46863.73,5766525867.446483
2021-09-08,46048.31,2996331997.817312
2021-09-09,46395.14,2349990857.860303
2021-09-10,44850.91,2199859372.095224
2021-09-11,45173.69,1375105558.9828892
2021-09-12,46025.24,1477146963.5603247
2021-09-13,44940.73,2940433789.446309
2021-09-14,47111.52,2113227321.0324047
2021-09-15,48121.41,2079071647.5723536
2021-09-16,47737.82,1944126965.779089
2021-09-17,47299.98,1630048493.809445
2021-09-18,48292.74,1492558138.3790412
2021-09-19,47241.75,1410036015.1437075
2021-09-20,43015.62,3355369966.1008
2021-09-21,40734.38,3443443357.426574
2021-09-22,43543.61,2540728513.076866
2021-09-23,44865.26,2184919163.805653
2021-09-24,42810.57,3600943724.2135067
2021-09-25,42670.64,1433501883.0723095
2021-09-26,43160.9,2152865590.571885
2021-09-27,42147.35,1676488558.7983503
2021-09-28,41026.54,1779413858.244096
2021-09-29,41524.28,1391542357.1716437
2021-09-30,43824.1,2032615565.6682208
2021-10-01,48141.61,3189134932.8974214
2021-10-02,47634.9,1453292273.803719
2021-10-03,48200.01,1485768007.9325602
2021-10-04,49224.94,2303554595.577377
2021-10-05,51471.99,2683011858.4362807
2021-10-06,55315.0,4418426411.687015
2021-10-07,53785.22,2953743239.2661853
2021-10-08,53951.43,2490411920.1762257
2021-10-09,54949.72,3031965103.561064
2021-10-10,54659.0,4877650884.920352
2021-10-11,57471.35,3042140495.4837337
2021-10-12,55996.93,2994227831.153515
2021-10-13,57367.0,3201563059.7256403
2021-10-14,57347.94,2469020174.516581
2021-10-15,61672.42,5088770718.954153
2021-10-16,60875.57,2159127470.1321473
2021-10-17,61528.33,2405711017.7643294
2021-10-18,62009.84,3212013500.0126495
2021-10-19,64280.59,3447246406.367889
2021-10-20,66001.41,3394382215.294147
2021-10-21,62193.15,4262634252.2932153
2021-10-22,60688.22,3163031116.754629
2021-10-23,61286.75,1693165167.701665
2021-10-24,60852.22,1900206518.8464072
2021-10-25,63078.78,2324695143.142367
2021-10-26,60328.81,2426273966.247912
2021-10-27,58413.44,3628905178.4917507
2021-10-28,60575.89,3698542923.7349286
2021-10-29,62253.71,2737538675.899359
2021-10-30,61859.19,1947211356.0458155
2021-10-31,61299.8,2407098352.194412
2021-11-01,60911.11,2721975383.2252593
2021-11-02,63219.99,2931402457.1191587
2021-11-03,62896.48,2725687548.7824755
2021-11-04,61395.01,2205979999.4396315
2021-11-05,60937.12,1925886446.7166288
2021-11-06,61470.61,1573068198.9477887
2021-11-07,63273.59,1614469200.061997
2021-11-08,67525.83,3676247621.69733
2021-11-09,66947.66,2989974754.0279207
2021-11-10,64882.43,4228485549.259312
2021-11-11,64774.26,2412062635.963871
2021-11-12,64122.23,2852804948.160397
2021-11-13,64380.0,1448870215.1754
2021-11-14,65519.1,1684173279.188277
2021-11-15,63606.74,2406202980.8261576
2021-11-16,60058.87,4651869150.439019
2021-11-17,60344.87,2793326914.773912
2021-11-18,56891.62,3535643468.8847823
2021-11-19,58052.24,2944170859.0304623
2021-11-20,59707.51,2018805854.011651
2021-11-21,58622.02,1870173039.067257
2021-11-22,56247.18,2909347163.8537745
2021-11-23,57541.27,2872336494.4515157
2021-11-24,57138.29,2263364779.8247156
2021-11-25,58960.36,2485386432.636679
2021-11-26,53726.53,3542075720.85061
2021-11-27,54721.03,1626144824.979957
2021-11-28,57274.88,2071272362.5218558
2021-11-29,57776.25,2318288213.7998624
2021-11-30,56950.56,2799749438.1720862
2021-12-01,57184.07,2570803452.011599
2021-12-02,56480.34,2122195670.425118
2021-12-03,53601.05,3158586072.5467834
2021-12-04,49152.47,5613377902.047358
2021-12-05,49396.33,2251525232.3181596
2021-12-06,50441.92,2954444579.16424
2021-12-07,50588.95,1935202818.9320915
2021-12-08,50471.19,1939402144.4405453
2021-12-09,47545.59,1792121025.4593735
2021-12-10,47140.54,2085194560.2473114
2021-12-11,49389.99,1426836982.024264
2021-12-12,50053.9,1302299077.153919
2021-12-13,46702.75,2375746518.6135573
2021-12-14,48343.28,1931603343.941996
2021-12-15,48864.98,2522858896.98138
2021-12-16,47632.38,1521848224.470088
2021-12-17,46131.2,1988461789.11744
2021-12-18,46834.48,1171801158.245441
2021-12-19,46681.23,1368026432.4411795
2021-12-20,46914.16,1681802550.4672346
2021-12-21,48889.88,1843829474.872091
2021-12-22,48588.16,1312084497.165952
2021-12-23,50838.81,1789146877.8632524
2021-12-24,50820.0,1610223705.5058
2021-12-25,50399.66,964423506.8765159
2021-12-26,50775.49,1145997180.3291786
2021-12-27,50701.44,1459806794.7525506
2021-12-28,47543.74,2180039238.9583573
2021-12-29,46464.66,1835301564.9342003
2021-12-30,47120.87,1430226579.4100504
2021-12-31,46216.93,1614727006.057463
2022-01-01,47722.65,935576938.1176126
2022-01-02,47286.18,867250311.757272
2022-01-03,46446.1,1284795599.19431
2022-01-04,45832.01,1626642823.029336
2022-01-05,43451.13,2250078467.920484
2022-01-06,43082.31,1675056284.6557455
2022-01-07,41566.48,2279360620.5338063
2022-01-08,41679.74,1373461264.9547114
2022-01-09,41864.62,951348130.4250813
2022-01-10,41822.49,2121620212.9795728
2022-01-11,42729.29,1593650284.931224
2022-01-12,43902.66,1490200843.0788484
2022-01-13,42560.11,1485810791.7037382
2022-01-14,43059.96,1405515112.8998833
2022-01-15,43084.29,945099405.0537264
2022-01-16,43071.66,887377531.1251986
2022-01-17,42201.62,1163164685.2655306
2022-01-18,42352.12,1241937063.8945484
2022-01-19,41660.01,1320027478.296616
2022-01-20,40680.91,1722036732.6893723
2022-01-21,36445.31,3238562755.7800746
2022-01-22,35071.42,3172958326.6635947
2022-01-23,36244.55,1604891404.9217072
2022-01-24,36660.35,3369260419.378884
2022-01-25,36958.32,1819546861.2017257
2022-01-26,36809.34,2570402114.945762
2022-01-27,37160.1,1970261178.362334
2022-01-28,37716.56,1589914037.1159136
2022-01-29,38166.84,997280324.4094487
2022-01-30,37881.76,811831318.3984753
2022-01-31,38466.9,1417707054.6640198
2022-02-01,38694.59,1337844036.8247316
2022-02-02,36896.36,1320693447.3300679
2022-02-03,37311.61,1196997864.313984
2022-02-04,41574.25,2690018556.6464453
2022-02-05,41382.59,1346272641.9038348
2022-02-06,42380.87,949550471.6505249
2022-02-07,43839.99,2238497072.824199
2022-02-08,44042.99,2857522134.113471
2022-02-09,44372.72,1527671427.2723286
2022-02-10,43495.44,2712257805.338451
2022-02-11,42373.73,1905765655.1982512
2022-02-12,42217.87,1121173928.413195
2022-02-13,42053.66,745698910.9334358
2022-02-14,42535.94,1446652874.5937638
2022-02-15,44544.86,1696945161.8017938
2022-02-16,43873.56,1249162415.215812
2022-02-17,40515.7,1914204557.1905577
2022-02-18,39974.44,1752716194.6232004
2022-02-19,40079.17,723110593.502267
2022-02-20,38386.89,1283630351.130658
2022-02-21,37008.16,2307373100.629274
2022-02-22,38230.33,2056254460.7368438
2022-02-23,37250.01,1622637702.6073203
2022-02-24,38327.21,4617520242.389522
2022-02-25,39219.17,2218807727.5308623
2022-02-26,39116.72,1148516061.093696
2022-02-27,37699.07,1742807165.6771133
2022-02-28,43160.0,3191493761.1128
2022-03-01,44421.2,2742702537.3050756
2022-03-02,43892.98,2536252736.350314
2022-03-03,42454.0,2162632665.85534
2022-03-04,39148.66,2425834384.289127
2022-03-05,39397.96,1196245515.5618436
2022-03-06,38420.81,1524432528.4854796
2022-03-07,37988.0,2431008463.03292
2022-03-08,38730.63,2152767178.229219
2022-03-09,41941.71,2826560381.626063
2022-03-10,39422.0,2836922687.1698804
2022-03-11,38729.57,2285771359.3973937
2022-03-12,38807.36,932710228.5373952
2022-03-13,37777.34,1238787868.9794505
2022-03-14,39671.37,1862390465.5341377
2022-03-15,39280.33,1807505960.064056
2022-03-16,41114.0,3622996995.30038
2022-03-17,40917.9,1521711367.5005732
2022-03-18,41757.51,1896125418.7102718
2022-03-19,42201.13,1226667887.4906204
2022-03-20,41262.11,1264821267.4329748
2022-03-21,41002.25,1616564908.6297324
2022-03-22,42364.13,2518756931.852742
2022-03-23,42882.76,1750854650.0054762
2022-03-24,43991.46,2472105538.2032604
2022-03-25,44313.16,2420138262.0480766
2022-03-26,44511.27,1025611653.7732105
2022-03-27,46827.76,1960908268.7493095
2022-03-28,47122.21,2777819475.035694
2022-03-29,47434.8,1744285964.1210363
2022-03-30,47067.99,1927302800.205915
2022-03-31,45510.34,2213856254.0947676
2022-04-01,46283.49,2604421262.1831427
2022-04-02,45811.0,1698375749.4500198
2022-04-03,46407.35,1549758507.2988591
2022-04-04,46580.51,2079441311.3775213
2022-04-05,45497.55,1919666685.4261262
2022-04-06,43170.47,2626894147.655999
2022-04-07,43444.19,1624662456.8755364
2022-04-08,42252.01,1790430699.6019802
2022-04-09,42753.97,764939514.9845659
2022-04-10,42158.85,960003137.5466654
2022-04-11,39530.45,2512573080.4125443
2022-04-12,40074.94,2314368572.4724336
2022-04-13,41147.79,1701143148.5986865
2022-04-14,39942.38,1470159740.2527437
2022-04-15,40551.9,974314442.2435411
2022-04-16,40378.71,638203568.1015377
2022-04-17,39678.12,793105807.6051309
2022-04-18,40801.13,2213195921.7501974
2022-04-19,41493.18,1484993544.8305075
2022-04-20,41358.19,1690613224.953358
2022-04-21,40480.01,2401123468.716366
2022-04-22,39709.18,1852989953.819928
2022-04-23,39441.6,800326218.978
2022-04-24,39450.13,1053460959.3465418
2022-04-25,40426.08,2548343973.0300674
2022-04-26,38112.65,2540217955.5637
2022-04-27,39235.72,2239697419.7675586
2022-04-28,39742.07,2229000424.820005
2022-04-29,38596.11,1985911011.2636864
2022-04-30,37630.8,1329164632.512612
2022-05-01,38468.35,1493042872.611084
2022-05-02,38525.16,2049574197.085205
2022-05-03,37728.95,1521097461.2971408
2022-05-04,39690.0,2483586563.0183997
2022-05-05,36552.97,3243068451.8801436
2022-05-06,36013.77,2464703255.8517494
2022-05-07,35472.39,1216054074.1846998
2022-05-08,34038.4,2465933789.668096
2022-05-09,30076.31,5770949921.095721
2022-05-10,31017.1,5134322693.66318
2022-05-11,29103.94,6026370644.122555
2022-05-12,29029.75,5936794722.080356
2022-05-13,29287.05,2866392981.2150683
2022-05-14,30086.74,1537308415.4123662
2022-05-15,31328.89,1449765347.5368767
2022-05-16,29874.01,2183258271.4528856
2022-05-17,30444.93,1726962260.626835
2022-05-18,28715.32,1715716191.4134068
2022-05-19,30319.23,2057989415.4576042
2022-05-20,29201.01,1767164917.3257825
2022-05-21,29445.06,617967338.5896744
2022-05-22,30293.94,1095398197.1798713
2022-05-23,29109.15,1860118328.9307783
2022-05-24,29654.58,1762756023.4324489
2022-05-25,29542.15,1758862405.2497687
2022-05-26,29201.35,2761912000.4297504
2022-05-27,28629.8,2605269430.75898
2022-05-28,29031.33,1000981424.9052892
2022-05-29,29468.1,812357356.990284
2022-05-30,31734.22,3071426554.046872
2022-05-31,31801.04,1985438029.4169729
2022-06-01,29805.83,3081792684.3811707
2022-06-02,30452.62,1734624760.5207133
2022-06-03,29700.21,1605814538.0829265
2022-06-04,29864.04,765054024.0623652
2022-06-05,29919.21,692328368.208801
2022-06-06,31373.1,2159627717.913336
2022-06-07,31125.33,3444780851.1429715
2022-06-08,30204.77,2070313853.6148653
2022-06-09,30109.93,1393824385.1319451
2022-06-10,29091.88,2216924890.671624
2022-06-11,28424.7,1873227494.734065
2022-06-12,26574.53,2457469000.2877345
2022-06-13,22487.41,5725542733.804778
2022-06-14,22136.41,4143972404.247711
2022-06-15,22583.72,4534234943.600557
2022-06-16,20401.31,2033471895.92452
2022-06-17,20468.81,1774529904.5555105
2022-06-18,18970.79,3726653394.198144
2022-06-19,20574.0,2640073701.7953
2022-06-20,20573.89,2243149450.0603905
2022-06-21,20723.52,2162936058.111648
2022-06-22,19987.99,1841573058.5076463
2022-06-23,21110.13,1754823616.4689307
2022-06-24,21237.69,1644442114.3668315
2022-06-25,21491.19,1105327962.6273487
2022-06-26,21038.07,1120868494.8836448
2022-06-27,20742.56,1337376582.9653282
2022-06-28,20281.29,1293968270.6933281
2022-06-29,20123.01,1555690661.2766078
2022-06-30,19942.21,1871509563.4086127
2022-07-01,19279.8,2156341421.524212
2022-07-02,19252.81,889100582.073901
2022-07-03,19315.83,986796814.3746874
2022-07-04,20236.71,1513990153.031027
2022-07-05,20175.83,1937709664.417175
2022-07-06,20564.51,1695329583.757408
2022-07-07,21624.98,1838438648.6495976
2022-07-08,21594.75,8704445809.123177
2022-07-09,21591.83,3852367771.296965
2022-07-10,20862.47,4009520881.474034
2022-07-11,19963.61,2745703231.3305364
2022-07-12,19328.75,2696485462.051325
2022-07-13,20234.87,4234151583.5544453
2022-07-14,20588.84,3599118998.514726
2022-07-15,20830.04,2985846774.799196
2022-07-16,21195.6,2564915035.950708
2022-07-17,20798.16,2458955069.8073997
2022-07-18,22432.58,5382534515.754406
2022-07-19,23396.62,6171344373.127799
2022-07-20,23223.3,5544845524.3909025
2022-07-21,23152.19,4278934086.9398828
2022-07-22,22684.83,3892681431.9523582
2022-07-23,22451.07,2742123708.1054125
2022-07-24,22579.68,2600945950.451314
2022-07-25,21310.9,3843309282.913087
2022-07-26,21254.67,3779446825.8010235
2022-07-27,22952.45,4842305872.617002
2022-07-28,23842.93,5627624691.731113
2022-07-29,23773.75,4714299112.485462
2022-07-30,23643.51,3571591744.144106
2022-07-31,23293.32,2975566143.1291356
2022-08-01,23268.01,3355483495.938542
2022-08-02,22987.79,3633755416.973727
2022-08-03,22818.37,3330313946.498781
2022-08-04,22622.98,3503274105.936277
2022-08-05,23312.42,4085541177.5998254
2022-08-06,22954.21,1926129149.1474245
2022-08-07,23174.39,2059971730.3394003
2022-08-08,23810.0,4070520492.5912
2022-08-09,23149.95,3314667914.501571
2022-08-10,23954.05,5004397473.269096
2022-08-11,23934.39,5977848353.492652
2022-08-12,24403.68,4251305801.619072
2022-08-13,24441.38,3735920032.425003
2022-08-14,24305.24,3675101637.1373854
2022-08-15,24094.82,5843946741.821536
2022-08-16,23854.74,4277750015.063016
2022-08-17,23342.66,4917567548.693576
2022-08-18,23191.2,3343845670.015032
2022-08-19,20834.39,5916880869.602193
2022-08-20,21140.07,3869514004.8560543
2022-08-21,21515.61,3425299830.828801
2022-08-22,21399.83,4755513990.816306
2022-08-23,21529.12,4326659271.770157
2022-08-24,21368.08,3726234605.4469175
2022-08-25,21559.04,3663221162.543911
2022-08-26,20241.05,5542234681.892528
2022-08-27,20037.6,3257762306.908032
2022-08-28,19555.61,2724252130.9622536
2022-08-29,20285.73,4270338787.134928
2022-08-30,19811.66,5084352591.324681
2022-08-31,20050.02,5552785022.314653
2022-09-01,20131.46,4938045272.401939
2022-09-02,19951.86,4907890270.917138
2022-09-03,19831.9,2908130619.514076
2022-09-04,20000.3,2911819255.233679
2022-09-05,19796.84,4405648373.372599
2022-09-06,18790.61,6695377276.59708
2022-09-07,19292.84,5544661484.223791
2022-09-08,19319.77,5077492175.288571
2022-09-09,21360.11,9161772966.839317
2022-09-10,21648.34,6667631028.039833
2022-09-11,21826.87,6126858100.040536
2022-09-12,22395.74,8855177464.138128
2022-09-13,20173.57,8713268158.935087
2022-09-14,20226.71,6893796783.686332
2022-09-15,19701.88,6562100458.122229
2022-09-16,19803.3,5619999709.2051115
2022-09-17,20113.62,3607382642.2528353
2022-09-18,19416.18,4935932138.025067
2022-09-19,19537.02,7434078428.831281
2022-09-20,18875.0,6117355952.325
2022-09-21,18461.36,7108253136.252886
2022-09-22,19401.63,7359459683.939409
2022-09-23,19289.91,7443723923.991454
2022-09-24,18920.5,4531394804.62693
2022-09-25,18807.38,3595810237.8550963
2022-09-26,19227.82,8445612648.140542
2022-09-27,19079.13,11318898813.0736
2022-09-28,19412.82,10121561997.657125
2022-09-29,19591.51,7962478130.498565
2022-09-30,19422.61,8629911437.936375
2022-10-01,19310.95,3198378789.365511
2022-10-02,19056.8,3941183884.3941755
2022-10-03,19629.08,5762818215.223651
2022-10-04,20337.82,6650711219.669031
2022-10-05,20158.26,6294210107.989502
2022-10-06,19960.67,6389852999.046033
2022-10-07,19530.09,4313705486.944422
2022-10-08,19417.96,1989954451.915623
2022-10-09,19439.02,2214120450.3761263
2022-10-10,19131.87,4065696446.1278763
2022-10-11,19060.0,4640611444.9116
2022-10-12,19155.53,4095955478.244724
2022-10-13,19375.13,7745337708.662588
2022-10-14,19176.93,6743266855.49095
2022-10-15,19069.39,2171005091.9805846
2022-10-16,19262.98,2540683405.015173
2022-10-17,19549.86,4355980088.5043125
2022-10-18,19327.44,5031185405.537491
2022-10-19,19123.97,3559684052.7282586
2022-10-20,19041.92,4256442865.998105
2022-10-21,19164.37,5161171005.351505
2022-10-22,19204.35,2120235297.7054095
2022-10-23,19570.4,3269376262.889536
2022-10-24,19329.72,4951658509.390593
2022-10-25,20080.07,6553545911.795742
2022-10-26,20771.59,7903438274.321458
2022-10-27,20295.11,6669857564.47702
2022-10-28,20591.84,5910680635.25717
2022-10-29,20809.67,5304005679.828908
2022-10-30,20627.48,3976887565.8474727
2022-10-31,20490.74,6220325097.613248
2022-11-01,20483.62,5734029679.72531
2022-11-02,20151.84,7531070538.690803
2022-11-03,20207.82,6450036146.787408
2022-11-04,21148.52,9594964915.697859
2022-11-05,21299.37,5231593543.974292
2022-11-06,20905.58,4809056324.657709
2022-11-07,20591.13,7968306138.080109
2022-11-08,18547.23,14108977325.769741
2022-11-09,15922.81,11654333435.958218
2022-11-10,17601.15,10709390927.65097
2022-11-11,17070.31,6718069405.572526
2022-11-12,16812.08,2821402599.0010285
2022-11-13,16329.85,3020381931.4335313
2022-11-14,16619.46,6318897808.23015
2022-11-15,16900.57,4773766165.330029
2022-11-16,16662.76,4357201900.585729
2022-11-17,16692.56,3806554334.789249
2022-11-18,16700.45,3577640237.6098285
2022-11-19,16700.68,1752956073.1317945
2022-11-20,16280.23,2520865567.909399
2022-11-21,15781.29,5114668709.669442
2022-11-22,16226.94,3887132097.8302364
2022-11-23,16603.11,4398623812.887689
2022-11-24,16598.95,3428777435.216367
2022-11-25,16522.14,3008508134.3716063
2022-11-26,16458.57,2992247301.3357763
2022-11-27,16428.78,2661880900.7492943
2022-11-28,16212.91,4096927837.11538
2022-11-29,16442.53,4079494460.2923274
2022-11-30,17163.64,5200922883.478572
2022-12-01,16977.37,3952640421.597266
2022-12-02,17092.74,3459095503.802988
2022-12-03,16885.2,2609482254.632712
2022-12-04,17105.7,3055405318.240059
2022-12-05,16966.35,3965091852.465787
2022-12-06,17088.96,3737881359.305116
2022-12-07,16836.64,3715129431.7367773
2022-12-08,17224.1,4072086895.5587635
2022-12-09,17128.56,4083826639.681404
2022-12-10,17127.49,2407679425.9198813
2022-12-11,17085.05,2653077253.0842853
2022-12-12,17209.83,3893336763.662921
2022-12-13,17774.7,5056242955.69833
2022-12-14,17803.15,4747765799.051584
2022-12-15,17356.34,3882647429.509319
2022-12-16,16632.12,4214230618.0580587
2022-12-17,16776.52,2429670696.2545967
2022-12-18,16738.21,1885045768.9639366
2022-12-19,16438.88,2944109427.744984
2022-12-20,16895.56,4203766091.1368146
2022-12-21,16824.67,2638292715.288505
2022-12-22,16821.43,2961316404.2364607
2022-12-23,16778.5,2711607100.892395
2022-12-24,16836.12,1687388189.5174751
2022-12-25,16832.11,2111437922.7585623
2022-12-26,16919.39,2107547006.9511983
2022-12-27,16706.36,2902723136.239978
2022-12-28,16547.31,3194252442.441579
2022-12-29,16633.47,2677963247.071783
2022-12-30,16607.48,2738844348.8958154
2022-12-31,16542.4,1893946466.7343361
2023-01-01,16616.75,1610585368.7641451
2023-01-02,16672.87,2032232313.9410815
2023-01-03,16675.18,2660383852.454469
2023-01-04,16850.36,3713182208.6349034
2023-01-05,16831.85,2751562548.778158
2023-01-06,16950.65,3515586577.1771975
2023-01-07,16943.57,1771053235.3226159
2023-01-08,17127.83,2314927226.4571185
2023-01-09,17178.26,4573050829.75402
2023-01-10,17440.66,3861055618.5274343
2023-01-11,17943.26,4705110463.585487
2023-01-12,18846.62,8567076424.625383
2023-01-13,19930.01,7346518139.282681
2023-01-14,20954.92,8254431107.882089
2023-01-15,20871.5,3726444059.314535
2023-01-16,21185.65,6209049681.058403
2023-01-17,21134.81,5820690343.870773
2023-01-18,20677.47,7256055465.5238905
2023-01-19,21071.59,5297099547.197807
2023-01-20,22667.21,7663310785.704214
2023-01-21,22783.55,7893258014.278935
2023-01-22,22707.88,5758213182.614537
2023-01-23,22916.45,6728003416.642801
2023-01-24,22632.89,6635030477.76174
2023-01-25,23060.94,7980072991.486095
2023-01-26,23009.65,6648050144.435567
2023-01-27,23074.16,6480005491.741203
2023-01-28,23022.6,3410008764.61521
2023-01-29,23742.3,7020332007.251291
2023-01-30,22826.15,6902762461.904641
2023-01-31,23125.13,6120050602.121632
2023-02-01,23732.66,7375883433.432709
2023-02-02,23488.94,8554136576.569939
2023-02-03,23431.9,7792771095.362376
2023-02-04,23326.84,3875205654.268978
2023-02-05,22932.91,4798742128.565084
2023-02-06,22762.52,6040526509.493388
2023-02-07,23240.46,7158217967.910217
2023-02-08,22963.0,6430932981.544709
2023-02-09,21796.35,8781633796.261423
2023-02-10,21625.19,7322115088.382819
2023-02-11,21862.55,3870143238.4938416
2023-02-12,21783.54,4453332194.708171
2023-02-13,21773.97,6439232868.549303
2023-02-14,22199.84,8035418590.853826
2023-02-15,24324.05,9137795458.297695
2023-02-16,23517.72,10584871495.724455
2023-02-17,24569.97,12206685757.686789
2023-02-18,24631.95,5343094908.603554
2023-02-19,24271.76,7291139505.795339
2023-02-20,24842.2,8618717342.908735
2023-02-21,24452.16,9194032423.015947
2023-02-22,24182.21,9175353254.172567
2023-02-23,23940.2,9537786557.708673
2023-02-24,23185.29,7966061629.424664
2023-02-25,23157.07,4430220978.312407
2023-02-26,23554.85,4765705258.337215
2023-02-27,23492.09,6664848903.510531
2023-02-28,23141.57,6112637416.839936
2023-03-01,23628.97,7449916926.413209
2023-03-02,23465.32,5615613666.583051
2023-03-03,22354.34,7152364923.166169
2023-03-04,22346.57,2709686559.6840725
2023-03-05,22430.24,3473137790.8216867
2023-03-06,22410.0,4566078500.6637
2023-03-07,22197.96,6493343022.053394
2023-03-08,21705.44,6543334373.539597
2023-03-09,20362.22,9033867621.096966
2023-03-10,20150.69,12462324547.027298
2023-03-11,20455.73,8751612222.534721
2023-03-12,21997.11,9479543312.475077
2023-03-13,24113.48,16587405181.352713
2023-03-14,24670.41,17253520985.437134
2023-03-15,24285.66,14120914731.646095
2023-03-16,24998.78,10984997155.477423
2023-03-17,27395.13,17107181533.417969
2023-03-18,26907.49,9989108919.704334
2023-03-19,27972.87,10407781557.66665
2023-03-20,27717.01,13231497278.076746
2023-03-21,28105.47,11830428241.509834
2023-03-22,27250.97,6107307893.170571
2023-03-23,28295.41,3640193409.792454
2023-03-24,27454.47,2367730198.360517
2023-03-25,27462.95,1396328454.848209
2023-03-26,27968.05,1389220687.9122164
2023-03-27,27124.91,2388062672.530292
2023-03-28,27261.07,2142786711.9710488
2023-03-29,28348.6,2536807357.643888
2023-03-30,28028.53,2771052742.470937
2023-03-31,28465.36,2225937676.6900506
2023-04-01,28452.73,860366383.190257
2023-04-02,28171.87,1052660429.2148404
2023-04-03,27800.0,2201204390.59
2023-04-04,28165.47,1400459184.9718978
2023-04-05,28170.01,1710980132.380873
2023-04-06,28033.82,1124687412.5164866
2023-04-07,27906.33,691019163.0271971
2023-04-08,27938.38,544238730.211893
2023-04-09,28323.76,921404796.9685975
2023-04-10,29637.34,2008050177.802548
2023-04-11,30200.42,2053328857.374008
2023-04-12,29888.07,1854539336.4987957
2023-04-13,30373.84,1577438569.7151704
2023-04-14,30466.93,2315005135.5472236
2023-04-15,30295.09,770398457.4617723
2023-04-16,30304.65,801012303.334473
2023-04-17,29430.27,1661097744.965143
2023-04-18,30380.01,1883709310.0981433
2023-04-19,28797.1,2493122944.016976
2023-04-20,28243.65,2171346215.344878
2023-04-21,27262.84,2117907397.6948361
2023-04-22,27816.85,1002065772.0000908
2023-04-23,27590.6,960486610.655386
2023-04-24,27510.93,1461148649.7963283
2023-04-25,28300.79,1480842979.1366324
2023-04-26,28415.29,3672062576.749619
2023-04-27,29472.77,2812610735.7990384
2023-04-28,29311.7,1591571545.8936262
2023-04-29,29230.45,598254667.9271611
2023-04-30,29233.21,1162094268.000412
2023-05-01,28068.26,1808540709.8429308
2023-05-02,28669.86,1457131941.774864
2023-05-03,29026.16,1875548320.8921208
2023-05-04,28838.16,1227798360.4143817
2023-05-05,29505.61,1723594711.9689927
2023-05-06,28848.2,1420753211.709238
2023-05-07,28430.1,852999954.6014279
2023-05-08,27668.79,1888238915.051534
2023-05-09,27628.27,1108261378.3372064
2023-05-10,27598.75,1963792190.0880623
2023-05-11,26968.62,1284658672.4076629
2023-05-12,26795.01,1800837288.7966495
2023-05-13,26775.28,610875448.3959287
2023-05-14,26917.62,581280717.2794319
2023-05-15,27162.14,1098167583.6211262
2023-05-16,27033.84,899428143.9506185
2023-05-17,27405.61,1177316992.9557385
2023-05-18,26821.28,1319570805.6264303
2023-05-19,26880.26,772918636.7024143
2023-05-20,27102.43,391211304.5276474
2023-05-21,26747.78,571008204.8549062
2023-05-22,26849.27,710400492.8660556
2023-05-23,27219.61,1053421732.8205539
2023-05-24,26329.01,1432115570.745957
2023-05-25,26473.79,991058214.0580205
2023-05-26,26705.92,936341258.5988095
2023-05-27,26854.27,405383646.47720903
2023-05-28,28065.0,1232502779.95575
2023-05-29,27736.4,1175618948.0329802
2023-05-30,27694.4,905240031.9462241
2023-05-31,27210.35,1267697709.9953055
2023-06-01,26817.93,1051740451.151784
2023-06-02,27242.59,991110015.8135672
2023-06-03,27069.22,449222941.1057874
2023-06-04,27115.21,522195844.70255286
2023-06-05,25728.2,1693059716.3910103
2023-06-06,27230.08,1862336088.6757507
2023-06-07,26339.34,1570336796.6447976
2023-06-08,26498.61,823457842.0349463
2023-06-09,26477.81,739649935.841757
2023-06-10,25841.21,1678247074.8745067
2023-06-11,25925.55,778137130.3665224
2023-06-12,25905.19,774578364.9283466
2023-06-13,25934.25,1065005758.0191524
2023-06-14,25128.6,1132729844.8478878
2023-06-15,25598.49,1245746948.188449
2023-06-16,26345.0,1359320768.3539002
2023-06-17,26516.99,738291856.0593051
2023-06-18,26339.97,567318445.0454934
2023-06-19,26844.35,962978233.491469
2023-06-20,28307.99,1972131472.5474477
2023-06-21,29993.89,3267126583.270827
2023-06-22,29884.92,1764840938.7058318
2023-06-23,30688.5,2268859001.136975
2023-06-24,30527.43,931492671.0310305
2023-06-25,30462.66,920686620.7563066
2023-06-26,30267.99,1367520346.0863712
2023-06-27,30692.44,1310556186.9087307
2023-06-28,30077.41,1217037862.1344318
2023-06-29,30447.31,1106169924.5714092
2023-06-30,30472.0,2724778089.3569603
2023-07-01,30585.9,535306798.264425
2023-07-02,30617.03,712960719.3795357
2023-07-03,31156.2,1363446505.063782
2023-07-04,30766.51,1021636405.5042893
2023-07-05,30504.81,1013237739.5885681
2023-07-06,29895.43,2132130889.6987228
2023-07-07,30344.7,1033860283.2760651
2023-07-08,30284.63,396564825.8712446
2023-07-09,30160.71,464128144.9499916
2023-07-10,30411.57,1254868857.6893363
2023-07-11,30622.1,872020431.1777309
2023-07-12,30380.0,1157751319.4422
2023-07-13,31454.23,2226095070.1746626
2023-07-14,30312.01,1841438973.7777224
2023-07-15,30289.52,427644202.2485208
2023-07-16,30231.99,476460035.117919
2023-07-17,30138.0,930744873.73782
2023-07-18,29859.13,895889159.2277131
2023-07-19,29909.21,767391409.2612176
2023-07-20,29800.0,1118712321.514
2023-07-21,29901.72,714095194.657878
2023-07-22,29794.0,436792096.73798
2023-07-23,30083.75,550315611.9584875
2023-07-24,29176.5,1156235428.344615
2023-07-25,29228.91,630343301.528898
2023-07-26,29351.96,995959953.9229735
2023-07-27,29222.78,656825120.9212028
2023-07-28,29314.14,703352226.4450577
2023-07-29,29352.9,318519132.68247604
2023-07-30,29281.09,459917331.3269069
2023-07-31,29232.25,660809324.52889
2023-08-01,29705.99,1328441523.8272038
2023-08-02,29186.01,1406230159.868774
2023-08-03,29193.64,772957669.0371816
2023-08-04,29113.99,685691299.9578583
2023-08-05,29072.13,338560076.5905834
2023-08-06,29088.42,383332934.996424
2023-08-07,29211.06,904575315.4967077
2023-08-08,29770.42,1360524089.0226464
2023-08-09,29581.99,1124230612.5906277
2023-08-10,29455.75,691133627.2074475
2023-08-11,29426.03,607266284.6831291
2023-08-12,29430.17,264032201.5641156
2023-08-13,29303.84,325322718.0353648
2023-08-14,29430.93,925400125.9648477
2023-08-15,29200.0,803113205.772
2023-08-16,28730.51,948011977.3704553
2023-08-17,26623.41,2669570329.5371256
2023-08-18,26054.0,1818325780.34394
2023-08-19,26100.01,682795926.1305343
2023-08-20,26189.99,499100337.06797916
2023-08-21,26126.92,790789818.9765235
2023-08-22,26056.0,892341574.6252799
2023-08-23,26432.72,1163666129.6488018
2023-08-24,26180.05,790774200.229858
2023-08-25,26060.01,723252258.5165771
2023-08-26,26017.37,260751889.7373314
2023-08-27,26101.77,315822076.7426232
2023-08-28,26120.0,592731405.4860001
2023-08-29,27716.34,2057993535.772339
2023-08-30,27299.99,967737102.0214151
2023-08-31,25940.78,1323830741.6065278
2023-09-01,25805.05,1058836696.808328
2023-09-02,25869.51,420399637.5918798
2023-09-03,25971.21,453833303.2366707
2023-09-04,25826.02,562428632.1722618
2023-09-05,25792.1,549975094.138377
2023-09-06,25759.95,702281251.5074071
2023-09-07,26255.0,726935198.81585
2023-09-08,25910.5,751398403.518455
2023-09-09,25901.61,284415808.5456597
2023-09-10,25841.61,484227043.1909154
2023-09-11,25162.52,1048832210.6464
2023-09-12,25840.1,1458270161.399337
2023-09-13,26222.0,828899119.49166
2023-09-14,26522.73,1016700384.260925
2023-09-15,26600.0,697646012.1539999
2023-09-16,26559.67,370797786.9175417
2023-09-17,26527.51,344807301.21220267
2023-09-18,26762.51,1150799506.3913255
2023-09-19,27210.26,984753509.618386
2023-09-20,27125.0,927870806.42375
2023-09-21,26568.08,915983087.7862897
2023-09-22,26580.14,483711479.88808805
2023-09-23,26575.96,250895734.669496
2023-09-24,26248.38,412274320.1020098
2023-09-25,26304.81,690927503.010759
2023-09-26,26221.67,484978981.5408022
2023-09-27,26372.99,917030525.8221422
2023-09-28,27021.39,1202933779.0587249
2023-09-29,26906.96,766276915.0958424
2023-09-30,26962.56,345245417.8022592
2023-10-01,27992.57,688696012.1269276
2023-10-02,27494.51,1569143095.703169
2023-10-03,27426.46,793419116.498453
2023-10-04,27778.57,828249787.67694
2023-10-05,27410.39,840991776.3514141
2023-10-06,27931.09,1060913372.3007193
2023-10-07,27956.67,373189065.8386275
2023-10-08,27917.05,549786356.3140305
2023-10-09,27590.12,870047437.0696667
2023-10-10,27390.12,623860485.7249596
2023-10-11,26875.52,1003785811.4499712
2023-10-12,26759.63,626941767.7739856
2023-10-13,26862.0,647797679.1613799
2023-10-14,26852.48,279729151.9502848
2023-10-15,27154.15,414771269.625555
2023-10-16,28500.78,2234439048.220071
2023-10-17,28395.91,1091210674.7466412
2023-10-18,28320.0,910841317.7712001
2023-10-19,28713.71,1030693028.7025409
2023-10-20,29669.04,1762996638.048768
2023-10-21,29909.8,823043488.888906
2023-10-22,29992.46,685404060.7059498
2023-10-23,33069.99,3092495221.015775
2023-10-24,33922.73,3910104293.7016115
2023-10-25,34496.05,1893385568.7551045
2023-10-26,34151.66,1357346202.2223332
2023-10-27,33892.02,1095742599.3335412
2023-10-28,34081.0,575291759.60664
2023-10-29,34525.89,714186048.8783664
2023-10-30,34474.73,1160349075.0768647
2023-10-31,34639.77,1134033264.6242092
2023-11-01,35421.43,1894100102.8357594
2023-11-02,34941.59,1677740616.3287385
2023-11-03,34716.78,1356426478.3120632
2023-11-04,35062.07,644355135.6167815
2023-11-05,35011.88,858797082.9570687
2023-11-06,35046.09,783156428.9419373
2023-11-07,35399.12,1369547240.8795106
2023-11-08,35624.72,1189913433.9306664
2023-11-09,36701.09,3029230487.0938463
2023-11-10,37301.63,1619414791.8538373
2023-11-11,37130.0,853432023.3555
2023-11-12,37064.13,655560262.7938962
2023-11-13,36462.93,1195917833.3539836
2023-11-14,35551.19,1617710121.2721505
2023-11-15,37858.2,2028030983.1200697
2023-11-16,36163.51,1717419398.3543668
2023-11-17,36613.92,1401713074.8587904
2023-11-18,36568.1,625396490.560666
2023-11-19,37359.86,793760530.0042928
2023-11-20,37448.78,1349006276.2819498
2023-11-21,35741.65,1702966243.7538662
2023-11-22,37408.34,1685294608.5781295
2023-11-23,37294.28,888645449.2331496
2023-11-24,37713.57,1685072722.0856621
2023-11-25,37780.67,430553979.9161088
2023-11-26,37447.43,796302269.4028189
2023-11-27,37242.7,1117320989.721552
2023-11-28,37818.87,1419889304.212063
2023-11-29,37854.64,1248983225.0460649
2023-11-30,37723.96,933301765.8026211
2023-12-01,38682.52,1679427261.5945647
2023-12-02,39450.35,1053202901.4370635
2023-12-03,39972.26,1067685180.4760711
2023-12-04,41991.1,3328732361.037749
2023-12-05,44073.32,2974541264.888981
2023-12-06,43762.69,2250763500.9714346
2023-12-07,43273.14,2038306330.094433
2023-12-08,44170.99,1894952059.8570044
2023-12-09,43713.6,1089603885.6890879
2023-12-10,43789.51,830100995.0855857
2023-12-11,41253.4,3162646451.403336
2023-12-12,41492.39,1772666836.0652747
2023-12-13,42869.03,1966230832.667302
2023-12-14,43022.26,1808959422.3608236
2023-12-15,41940.3,1401720033.3459601
2023-12-16,42278.03,1019697779.682384
2023-12-17,41374.65,1146992785.524918
2023-12-18,42657.8,1993573571.0465
2023-12-19,42275.99,1730265987.7867954
2023-12-20,43668.93,2127126449.533671
2023-12-21,43861.8,1518683851.551312
2023-12-22,43969.04,1441445672.9600754
2023-12-23,43702.16,723582313.809288
2023-12-24,42991.5,1080992676.43284
2023-12-25,43576.13,1177481063.5151095
2023-12-26,42508.93,1743293039.5323827
2023-12-27,43428.85,1571742689.471736
2023-12-28,42563.76,1496138503.589436
2023-12-29,42066.95,1791933824.851584
2023-12-30,42140.28,965289618.3470904
2023-12-31,42283.58,997296967.3277874
2024-01-01,44179.55,1200548302.7108364
2024-01-02,44946.91,2928129674.7230754
2024-01-03,42845.23,3478799243.6187487
2024-01-04,44151.1,2120933338.330674
2024-01-05,44145.11,2122287343.8820097
2024-01-06,43968.32,784177688.6135808
2024-01-07,43929.02,1011415202.270216
2024-01-08,46951.04,3418720065.194425
2024-01-09,46110.0,3224364687.0987
2024-01-10,46653.99,4194726117.7335
2024-01-11,46339.16,4053301598.5871363
2024-01-12,42782.73,3693344823.1228013
2024-01-13,42847.99,1547604040.1899736
2024-01-14,41732.35,1178037841.827209
2024-01-15,42511.1,1711917449.587633
2024-01-16,43137.95,1943181133.9155252
2024-01-17,42776.1,1422998891.552268
2024-01-18,41327.5,1814587884.434275
2024-01-19,41659.03,2013911888.8161776
2024-01-20,41696.04,663967529.5610772
2024-01-21,41580.33,487744048.90959334
2024-01-22,39568.02,2193104954.908462
2024-01-23,39897.6,2312330581.128576
2024-01-24,40084.88,1575088404.5724165
2024-01-25,39961.09,1239677670.5679977
2024-01-26,41823.51,1981805652.0482826
2024-01-27,42120.63,683382651.5229021
2024-01-28,42031.06,1147237714.6096828
2024-01-29,43302.7,1365885897.0345888
2024-01-30,42941.1,1615411781.222406
2024-01-31,42580.0,1697713008.3504
2024-02-01,43082.94,1517857068.5283217
2024-02-02,43200.0,1281836628.576
2024-02-03,43011.09,517570079.6566782
2024-02-04,42582.88,726757500.8780351
2024-02-05,42708.7,1258529680.938735
2024-02-06,43098.95,1063503411.9759533
2024-02-07,44349.6,1525298015.26284
2024-02-08,45288.65,2057899150.9297814
2024-02-09,47132.77,3464422664.17237
2024-02-10,47751.09,1184339694.0117023
2024-02-11,48299.99,1447010144.6829162
2024-02-12,49917.27,2945616457.9259534
2024-02-13,49699.59,2760890106.7395053
2024-02-14,51795.17,2954726639.7315316
2024-02-15,51880.0,2791975664.934
2024-02-16,52124.11,1968845079.70217
2024-02-17,51642.64,1325873460.5772207
2024-02-18,52137.67,1146617041.666742
2024-02-19,51774.73,1529166356.4695337
2024-02-20,52258.82,2592793823.308448
2024-02-21,51849.39,2233640636.972201
2024-02-22,51288.42,1810965683.0803308
2024-02-23,50744.15,1550020425.676676
2024-02-24,51568.22,853991438.577442
2024-02-25,51728.85,968448472.2743715
2024-02-26,54476.47,2792285277.7865753
2024-02-27,57037.34,3832623241.103051
2024-02-28,62432.1,7414652825.397864
2024-02-29,61130.98,4794201754.288409
2024-03-01,62387.9,2978269498.141767
2024-03-02,61987.28,1582828866.730575
2024-03-03,63113.97,1829983818.6721492
2024-03-04,68245.71,5789635730.575887
2024-03-05,63724.01,8455971018.529014
2024-03-06,66074.04,5202594248.877536
2024-03-07,66823.17,3545629842.4994726
2024-03-08,68124.19,5059034022.695648
2024-03-09,68313.27,1357582607.8178961
2024-03-10,68955.88,2648227702.1823983
2024-03-11,72078.1,5426963821.961201
2024-03-12,71452.01,4914722666.000798
2024-03-13,73072.41,3847972039.9513593
2024-03-14,71388.94,5122701053.090469
2024-03-15,69499.85,7181699964.364681
2024-03-16,65300.63,3652065288.3886166
2024-03-17,68393.48,3402043247.628397
2024-03-18,67609.99,3765273421.3859916
2024-03-19,61937.4,6256007208.603138
2024-03-20,67840.51,6134178663.311619
2024-03-21,65501.27,3494982705.3096256
2024-03-22,63796.64,3284402749.0072145
2024-03-23,63990.01,1689983464.7202408
2024-03-24,67209.99,2110110069.9236987
2024-03-25,69880.01,3733768937.128248
2024-03-26,69988.0,2724939679.28996
2024-03-27,69469.99,3412321229.1759315
2024-03-28,70780.6,2508395975.983634
2024-03-29,69850.54,1777352824.915606
2024-03-30,69582.18,949421807.8564955
2024-03-31,71280.01,1382571617.805843
2024-04-01,69649.8,2886658276.099422
2024-04-02,65463.99,4700303217.61124
2024-04-03,65963.28,2631091714.843118
2024-04-04,68487.79,2842961347.2888885
2024-04-05,67820.62,2571434455.5516524
2024-04-06,68896.0,1387171988.03424
2024-04-07,69360.39,1493658265.2790887
2024-04-08,71620.0,3274744016.3087997
2024-04-09,69146.0,2717016176.7333198
2024-04-10,70631.08,2966930825.3807716
2024-04-11,70006.23,2234406761.004568
2024-04-12,67116.52,3763415383.344031
2024-04-13,63924.51,4563904466.987857
2024-04-14,65661.84,4044715381.786651
2024-04-15,63419.99,3322543512.464493
2024-04-16,63793.39,3408818505.8892207
2024-04-17,61277.37,3101281097.3816133
2024-04-18,63470.08,2767397622.7833343
2024-04-19,63818.01,4452857148.0898075
2024-04-20,64940.59,1502558339.0485523
2024-04-21,64941.15,1254430627.393548
2024-04-22,66819.32,2097992589.0664773
2024-04-23,66414.0,1500949761.25656
2024-04-24,64289.59,2159853545.391788
2024-04-25,64498.34,2021472361.1807892
2024-04-26,63770.01,1727223057.7961345
2024-04-27,63461.98,1328453468.0590296
2024-04-28,63118.62,1069810117.259931
2024-04-29,63866.0,1797842555.3310199
2024-04-30,60672.0,3333784145.3952003
2024-05-01,58364.97,4737278483.249903
2024-05-02,59060.61,2810329412.296562
2024-05-03,62882.01,2743441575.0052743
2024-05-04,63892.04,1556965496.403153
2024-05-05,64012.0,1185934339.56348
2024-05-06,63165.19,2190247877.8205533
2024-05-07,62312.08,1595114144.4962177
2024-05-08,61193.03,1598434765.7534213
2024-05-09,63074.01,1933899990.559461
2024-05-10,60799.99,2220983521.9065976
2024-05-11,60825.99,813521422.1456664
2024-05-12,61483.99,784113462.4909164
2024-05-13,62940.08,2060243972.1400712
2024-05-14,61577.49,1791210390.159571
2024-05-15,66206.5,2883938402.334735
2024-05-16,65235.21,2029230390.1055908
2024-05-17,67024.0,1762210697.6481602
2024-05-18,66915.2,966339649.9236479
2024-05-19,66274.01,1194609183.513701
2024-05-20,71446.62,3630681533.145282
2024-05-21,70148.34,3479879118.7002234
2024-05-22,69166.62,1914060343.2349212
2024-05-23,67969.65,2753666239.4969907
2024-05-24,68549.99,1925969320.7136338
2024-05-25,69290.57,840521927.0568826
2024-05-26,68507.67,813331140.0898298
2024-05-27,69436.43,1606545637.742089
2024-05-28,68398.39,2231358653.745624
2024-05-29,67652.42,1566818647.0907059
2024-05-30,68352.17,1946548025.373928
2024-05-31,67540.01,1802664603.9768183
2024-06-01,67766.85,598900469.7009106
2024-06-02,67765.63,1045374651.8617828
2024-06-03,68809.9,2039069501.6025999
2024-06-04,70537.84,2089315647.4052374
2024-06-05,71108.0,2041025781.7485602
2024-06-06,70799.06,1546393386.4077792
2024-06-07,69355.6,2468951890.0300198
2024-06-08,69310.46,677428630.3893481
2024-06-09,69648.14,688859601.3637127
2024-06-10,69540.0,1190710430.7714
2024-06-11,67314.24,2789233917.5901313
2024-06-12,68263.99,2537735915.7466044
2024-06-13,66773.01,1941729464.219387
2024-06-14,66043.99,1876190082.2088003
2024-06-15,66228.25,758432833.622365
2024-06-16,66676.87,626263983.7018201
2024-06-17,66504.33,1821298788.0246484
2024-06-18,65175.32,2760181478.559781
2024-06-19,64974.37,1303437566.2046714
2024-06-20,64869.99,1574089139.7567968
2024-06-21,64143.56,1667319758.988135
2024-06-22,64262.01,469688166.28959423
2024-06-23,63210.01,519867849.2932448
2024-06-24,60293.3,3144980173.5692625
2024-06-25,61806.01,1927682702.4520962
2024-06-26,60864.99,1368589752.8483036
2024-06-27,61706.47,1131961152.8594258
2024-06-28,60427.84,1499891052.020592
2024-06-29,60986.68,701929794.1135873
2024-06-30,62772.01,1087606762.2329338
2024-07-01,62899.99,1544012682.930946
2024-07-02,62135.47,1154049462.8970625
2024-07-03,60208.58,1936314632.2086968
2024-07-04,57050.01,3113149031.6457276
2024-07-05,56628.79,4606652827.943253
2024-07-06,58230.13,1260758920.8944252
2024-07-07,55857.81,1067942072.1179959
2024-07-08,56714.62,2727417696.625638
2024-07-09,58050.0,1609854667.434
2024-07-10,57725.85,1440360284.4500415
2024-07-11,57339.89,1706495754.7326915
2024-07-12,57889.1,1369219442.72979
2024-07-13,59204.02,909240253.3836638
2024-07-14,60797.91,1287598752.7273438
2024-07-15,64724.14,2504240289.753748
2024-07-16,65043.99,2766355312.7273088
2024-07-17,64087.99,1894923537.4842246
2024-07-18,63987.92,1444125609.8322
2024-07-19,66660.0,2375410927.8174
2024-07-20,67139.96,965937524.7106265
2024-07-21,68165.34,1487307181.8431993
2024-07-22,67532.01,1448632052.4123902
2024-07-23,65936.01,2070796428.8192916
2024-07-24,65376.0,1509045623.65152
2024-07-25,65799.95,2311317294.250533
2024-07-26,67907.99,1646385772.0552378
2024-07-27,67896.5,2153012898.591765
2024-07-28,68249.88,741787057.1617272
2024-07-29,66784.69,2435457080.5371876
2024-07-30,66188.0,1531077654.88908
2024-07-31,64628.0,1462236874.9234002
2024-08-01,65354.02,2322830129.0085306
2024-08-02,61498.33,2387391576.137952
2024-08-03,60697.99,1701650891.3905034
2024-08-04,58161.0,1838848421.46483
2024-08-05,54018.81,8754590414.222885
2024-08-06,56022.01,3130777522.4964876
2024-08-07,55134.16,2440754905.7968545
2024-08-08,61685.99,2982488592.624845
2024-08-09,60837.99,1884303438.8576581
2024-08-10,60923.51,608943045.4869971
2024-08-11,58712.59,1126685508.6940608
2024-08-12,59346.64,2196414246.1479354
2024-08-13,60587.15,1687894898.0891466
2024-08-14,58683.39,1667944101.2642515
2024-08-15,57541.06,2168502527.0455933
2024-08-16,58874.6,1625577363.192624
2024-08-17,59491.99,459381042.89322686
2024-08-18,58427.35,796648572.0715995
2024-08-19,59438.5,1355751321.625635
2024-08-20,59013.8,1857603672.067624
2024-08-21,61156.03,1711368461.8924658
2024-08-22,60375.84,1282455647.6179392
2024-08-23,64037.24,2440976053.919944
2024-08-24,64157.01,1017347726.3286817
2024-08-25,64220.0,790257910.8294
2024-08-26,62834.0,1223381295.12184
2024-08-27,59415.0,2087601980.8587
2024-08-28,59034.9,2176530734.391975
2024-08-29,59359.01,1603934314.3464444
2024-08-30,59123.99,1686176105.7785804
2024-08-31,58973.99,518877284.38190997
2024-09-01,57301.86,1186444031.1857827
2024-09-02,59132.13,1353830980.2704191
2024-09-03,57487.73,1312340505.201553
2024-09-04,57970.9,2061492824.775514
2024-09-05,56180.0,1562192435.8234
2024-09-06,53962.97,2938163285.181332
2024-09-07,54160.86,904163982.4794565
2024-09-08,54869.95,892961675.5299104
2024-09-09,57042.0,1847277639.81954
2024-09-10,57635.99,1361752928.4335473
2024-09-11,57338.0,1893677331.32866
2024-09-12,58132.32,1806427331.422939
2024-09-13,60498.0,1804366965.99834
2024-09-14,59993.03,728189939.3742002
2024-09-15,59132.0,813533538.90652
2024-09-16,58213.99,1541364657.563158
2024-09-17,60313.99,1997373700.894332
2024-09-18,61759.99,2228734283.984153
2024-09-19,62947.99,2161163508.358579
2024-09-20,63201.05,1609501825.504837
2024-09-21,63348.96,530569463.80807674
2024-09-22,63578.76,905501347.0069393
2024-09-23,63339.99,1525103628.0052712
2024-09-24,64262.7,1489933757.7618928
2024-09-25,63152.01,1124933806.946477
2024-09-26,65173.99,1849201556.9487605
2024-09-27,65769.95,1450148793.8596563
2024-09-28,65858.0,601101321.45128
2024-09-29,65602.01,546972575.6756312
2024-09-30,63327.59,1900529845.9206767
2024-10-01,60805.78,2655478470.824642
2024-10-02,60649.28,1912556921.5821505
2024-10-03,60752.71,1593023219.3280911
2024-10-04,62086.0,1322100257.03484
2024-10-05,62058.0,484515440.18178
2024-10-06,62819.91,559528254.7738407
2024-10-07,62224.0,1615719907.8848
2024-10-08,62160.49,1224699879.9032178
2024-10-09,60636.02,1213396906.3733766
2024-10-10,60326.39,1445898379.5787358
2024-10-11,62540.0,1478530159.7086
2024-10-12,63206.22,689662101.6052153
2024-10-13,62870.02,748732896.440899
2024-10-14,66083.99,2489380745.8069577
2024-10-15,67074.14,2930063661.7766123
2024-10-16,67620.01,2024425132.2353542
2024-10-17,67421.78,1707674257.1331255
2024-10-18,68428.0,1965637751.78
2024-10-19,68378.0,560266587.4258599
2024-10-20,69031.99,858928725.5562223
2024-10-21,67377.5,2113930107.5246
2024-10-22,67426.0,1658609657.66168
2024-10-23,66668.65,1702066681.6440547
2024-10-24,68198.28,1540588149.5913155
2024-10-25,66698.33,2299739159.2572126
2024-10-26,67092.76,794573364.0182519
2024-10-27,68021.7,588605096.911464
2024-10-28,69962.21,2032175144.444044
2024-10-29,72736.42,3646175335.6663346
2024-10-30,72344.74,1945059996.7056544
2024-10-31,70292.01,2063218315.4882696
2024-11-01,69496.01,2661826970.2734756
2024-11-02,69374.74,729938289.1964183
2024-11-03,68775.99,1719104180.368656
2024-11-04,67850.01,2021956886.3834186
2024-11-05,69372.01,2313908171.8940487
2024-11-06,75571.99,7869084208.773217
2024-11-07,75857.89,3403699704.610552
2024-11-08,76509.78,2794221294.453422
2024-11-09,76677.46,1299075596.3409593
2024-11-10,80370.01,4969285790.261954
2024-11-11,88647.99,7297827500.47419
2024-11-12,87952.01,8557720714.547151
2024-11-13,90375.2,7841300669.49845
2024-11-14,87325.59,4953938006.260907
2024-11-15,91032.07,4362980561.258308
2024-11-16,90586.92,2057942496.4042788
2024-11-17,89855.99,2144642881.347479
2024-11-18,90464.08,4210653722.801479
2024-11-19,92310.79,4030293413.3911877
2024-11-20,94286.56,3979194427.5509105
2024-11-21,98317.12,6806333024.420465
2024-11-22,98892.0,4567753169.658756
2024-11-23,97672.4,2418158010.0737076
2024-11-24,97900.04,3054577031.441135
2024-11-25,93010.01,4729321922.26411
2024-11-26,91965.16,5320987488.75872
2024-11-27,95863.11,3945095531.9714274
2024-11-28,95643.98,2755937628.9182086
2024-11-29,97460.0,2699815703.9326
2024-11-30,96407.99,1398285392.6101496
2024-12-01,97185.18,1646181329.2250135
2024-12-02,95840.62,3637982448.965682
2024-12-03,95849.69,3434037786.7854223
2024-12-04,98587.32,4323106950.99529
2024-12-05,96945.63,10656431332.772278
2024-12-06,99740.84,4493278273.001804
2024-12-07,99831.99,1490685873.7693412
2024-12-08,101109.59,1477514123.208079
2024-12-09,97276.47,5247979559.236696
2024-12-10,96593.0,4994697428.45269
2024-12-11,101125.0,3817851296.7737503
2024-12-12,100004.29,2923334150.6551604
2024-12-13,101424.25,2221600750.8733273
2024-12-14,101420.0,1439322544.6292
2024-12-15,104463.99,2322121862.0143824
2024-12-16,106058.66,4380477489.384728
2024-12-17,106133.74,3084770409.998963
2024-12-18,100204.01,5041063089.580175
2024-12-19,97461.86,5374767983.24028
2024-12-20,97805.44,6150410561.158208
2024-12-21,97291.99,2284760477.972146
2024-12-22,95186.27,1842218922.1811574
2024-12-23,94881.47,3113133807.6339345
2024-12-24,98663.58,2335783780.3858705
2024-12-25,99429.6,1439160446.2269602
2024-12-26,95791.6,2030050768.580932
2024-12-27,94299.03,2499043516.3206387
2024-12-28,95300.0,799175593.3700001
2024-12-29,93738.2,1272590345.006796
2024-12-30,92792.05,2562862833.591125
2024-12-31,93576.0,1835215683.2906399
2025-01-01,94591.79,981231486.8904725
2025-01-02,96984.79,2130803308.415009
2025-01-03,98174.18,1497532189.2779248
2025-01-04,98220.5,883007845.4404551
2025-01-05,98363.61,796316103.1932003
2025-01-06,102235.6,2582822307.4915004
2025-01-07,96954.61,3108352713.146956
2025-01-08,95060.61,3203987339.890553
2025-01-09,92552.49,3197210667.1112566
2025-01-10,94726.11,2982249261.1133065
2025-01-11,94599.99,666731676.3009571
2025-01-12,94545.06,813736683.1818732
2025-01-13,94536.1,4029087386.0037036
2025-01-14,96560.86,2688893336.7878757
2025-01-15,100497.35,3066173323.4167566
2025-01-16,99987.3,2782931839.764741
2025-01-17,104077.48,4076907738.844241
2025-01-18,104556.23,2541535062.189775
2025-01-19,101331.57,4397514818.097679
2025-01-20,102260.01,9155260132.206636
2025-01-21,106143.82,4876355359.619277
2025-01-22,103706.66,2307337592.6903167
2025-01-23,103910.34,5606287075.473005
2025-01-24,104870.5,2475912821.247985
2025-01-25,104746.85,949878349.6876247
2025-01-26,102620.0,1006960020.4356
2025-01-27,102082.83,5181533974.447503
2025-01-28,101335.52,2231616663.432728
2025-01-29,103733.24,2401980310.774585
2025-01-30,104722.94,2028910064.458077
2025-01-31,102429.56,2251727652.4898505
2025-02-01,100635.65,1236908494.1158054
2025-02-02,97700.59,3382345515.9076395
2025-02-03,101328.52,7616331708.392021
2025-02-04,97763.13,3936724444.9864163
2025-02-05,96612.43,2534463288.878189
2025-02-06,96554.35,2270495242.1651177
2025-02-07,96506.8,3068358493.42542
2025-02-08,96444.74,978648207.0651357
2025-02-09,96462.75,1362142402.4191575
2025-02-10,97430.82,2004432117.0569036
2025-02-11,95778.2,1786049249.831378
2025-02-12,97869.99,2853024349.3758373
2025-02-13,96608.14,1924605740.3139424
2025-02-14,97500.48,1771878802.902701
2025-02-15,97569.66,717076198.5149778
2025-02-16,96118.12,787344361.5091879
2025-02-17,95780.0,1579608079.678
2025-02-18,95671.74,2235675848.5644956
2025-02-19,96644.37,1588689398.2322896
2025-02-20,98305.0,1676826897.9498498
2025-02-21,96181.98,3101799738.629172
2025-02-22,96551.01,1087953877.9328506
2025-02-23,96258.0,1047753807.5555401
2025-02-24,91552.88,2888502793.0311112
2025-02-25,88680.4,6946611626.479243
2025-02-26,84250.09,4793286210.001468
2025-02-27,84708.58,3600576683.631666
2025-02-28,84349.94,7055707128.969119
2025-03-01,86064.53,2219178608.615919
2025-03-02,94270.0,5174394556.7215
2025-03-03,86220.61,5101768524.33193
2025-03-04,87281.98,4853672970.228779
2025-03-05,90606.01,3466949420.387896
2025-03-06,89931.89,3088481347.5972476
2025-03-07,86801.75,5032796464.508977
2025-03-08,86222.45,1119963280.773623
2025-03-09,80734.37,2108409837.4878764
2025-03-10,78595.86,3743786784.1200333
2025-03-11,82932.99,4044647605.697805
2025-03-12,83680.12,2672239780.55832
2025-03-13,81115.78,2234437511.3376136
2025-03-14,83983.2,2255665090.93716
2025-03-15,84338.44,955110331.5042081
2025-03-16,82574.53,1452991777.2943542
2025-03-17,84010.03,1446211124.5981073
2025-03-18,82715.03,1456686025.0504148
2025-03-19,86845.94,2444804724.040816
2025-03-20,84223.39,1860520342.0712955
2025-03-21,84088.79,1005447511.8796396
2025-03-22,83840.59,454434538.30807257
2025-03-23,86082.5,728428232.3757249
2025-03-24,87498.16,2635061434.382158
2025-03-25,87392.87,1978858820.3618174
2025-03-26,86909.17,1599892212.0220745
2025-03-27,87232.01,1491496306.4114296
2025-03-28,84424.38,2294885269.6346025
2025-03-29,82648.54,966690270.8539854
2025-03-30,82389.99,812735650.9962493
2025-03-31,82550.01,1697982617.7588882
2025-04-01,85158.34,1719380689.90623
2025-04-02,82516.29,3294995685.93453
2025-04-03,83213.09,2274866252.6632714
2025-04-04,83889.87,2761280351.446231
2025-04-05,83537.99,781949392.5537932
2025-04-06,78430.0,2191547087.2548003
2025-04-07,79163.24,6205410920.852484
2025-04-08,76322.42,2695503378.397525
2025-04-09,82615.22,6236481497.411098
2025-04-10,79607.3,2649713630.6204143
2025-04-11,83423.84,2872736467.5392046
2025-04-12,85276.9,1575127820.566053
2025-04-13,83760.0,2067200302.0056
2025-04-14,84591.58,2424317998.8408985
2025-04-15,83643.99,1749079080.0903673
2025-04-16,84030.38,1753482542.8688724
2025-04-17,84947.91,1166236920.5222652
2025-04-18,84474.69,551616612.8076735
2025-04-19,85077.01,822403853.4936252
2025-04-20,85179.24,689242918.48029
2025-04-21,87516.23,2780685786.087622
2025-04-22,93442.99,4099600663.8656797
2025-04-23,93691.08,2567526103.9167266
2025-04-24,93980.47,1832342929.1443338
2025-04-25,94638.68,2602626774.787446
2025-04-26,94628.0,890929125.6750001
2025-04-27,93749.3,1046508529.7613001
2025-04-28,95011.18,2105213404.6746418
2025-04-29,94256.82,1598156449.270164
2025-04-30,94172.0,1663197598.7171998
2025-05-01,96489.91,2062998027.2198915
2025-05-02,96887.14,1444175303.9383054
2025-05-03,95856.42,932045366.1195996
2025-05-04,94277.62,1040483962.2450603
2025-05-05,94733.68,1634267944.789055
2025-05-06,96834.02,1561220540.9713228
2025-05-07,97030.5,1615057005.95547
2025-05-08,103261.6,3610234999.057752
2025-05-09,102971.99,2843818540.8620496
2025-05-10,104809.53,1606183629.5396283
2025-05-11,104118.0,1872783165.27246
2025-05-12,102791.32,3214570122.4636545
2025-05-13,104103.72,2212560510.5066147
2025-05-14,103507.82,1703004650.0913422
2025-05-15,103763.71,1867641567.7486086
2025-05-16,103463.9,1622715416.763336
2025-05-17,103126.65,1160267236.666263
2025-05-18,106454.26,2299410659.7727275
2025-05-19,105573.74,3194665092.818598
2025-05-20,106849.99,2532930594.7826724
2025-05-21,109643.99,4992204932.276777
2025-05-22,111696.21,3533037477.9908376
2025-05-23,107318.3,3406038487.889547
2025-05-24,107761.91,1808517626.445164
2025-05-25,109004.19,1930469322.6467206
2025-05-26,109434.79,1603122925.4852047
2025-05-27,108938.17,2317840006.4878798
2025-05-28,107781.78,1685037530.0393562
2025-05-29,105589.75,2094341136.8091102
2025-05-30,103985.48,2465131572.609185
2025-05-31,104591.88,1180775304.8151336
2025-06-01,105642.93,1025761163.7595756
2025-06-02,105857.99,1424212140.9256587
2025-06-03,105376.89,1397247648.5822825
2025-06-04,104696.86,1469409418.0842652
2025-06-05,101508.68,2265826156.943367
2025-06-06,104288.44,1651832302.861294
2025-06-07,105552.15,880825520.5369289
2025-06-08,105734.0,850953898.5287
2025-06-09,110263.02,2202545119.1036205
2025-06-10,110274.39,1882585461.891932
2025-06-11,108645.12,1424980309.0150657
2025-06-12,105671.73,1878703046.3634715
2025-06-13,106066.59,2776910018.666671
2025-06-14,105414.64,927537059.8030615
2025-06-15,105594.01,756496656.0711846
2025-06-16,106794.53,1593659037.740262
2025-06-17,104551.17,1867945731.2438924
2025-06-18,104886.78,1465125845.7401228
2025-06-19,104658.59,803632220.5078082
2025-06-20,103297.99,1696056188.0227118
2025-06-21,102120.01,1139068375.7805333
2025-06-22,100963.87,2902348874.9006863
2025-06-23,105333.93,2914221815.8286333
2025-06-24,106083.0,1554295585.64805
2025-06-25,107340.58,1792711719.113596
2025-06-26,106947.06,1130780439.4684975
2025-06-27,107047.59,1309453266.7795877
2025-06-28,107296.79,352166682.91900074
2025-06-29,108356.93,740265982.8732519
2025-06-30,107146.5,1045120344.6693151
2025-07-01,105681.14,1110246359.8333817
2025-07-02,108849.6,1925755794.133632
2025-07-03,109584.78,1429761638.0081549
2025-07-04,107984.24,1273551672.869476
2025-07-05,108198.12,404333745.225684
2025-07-06,109203.84,704103443.2108799
2025-07-07,108262.94,1018253658.6480694
2025-07-08,108922.98,1003836449.277984
2025-07-09,111233.99,1922377683.7181349
2025-07-10,116010.0,2886729111.64665
2025-07-11,117527.66,3040854396.484954
2025-07-12,117420.0,991800285.1254
2025-07-13,119086.64,1137371841.393928
2025-07-14,119841.18,3267990947.2513547
2025-07-15,117758.09,3770432792.0806146
2025-07-16,118630.43,2021451673.7019594
2025-07-17,119177.56,1874493370.7351158
2025-07-18,117924.84,2349612656.2344747
2025-07-19,117840.0,781963032.5904
2025-07-20,117265.12,1520099411.8373168
2025-07-21,117380.36,2008064704.2856607
2025-07-22,119954.42,2514140250.4669065
2025-07-23,118755.99,1728938867.979972
2025-07-24,118340.99,1870603062.3077257
2025-07-25,117614.31,4517136205.498326
2025-07-26,117919.99,824457899.3984795
2025-07-27,119415.55,1113945172.4939046
2025-07-28,118062.32,1648356305.8266928
2025-07-29,117950.76,1785530873.207682
2025-07-30,117840.3,1836745682.7912931
2025-07-31,115764.08,1969147845.8777843
2025-08-01,113297.93,2774337975.096736
2025-08-02,112546.35,1295108471.443878
2025-08-03,114208.8,844889344.824048
2025-08-04,115055.03,1112315115.7841747
2025-08-05,114129.75,1374440701.023705
2025-08-06,114992.27,1122457161.9859185
2025-08-07,117472.01,1582179123.9569862
2025-08-08,116674.74,1172034256.8251772
2025-08-09,116462.25,1108037154.2981398
2025-08-10,119294.01,1708620754.6923273
2025-08-11,118686.0,3144506559.5429397
2025-08-12,120134.08,2008654903.8053343
2025-08-13,123306.43,2861950997.5226583
2025-08-14,118295.09,3310008712.9711523
2025-08-15,117342.05,1598590495.596017
2025-08-16,117380.66,750494515.5641721
2025-08-17,117405.01,692530113.6040192
2025-08-18,116227.05,2062558202.212557
2025-08-19,112872.94,2039103189.9630656
2025-08-20,114271.24,1786784182.5478058
2025-08-21,112500.0,1219465389.375
2025-08-22,116935.99,2704506144.2254167
2025-08-23,115438.05,1307839453.5609586
2025-08-24,113493.59,2403338516.3085856
2025-08-25,110111.98,2772927286.148604
2025-08-26,111763.22,2062303973.7880394
2025-08-27,111262.01,1490088568.6685874
2025-08-28,112566.9,1249974088.1607358
2025-08-29,108377.4,2447195337.76383
2025-08-30,108816.33,1165247873.0266647
2025-08-31,108246.35,1027205465.9367461
2025-09-01,109237.42,1753654084.9419498
2025-09-02,111240.01,2059084573.2772756
2025-09-03,111705.71,1315191845.7739964
2025-09-04,110730.87,1351263795.1405632
2025-09-05,110659.99,2388862450.786711
2025-09-06,110187.97,550972792.8973908
2025-09-07,111137.34,631404507.5050895
2025-09-08,112065.23,1297984556.4096353
2025-09-09,111546.39,1715503441.4342473
2025-09-10,113960.0,1996284981.4908
2025-09-11,115482.69,1579425708.2281013
2025-09-12,116029.42,1778047269.2735298
2025-09-13,115918.29,958575164.0440626
2025-09-14,115268.01,773171930.9539796
2025-09-15,115349.71,1524059368.743168
2025-09-16,116788.96,1276142384.840224
2025-09-17,116447.59,1950991499.0985858
2025-09-18,117073.53,1364753493.4402845
2025-09-19,115632.38,1039776843.0352471
2025-09-20,115685.63,540821935.3555377
2025-09-21,115232.29,519873033.33951503
2025-09-22,112650.99,2341080606.4304247
2025-09-23,111998.8,1377733112.01564
2025-09-24,113307.0,1401523705.42869
2025-09-25,108994.49,2314078319.4958696
2025-09-26,109643.46,1561653545.2074487
2025-09-27,109635.85,603193031.7715155
2025-09-28,112163.95,845977704.4658201
2025-09-29,114311.96,1776535893.510798
2025-09-30,114048.93,1715769932.1892269
2025-10-01,118594.99,2376216083.6362486
2025-10-02,120529.35,2370912960.1231303
2025-10-03,122232.0,2925785244.096
2025-10-04,122391.0,1004605740.3709799
2025-10-05,123482.31,2721932605.3997874
2025-10-06,124658.54,2430171963.177342
2025-10-07,121332.95,2624916294.1023574
2025-10-08,123306.0,2097757875.1079998
2025-10-09,121662.4,2622963488.5803676
2025-10-10,112774.5,7236958365.204616
2025-10-11,110644.4,3922179841.2454877
2025-10-12,114958.8,3708030894.327936
2025-10-13,115166.0,2597827139.84478
2025-10-14,113028.14,3602244091.6988835
2025-10-15,110763.28,2546058818.744601
2025-10-16,108194.28,3230375283.6371856
2025-10-17,106431.68,4035960442.4062786
2025-10-18,107185.01,1192238980.5689764
2025-10-19,108642.78,1681862398.1937594
2025-10-20,110532.09,2121491214.3409438
2025-10-21,108297.67,4031707455.418345
2025-10-22,107567.44,3077588846.1323547
2025-10-23,110078.18,1934414087.8060489
2025-10-24,111004.89,1665647148.7070458
2025-10-25,111646.27,715425796.9329728
2025-10-26,114559.4,1541336854.820778
2025-10-27,114107.65,2447635612.2589364
2025-10-28,112898.45,1752570346.8480165
2025-10-29,110021.29,2319217300.7059503
2025-10-30,108322.88,2815184737.9473343
2025-10-31,109608.01,2358567561.9611635
2025-11-01,110098.1,812359305.3728111
2025-11-02,110540.68,1338316108.9303916
2025-11-03,106583.04,3056928185.4690814
2025-11-04,101497.22,5129149199.690948
2025-11-05,103885.16,3509113519.237464
2025-11-06,101346.04,2616209651.9757953
2025-11-07,103339.08,3313000208.7141333
2025-11-08,102312.94,1267737115.346259
2025-11-09,104722.96,1711065402.2852418
2025-11-10,106011.13,2404571666.897405
2025-11-11,103058.99,2493667591.4985485
2025-11-12,101654.37,2079608410.3316922
2025-11-13,99692.02,3608702354.5954742
2025-11-14,94594.0,4473174770.15714
2025-11-15,95596.24,1444544640.8348985
2025-11-16,94261.44,2251849725.469344
2025-11-17,92215.14,3616548510.706628
2025-11-18,92960.83,3703108392.434983
2025-11-19,91554.96,2956001814.0024962
2025-11-20,86637.23,3442373583.908878
2025-11-21,85129.43,6151122887.640429
2025-11-22,84739.74,1202790160.6437163
2025-11-23,86830.0,1713543524.7494
2025-11-24,88300.01,2177754444.616279
2025-11-25,87369.96,1709571598.225356
2025-11-26,90484.02,1961315546.653208
2025-11-27,91333.95,1537470898.557414
2025-11-28,90890.7,1711550057.908884
2025-11-29,90802.44,674651497.1423005
2025-11-30,90360.0,875384344.53
2025-12-01,86286.01,2977644977.8193426
2025-12-02,91277.88,2574969744.087682
2025-12-03,93429.95,2402320004.5392075
2025-12-04,92078.06,1823508429.882455
2025-12-05,89330.04,1768106996.5582871
2025-12-06,89236.79,750436799.7828863
2025-12-07,90395.31,1177047442.2254233
2025-12-08,90634.34,1431446035.180796
2025-12-09,92678.8,1968537576.8590322
2025-12-10,92015.37,1748170646.084357
2025-12-11,92513.38,1847731584.3718204
2025-12-12,90268.42,1505604280.7334297
2025-12-13,90240.01,532028738.04827875
2025-12-14,88172.17,830312038.0866867
2025-12-15,86432.08,1709513480.596152
2025-12-16,87863.42,1621611687.6277812
2025-12-17,86243.22,1710558140.9472737
2025-12-18,85516.41,2172580110.268308
2025-12-19,88136.94,1873496089.1764777
2025-12-20,88360.9,452684549.037146
2025-12-21,88658.86,632392351.4680588
2025-12-22,88620.79,1300352321.657563
2025-12-23,87486.0,1216959046.39344
2025-12-24,87669.45,801372695.88024
2025-12-25,87225.27,619001311.5559845
2025-12-26,87369.56,1602760945.287878
2025-12-27,87877.01,392770827.1336356
2025-12-28,87952.71,391063505.6111235
2025-12-29,87237.13,1735581458.2208977
2025-12-30,88485.49,1159682869.130755
2025-12-31,87648.22,1013092509.8510634
2026-01-01,88839.04,557871088.5687231
2026-01-02,89995.13,1565642847.6414416
2026-01-03,90628.01,639604204.3511516
2026-01-04,91529.73,954337448.2779809
2026-01-05,93859.71,1940417710.1996067
2026-01-06,93747.97,1738689065.4583714
2026-01-07,91364.16,1304359539.43944
2026-01-08,91099.99,1469697114.2590885
2026-01-09,90641.28,1413122879.467219
2026-01-10,90504.7,280937197.760934
2026-01-11,91013.65,498494133.44558096
2026-01-12,91296.2,1477910433.969816
2026-01-13,95414.0,2196574815.03548
2026-01-14,96951.78,2215531826.8178186
2026-01-15,95604.8,2077092072.669712
2026-01-16,95550.94,1067085627.681724
2026-01-17,95147.77,407308704.16844493
2026-01-18,93673.14,645892991.9168166
2026-01-19,92631.0,1324209005.07357
2026-01-20,88427.66,1946056349.879926
2026-01-21,89454.73,1844333228.5465956
2026-01-22,89559.67,969528648.2185763
2026-01-23,89600.26,1247100250.2311893
2026-01-24,89225.34,377116910.62115574
2026-01-25,86670.36,1250325697.3065684
2026-01-26,88347.08,1569619680.5030725
2026-01-27,89250.0,1171442329.3125
2026-01-28,89299.99,1279863978.96415
2026-01-29,84650.16,2576021356.1676216
2026-01-30,84260.49,2965619392.547286
2026-01-31,78741.09,3109634569.4857492
2026-02-01,76968.21,1954644766.9973931
2026-02-02,78738.61,3328563728.9080777
2026-02-03,75770.21,2964138865.818167
2026-02-04,73165.83,2807765065.9488
2026-02-05,62909.86,6687244449.924841
2026-02-06,70580.26,6531441876.77578
2026-02-07,69289.38,3066434795.7465773
2026-02-08,70330.38,1506514132.8564384
2026-02-09,70138.0,2044714065.9219599
2026-02-10,68841.29,1402556658.5290287
2026-02-11,67082.52,1926492313.0015705
2026-02-12,66272.17,1608541067.026041
2026-02-13,68853.96,1393917404.9337182
2026-02-14,69822.95,1264827652.6051936
2026-02-15,68832.58,1534281793.0007665
2026-02-16,68892.43,1068918777.5823761
2026-02-17,67503.52,1113070213.1986194
2026-02-18,66461.0,1029642947.83779
2026-02-19,67003.73,974386324.6266524
2026-02-20,68020.01,2404634612.816909
2026-02-21,67975.93,546039858.5896683
2026-02-22,67643.4,552993916.0360559
2026-02-23,64656.02,2138556648.6930642
2026-02-24,64058.15,1479924948.0061932
2026-02-25,67988.04,2090631726.2086234
2026-02-26,67485.18,1399492675.7312255
2026-02-27,65872.1,1398371423.9157043
2026-02-28,66973.26,1510161052.1510572
2026-03-01,65776.47,1526136355.4893773
2026-03-02,68830.06,2203276672.6803584
2026-03-03,68338.0,1706553060.1284
2026-03-04,72666.77,3264124171.571197
2026-03-05,70890.72,1885020578.4207215
2026-03-06,68114.02,1541412590.7008245
2026-03-07,67262.91,855553486.1395665
2026-03-08,65971.2,1424558277.8565118
2026-03-09,68432.16,1977465055.477008
2026-03-10,69948.63,2280505613.806154
2026-03-11,70191.86,1912677325.3820813
2026-03-12,70541.34,1551709177.86507
2026-03-13,70930.0,2553240028.2054
2026-03-14,71211.95,926983568.8500714
2026-03-15,72815.24,1022129881.0712897
2026-03-16,74884.67,2127438293.1331873
2026-03-17,73909.36,1812351103.0571296
2026-03-18,71246.54,1666661826.894482
2026-03-19,69930.0,1563971736.0267
2026-03-20,70510.73,1277736745.3517385
2026-03-21,68918.12,923307597.4250998
2026-03-22,67859.0,1007284529.81838
2026-03-23,70906.45,2009140726.7091753
2026-03-24,70556.74,1460695437.4692457
2026-03-25,71336.53,1264047690.41711
2026-03-26,68820.31,1432870351.8794806
2026-03-27,66407.28,1899493620.7517495
2026-03-28,66377.03,760839967.1151441
2026-03-29,66010.93,663598363.1543311
2026-03-30,66797.37,1225958165.8849573
2026-03-31,68284.48,1509456196.2352576
2026-04-01,68113.92,1295539693.233408
2026-04-02,66901.99,1351652960.7275283
2026-04-03,66964.3,765343777.7822331
2026-04-04,67300.42,496240732.4257746
2026-04-05,69034.18,810010308.7998335
2026-04-06,68853.66,1396463109.4882104
2026-04-07,71924.22,1708235943.286894
2026-04-08,71069.93,1407375527.020861
2026-04-09,71787.97,1303556224.3502724
2026-04-10,72962.7,1267554201.033576
2026-04-11,73043.16,662570394.9518185
2026-04-12,70740.98,953055590.0460498
2026-04-13,74417.99,1803163990.5903378
2026-04-14,74131.55,1966928306.296868
2026-04-15,74809.99,1079137223.0822835
2026-04-16,75154.29,1284288196.3860333
2026-04-17,77072.0,1999353032.79968
2026-04-18,75691.76,691962304.3928255
2026-04-19,73801.79,839113239.1979526
2026-04-20,75840.97,1288796723.7936296
2026-04-21,76336.15,1138368281.1692178
2026-04-22,78178.23,1543043772.3083174
2026-04-23,78257.48,1328091651.0791748
2026-04-24,77437.13,981526707.8751595
2026-04-25,77625.0,441306989.775
2026-04-26,78657.55,626394246.303231
2026-04-27,77371.32,1241571705.7465177
2026-04-28,76342.77,1008543250.8872092
2026-04-29,75780.0,1385253112.0716
2026-04-30,76346.57,792616047.31538
2026-05-01,78231.13,1354608394.9900727
2026-05-02,78686.85,483993090.229077
2026-05-03,78568.57,583433929.2691531
2026-05-04,79861.01,2079817196.8019636
2026-05-05,80905.52,1371120406.3883243
2026-05-06,81447.01,1531103930.7078593
2026-05-07,80006.0,1292481199.22028
2026-05-08,80193.17,1283195780.2700853
2026-05-09,80678.4,608994590.9287679
2026-05-10,82210.07,989342192.5945175
2026-05-11,81745.65,1058750085.621564
2026-05-12,80504.47,997149035.7477173
2026-05-13,79313.61,1174639039.7670124
2026-05-14,81089.99,1599732624.5176194
2026-05-15,79113.21,1372714729.776136
2026-05-16,78148.05,948159499.967256
2026-05-17,77457.67,653952040.915874
2026-05-18,77001.87,1443439846.1763787
2026-05-19,76834.36,847088045.2860409
2026-05-20,77552.23,876050391.7451462
2026-05-21,77615.52,878472511.9865233
2026-05-22,75539.5,851508539.44293
2026-05-23,76752.01,1157948989.3901613
2026-05-24,77064.96,647191654.3013377
2026-05-25,77322.01,593239356.0875597
2026-05-26,75930.01,1287277624.2344627
2026-05-27,74449.3,1256538521.651119
2026-05-28,73617.51,1566140399.2307525
2026-05-29,73460.78,1372742599.6368997
2026-05-30,73884.38,555271341.0610143
2026-05-31,73674.39,514722962.8934373
2026-06-01,71408.9,1708178855.093376
2026-06-02,66760.83,2193640427.916164
2026-06-03,64142.75,1933153859.2528749
2026-06-04,63885.99,2783971011.637303
2026-06-05,61056.47,3359771963.227313
2026-06-06,60884.62,1205246899.9377174
2026-06-07,63332.01,1685398063.8818042
2026-06-08,63085.99,1454345693.8027775
2026-06-09,61730.0,1335603835.2907
2026-06-10,61510.99,984096891.8745548
2026-06-11,63625.99,1105879923.1094558
2026-06-12,63580.01,1042524755.5625241
2026-06-13,64458.01,642049583.5939564
2026-06-14,65746.45,868052598.2926875
2026-06-15,66328.74,1231048216.3073149
2026-06-16,65675.01,939287802.8273301
2026-06-17,64509.4,1228817246.153446
2026-06-18,62958.01,1066231460.7283461
2026-06-19,63543.91,905337028.3878402
2026-06-20,64298.01,612252289.3465525
2026-06-21,63311.99,508690524.4023267
2026-06-22,64020.01,987387561.0412852
2026-06-23,62734.57,1268680764.9492445
2026-06-24,61077.99,1873768010.7106857
2026-06-25,59794.0,1816900898.97036
2026-06-26,60097.27,1646878977.8117619
2026-06-27,60029.0,575511779.24564
2026-06-28,59577.01,530660647.31429964
2026-06-29,60260.21,1217445566.322574
2026-06-30,58624.71,1151379213.3286676
2026-07-01,60024.0,1506209039.91888
2026-07-02,61560.0,1316284638.7428
2026-07-03,62583.26,879231360.4718401
2026-07-04,63144.01,577125352.7438741
2026-07-05,63650.0,583802737.967
2026-07-06,64042.02,1372758910.3292274
2026-07-07,63363.99,1066682601.9436377
2026-07-08,62290.0,1159845901.9284
2026-07-09,63230.0,1058647668.9056001
2026-07-10,64161.72,1128540571.3572984
2026-07-11,63819.0,584069849.12808
2026-07-12,63780.0,887488305.7734001
2026-07-13,62334.52,1351568357.0624206
2026-07-14,65043.98,1336810794.7606833
2026-07-15,64756.28,1191638421.213235
2026-07-16,63830.2,1197743497.911058
2026-07-17,63931.67,1162910293.5104961
2026-07-18,64834.22,520695298.75970644
2026-07-19,64722.54,542369366.9562396
2026-07-20,65255.51,1391475020.4684803
2026-07-21,66556.16,1239161280.5086591
2026-07-22,66114.49,1195010548.73063
2026-07-23,65098.97,956839420.9494681
2026-07-24,64139.99,1078916205.0392818
2026-07-25,64375.0,570558863.0625
2026-07-26,65399.99,518822102.87539107
2026-07-27,63755.86,943070651.7283199
2026-07-28,63915.0,887768481.8934
2026-07-29,63984.28,1073663840.2074336
2026-07-30,64780.02,1109784409.862497
2026-07-31,62887.88,1287667507.1388566
2026-08-01,62823.64,475140783.1369056
2026-08-02,63570.0,533162323.59779996
2026-08-03,63520.0,987310252.7536
2026-08-04,64106.56,877649519.2118304
2026-08-05,64665.23,824019667.5379144
2026-08-06,64323.61,634515930.8713523
2026-08-07,64923.19,766574335.2464557
2026-08-08,64962.6,374193864.35254794
2026-08-09,64901.59,456338399.9593354
2026-08-10,63970.01,872449145.4009877
2026-08-11,63600.0,819907825.728
2026-08-12,63479.99,865046154.3349177
2026-08-13,63490.86,685311360.7880358
2026-08-14,63043.56,778009792.8808044
2026-08-15,63086.01,340990001.7842838
2026-08-16,62900.0,297971851.915
2026-08-17,64532.1,919946846.1578729
2026-08-18,64725.42,763107078.4555104
2026-08-19,69334.79,2014473772.4566503
2026-08-20,73025.15,2621952885.05068
2026-08-21,78338.03,3473474226.4268103
2026-08-22,77074.93,1427775193.609657
2026-08-23,77734.0,1194556400.6279001
2026-08-24,78992.75,2383945419.0091524
2026-08-25,78539.14,1945611940.4856117
2026-08-26,79023.75,1154834027.5031624
2026-08-27,80249.58,1305302508.711981
2026-08-28,77845.87,1537956984.3284202
2026-08-29,78230.0,548885350.0511
2026-08-30,77682.0,705773911.0521
2026-08-31,78581.29,1202600677.0903656
2026-09-01,77439.0,1094262591.46611
2026-09-02,77340.01,1010909584.6977819
2026-09-03,81270.37,1609675282.5132139
2026-09-04,79660.77,1529377289.4750273
2026-09-05,79831.75,727845240.33635
2026-09-06,80341.83,711412304.1292341
2026-09-07,79112.01,836408161.7289494
2026-09-08,78455.8,1509102495.0055902
2026-09-09,78306.43,1106463612.528336
2026-09-10,76568.72,1173061047.3204288
2026-09-11,77225.7,1522371638.014353
2026-09-12,77278.73,622900918.0594215
2026-09-13,76842.01,534796081.39855653
2026-09-14,78189.21,1205168583.7680292
2026-09-15,75644.48,1640177878.171283
2026-09-16,76206.01,1134553881.207703
2026-09-17,76417.01,834857529.9434518
2026-09-18,80883.87,1933753738.7727294
2026-09-19,81249.99,866430966.9873295
2026-09-20,81178.0,892445192.89154
2026-09-21,86620.0,2768650540.7264
2026-09-22,86208.56,1838695662.4075928
2026-09-23,84397.6,1869485563.5493522
2026-09-24,84410.24,1578777028.5898304
2026-09-25,84099.99,1518531721.916348
2026-09-26,84433.1,680367378.3999151
2026-09-27,84472.0,812209230.1053599
