time,PriceUSD,volume_reported_spot_usd_1d
2017-08-17,302.0,2123274.52268
2017-08-18,293.96,2803745.3453816
2017-08-19,290.91,624350.3816343
2017-08-20,299.1,750782.4881610001
2017-08-21,323.29,1687394.5098318001
2017-08-22,309.8,2464877.502624
2017-08-23,315.74,2736116.2293606
2017-08-24,323.42,2184143.2043664004
2017-08-25,327.24,2331902.2984488
2017-08-26,330.79,1613489.4906159
2017-08-27,348.13,1613734.7350295
2017-08-28,346.0,1480596.8682000001
2017-08-29,374.7,1136140.703475
2017-08-30,385.93,1716074.8251544002
2017-08-31,384.79,1706877.8593545002
2017-09-01,388.46,1631020.9187164
2017-09-02,343.14,2827585.8891336
2017-09-03,341.77,1795530.4285347
2017-09-04,283.77,1911988.5167997
2017-09-05,312.09,2604209.8006115993
2017-09-06,335.0,1837913.8098
2017-09-07,334.49,1038222.6580505
2017-09-08,302.99,1489425.1922207
2017-09-09,296.74,813242.1484028001
2017-09-10,293.5,1219918.365565
2017-09-11,297.3,1435853.8955309999
2017-09-12,293.96,1521629.2693191997
2017-09-13,276.91,1786409.6451676001
2017-09-14,215.21,2712067.1143195997
2017-09-15,253.0,3598645.5109
2017-09-16,249.31,2583365.2060241
2017-09-17,257.55,1188473.0694435001
2017-09-18,294.57,1215387.1331307
2017-09-19,284.0,531054.01968
2017-09-20,282.0,299079.98988
2017-09-21,257.0,491526.84831000003
2017-09-22,264.0,386631.3
2017-09-23,285.93,807562.3124196001
2017-09-24,282.0,1572303.47004
2017-09-25,294.42,1728386.824647
2017-09-26,287.9,1314818.5827159998
2017-09-27,309.74,1709177.4772068001
2017-09-28,302.44,1996378.9844967998
2017-09-29,292.22,3240485.7376244003
2017-09-30,304.36,1223712.235662
2017-10-01,303.95,1538004.5014409998
2017-10-02,296.5,1100263.3098549999
2017-10-03,292.48,1622344.7412096001
2017-10-04,291.99,1172307.1237608
2017-10-05,294.81,1006006.7430696
2017-10-06,310.8,1100550.1317719999
2017-10-07,311.01,673582.5842676
2017-10-08,311.07,921057.1110186
2017-10-09,297.19,1451885.6750497
2017-10-10,298.64,2015603.3904352
2017-10-11,304.01,1132341.882063
2017-10-12,303.99,2379559.5342804003
2017-10-13,337.96,6058056.642665999
2017-10-14,342.0,2644331.92398
2017-10-15,337.96,3383434.8591567995
2017-10-16,335.19,2903908.8344343
2017-10-17,315.19,2567772.1026764
2017-10-18,309.7,3997621.6603800002
2017-10-19,308.66,2678782.1693974
2017-10-20,304.51,2661209.6145563996
2017-10-21,298.94,2568382.2339174
2017-10-22,293.79,2107375.9209447005
2017-10-23,281.09,2714987.6058036
2017-10-24,297.38,4183149.0723912
2017-10-25,294.49,2857463.7427189
2017-10-26,294.71,2302577.2372707
2017-10-27,296.33,1858625.6227665998
2017-10-28,291.87,1707108.4873143001
2017-10-29,305.0,2750835.61075
2017-10-30,307.25,2748695.449885
2017-10-31,304.9,2329561.563918
2017-11-01,287.01,2825087.245866
2017-11-02,283.12,3800562.450464
2017-11-03,304.08,2491642.056372
2017-11-04,298.04,2333181.5338176
2017-11-05,295.53,1961852.6142806998
2017-11-06,297.97,2239393.8419091003
2017-11-07,291.78,2748152.9251818
2017-11-08,303.02,4836762.1263144
2017-11-09,317.87,3544663.5593502
2017-11-10,293.5,4577768.094795
2017-11-11,310.02,3363767.4681558
2017-11-12,305.24,6447631.2797156
2017-11-13,312.99,4867518.5516766
2017-11-14,335.61,5943392.230347
2017-11-15,331.33,5167807.4568423
2017-11-16,331.49,4689163.7150704
2017-11-17,331.23,5976060.086491201
2017-11-18,346.66,4978556.654018001
2017-11-19,354.15,6869712.801267
2017-11-20,367.42,6715342.467948001
2017-11-21,362.12,9501175.6380376
2017-11-22,380.65,6897981.269346
2017-11-23,405.0,10290645.449550001
2017-11-24,469.0,14256830.047389999
2017-11-25,461.82,9896170.4469294
2017-11-26,462.84,10039516.8653556
2017-11-27,472.31,11222611.8289096
2017-11-28,466.17,11172812.0747472
2017-11-29,421.7,21638901.140907
2017-11-30,427.43,19313092.2872895
2017-12-01,457.51,15130871.349324498
2017-12-02,457.63,11805087.5482
2017-12-03,460.3,11272774.604191
2017-12-04,466.67,10818651.704198299
2017-12-05,452.26,11481577.511807
2017-12-06,411.01,15880916.8955636
2017-12-07,406.33,16799198.9039277
2017-12-08,442.56,18173550.725808
2017-12-09,460.0,19282436.6024
2017-12-10,427.35,14922745.496043002
2017-12-11,508.7,15140522.768028
2017-12-12,620.0,36819954.0058
2017-12-13,683.99,39462247.4654427
2017-12-14,679.76,41410482.3090352
2017-12-15,674.95,26848270.205667503
2017-12-16,682.81,18344409.853772998
2017-12-17,707.64,22218797.459664
2017-12-18,784.0,35808186.89168
2017-12-19,798.0,55400049.7575
2017-12-20,790.21,57310995.0060736
2017-12-21,782.41,61202097.505751796
2017-12-22,635.97,98340355.7906754
2017-12-23,640.34,50587536.4167556
2017-12-24,658.0,62794217.54648001
2017-12-25,714.95,56155634.08724901
2017-12-26,750.0,45039359.2875
2017-12-27,739.89,37985418.547398
2017-12-28,707.89,51449171.1616232
2017-12-29,733.99,46996004.54771531
2017-12-30,681.06,61213672.75913639
2017-12-31,733.98,45967878.9568284
2018-01-01,754.99,40700951.3391615
2018-01-02,855.28,96867117.11464399
2018-01-03,934.03,83167391.9696264
2018-01-04,940.0,96720805.4096
2018-01-05,959.3,93410893.83658999
2018-01-06,1004.11,72250011.03648451
2018-01-07,1123.09,73313989.4708713
2018-01-08,1133.18,179984733.53997642
2018-01-09,1291.0,153245426.91044
2018-01-10,1247.0,199750711.08630002
2018-01-11,1138.93,221574610.47735912
2018-01-12,1253.87,117567205.40150069
2018-01-13,1388.02,105341601.49852021
2018-01-14,1347.0,132532940.80995001
2018-01-15,1271.0,87999851.74995999
2018-01-16,1000.0,343889365.09
2018-01-17,1000.0,436333673.26
2018-01-18,994.0,292778437.79758
2018-01-19,1032.5,173412621.187225
2018-01-20,1152.75,142194690.767955
2018-01-21,1049.0,183607527.27661002
2018-01-22,993.0,183916032.37985998
2018-01-23,980.0,156956446.7884
2018-01-24,1061.0,142447520.1767
2018-01-25,1056.52,126165323.593374
2018-01-26,1051.03,152518786.94714
2018-01-27,1118.99,108423795.71502611
2018-01-28,1251.96,179669700.86728558
2018-01-29,1177.01,123930640.95784079
2018-01-30,1085.5,168554870.41042
2018-01-31,1124.81,112899471.8715623
2018-02-01,1041.94,211884011.4044088
2018-02-02,922.3,348053173.46690196
2018-02-03,971.0,155396782.73259
2018-02-04,823.56,153549493.78449598
2018-02-05,697.92,255101295.9127008
2018-02-06,779.25,505689939.59669995
2018-02-07,754.0,268728196.8514
2018-02-08,781.66,8220141.276753999
2018-02-09,877.0,83707609.12453
2018-02-10,851.15,182842398.305832
2018-02-11,808.99,153160743.83792
2018-02-12,866.66,124441049.8024586
2018-02-13,841.57,92830166.02933091
2018-02-14,919.09,138178615.1350222
2018-02-15,924.55,143894914.343642
2018-02-16,938.67,108454085.2631583
2018-02-17,969.99,106787204.1842382
2018-02-18,911.0,145878243.40897998
2018-02-19,938.11,75142137.5734074
2018-02-20,882.99,106008843.4759098
2018-02-21,835.89,147284279.00169387
2018-02-22,801.49,110254448.0621837
2018-02-23,851.6,131578513.23440802
2018-02-24,833.94,74480498.524836
2018-02-25,841.19,49992985.586640604
2018-02-26,867.98,65021653.911488
2018-02-27,870.11,55241268.9427675
2018-02-28,853.5,45765055.858815
2018-03-01,870.63,38120538.9292689
2018-03-02,856.28,33768480.7641768
2018-03-03,856.02,29250455.241084
2018-03-04,866.66,25770150.9512114
2018-03-05,849.84,25977737.5627992
2018-03-06,813.11,39564362.346361294
2018-03-07,749.9,81749061.52162
2018-03-08,695.46,53072484.7200174
2018-03-09,723.71,84345051.9155413
2018-03-10,680.58,42885169.5638376
2018-03-11,720.85,53319370.5116865
2018-03-12,697.11,47217253.9509468
2018-03-13,689.94,38453932.262511
2018-03-14,610.1,54850585.456915
2018-03-15,608.83,57489822.695599906
2018-03-16,599.05,38770641.764557
2018-03-17,546.95,37204884.05944
2018-03-18,537.0,133614850.362
2018-03-19,556.88,102910739.3828656
2018-03-20,557.0,75432791.92793001
2018-03-21,559.17,65433611.08383569
2018-03-22,539.92,59988459.0504672
2018-03-23,543.03,57787117.1128038
2018-03-24,520.22,45628906.887679
2018-03-25,523.74,37658566.936662
2018-03-26,485.0,73275854.8868
2018-03-27,448.5,61977659.04837
2018-03-28,446.67,40153613.5379295
2018-03-29,384.0,86531306.17344
2018-03-30,392.43,114689548.95461911
2018-03-31,393.92,66113009.3445408
2018-04-01,378.58,56974016.3318076
2018-04-02,385.05,43603886.742445506
2018-04-03,415.01,57228864.570306495
2018-04-04,378.16,53168689.68850881
2018-04-05,381.22,45866125.476675004
2018-04-06,368.89,27467066.6742349
2018-04-07,384.51,27478402.8848448
2018-04-08,400.4,22981169.955744
2018-04-09,399.44,60576475.68968719
2018-04-10,416.07,33865724.7575235
2018-04-11,429.52,37242255.8866904
2018-04-12,495.67,123801703.1409172
2018-04-13,495.11,124644976.2005602
2018-04-14,502.68,60966706.234583996
2018-04-15,533.88,58053659.51082601
2018-04-16,511.46,66673682.9071154
2018-04-17,502.56,48518129.3373792
2018-04-18,526.09,38489771.595985904
2018-04-19,568.14,63765632.23129919
2018-04-20,617.09,98863396.1912259
2018-04-21,604.87,96395079.4416911
2018-04-22,620.92,74589488.318976
2018-04-23,645.09,49978804.42856371
2018-04-24,701.58,120277240.3221576
2018-04-25,618.0,211009613.64504
2018-04-26,661.51,103032833.93130651
2018-04-27,643.46,86740649.74385941
2018-04-28,682.86,77250834.2108382
2018-04-29,690.85,76007481.8989865
2018-04-30,670.78,75459340.559416
2018-05-01,672.0,89459104.05600001
2018-05-02,688.56,59343890.152247995
2018-05-03,779.0,178717563.811
2018-05-04,785.99,141418780.8458785
2018-05-05,819.5,105413258.27098
2018-05-06,794.3,132545762.403886
2018-05-07,752.49,213885547.7475672
2018-05-08,748.99,101193189.8993279
2018-05-09,751.75,84461651.595765
2018-05-10,722.52,73710984.1519116
2018-05-11,676.96,146868875.1470736
2018-05-12,684.11,114110283.3293157
2018-05-13,729.08,99171205.61039561
2018-05-14,727.49,133470351.37677601
2018-05-15,704.91,89658361.9244733
2018-05-16,706.29,83979624.7946955
2018-05-17,667.62,71250665.45917499
2018-05-18,692.6,73790755.842282
2018-05-19,697.0,61913712.91777
2018-05-20,716.16,61593155.242944
2018-05-21,696.7,66942527.147117
2018-05-22,640.99,68624118.19713101
2018-05-23,577.19,148395416.8004024
2018-05-24,602.18,117939738.06443459
2018-05-25,585.55,69139555.6415515
2018-05-26,586.0,45505317.437520005
2018-05-27,570.4,55384281.17095199
2018-05-28,511.5,78360691.46697
2018-05-29,567.36,107278038.89959681
2018-05-30,557.19,68050879.577019
2018-05-31,577.81,57839660.8659556
2018-06-01,579.0,48543847.29798
2018-06-02,590.85,47420526.267211504
2018-06-03,619.66,52127864.124001
2018-06-04,591.02,56938538.8252714
2018-06-05,609.05,54238182.48476549
2018-06-06,607.4,42610884.318658
2018-06-07,605.16,36415012.094208
2018-06-08,598.68,29471823.560034
2018-06-09,592.87,23067424.674411003
2018-06-10,524.11,99764644.7322319
2018-06-11,531.69,77527355.5428411
2018-06-12,493.0,78004012.02316
2018-06-13,475.47,86460508.0620099
2018-06-14,519.29,107022072.03395699
2018-06-15,487.48,78256400.68340361
2018-06-16,496.74,65120354.6923602
2018-06-17,497.14,58322939.678879395
2018-06-18,517.95,74495030.31482401
2018-06-19,537.97,79699384.33290079
2018-06-20,536.49,66466841.827176005
2018-06-21,526.18,42022263.5844192
2018-06-22,462.09,98267844.2370333
2018-06-23,473.41,44720802.6848394
2018-06-24,454.41,90093190.0399839
2018-06-25,458.7,56393548.83855
2018-06-26,429.34,36065890.8509584
2018-06-27,441.64,43791416.7603668
2018-06-28,420.22,47194726.3035708
2018-06-29,434.77,69343775.6765334
2018-06-30,454.09,71368963.1268978
2018-07-01,452.1,50285558.726766005
2018-07-02,476.25,86956158.723225
2018-07-03,461.82,86339352.4884996
2018-07-04,467.38,47619573.0860862
2018-07-05,467.87,58860857.103321
2018-07-06,470.47,47248666.0339694
2018-07-07,485.57,40608196.6763774
2018-07-08,486.77,70437145.6372802
2018-07-09,471.71,42233206.2735639
2018-07-10,432.48,75096249.386976
2018-07-11,444.99,70763465.5547274
2018-07-12,431.14,78414483.9435336
2018-07-13,432.46,65007527.887887195
2018-07-14,433.19,52959077.690864295
2018-07-15,449.78,63155980.3564944
2018-07-16,478.49,82511156.9691207
2018-07-17,498.76,107392039.4011636
2018-07-18,479.41,113206826.101811
2018-07-19,468.57,80269820.9776185
2018-07-20,449.04,72238583.6508576
2018-07-21,460.23,34176514.4255541
2018-07-22,457.47,27761519.3502465
2018-07-23,450.05,47957985.4375405
2018-07-24,479.28,75863677.85351999
2018-07-25,472.1,80481506.85285601
2018-07-26,462.64,80488358.050688
2018-07-27,470.09,93221099.7229899
2018-07-28,469.29,73614046.5552369
2018-07-29,466.4,64711863.541775994
2018-07-30,456.23,81930601.9450545
2018-07-31,432.22,92889944.21518381
2018-08-01,420.41,88105359.182604
2018-08-02,410.62,73263274.84136641
2018-08-03,417.52,83986908.4501808
2018-08-04,407.21,73093614.7868315
2018-08-05,408.79,64962360.8804074
2018-08-06,405.28,67477670.982152
2018-08-07,378.21,78556528.1581038
2018-08-08,355.48,97773745.90918241
2018-08-09,363.3,88742639.119911
2018-08-10,331.81,87688800.32954179
2018-08-11,317.69,106627779.08428669
2018-08-12,317.89,43081978.652926594
2018-08-13,283.81,87332089.5755534
2018-08-14,278.41,135077397.85789812
2018-08-15,281.12,123305034.7553472
2018-08-16,287.17,67675991.307067
2018-08-17,317.51,108765101.8305068
2018-08-18,294.11,112944530.5099719
2018-08-19,299.42,86377714.12292221
2018-08-20,270.51,59283291.559773594
2018-08-21,281.21,63188330.38661909
2018-08-22,270.8,109386080.844524
2018-08-23,275.99,76533299.0627491
2018-08-24,281.19,76441561.5987387
2018-08-25,277.55,70324368.5734135
2018-08-26,274.29,63779542.743213005
2018-08-27,287.71,80852450.4260517
2018-08-28,295.44,94045432.71192239
2018-08-29,288.4,93521046.482416
2018-08-30,283.89,95668983.68706569
2018-08-31,281.41,85172499.0586358
2018-09-01,295.71,87218020.381971
2018-09-02,295.41,45286371.0554592
2018-09-03,289.09,79428547.3122358
2018-09-04,285.3,94178154.80700001
2018-09-05,228.53,120831654.058188
2018-09-06,229.7,127023380.044399
2018-09-07,215.22,85739304.3029802
2018-09-08,196.71,62722920.9046584
2018-09-09,195.81,84052426.6253952
2018-09-10,197.15,82505277.2061045
2018-09-11,185.18,88283785.79218881
2018-09-12,183.12,92301231.606948
2018-09-13,210.68,155798563.7786468
2018-09-14,208.82,174144567.3289386
2018-09-15,221.29,97599186.47543569
2018-09-16,220.17,93690828.5179053
2018-09-17,196.16,161836075.116112
2018-09-18,208.17,121647501.4746438
2018-09-19,209.79,104076916.8439581
2018-09-20,224.0,128493622.28864
2018-09-21,247.73,208348146.2460804
2018-09-22,241.01,102125755.819703
2018-09-23,244.5,57509859.472064994
2018-09-24,228.06,79852734.66303
2018-09-25,219.62,156073108.864314
2018-09-26,214.42,131601192.1665406
2018-09-27,229.13,133416542.63654311
2018-09-28,221.84,137193537.1833792
2018-09-29,231.62,139898701.3962932
2018-09-30,232.94,100675605.9892696
2018-10-01,231.61,74786975.83706081
2018-10-02,225.69,90570599.26642829
2018-10-03,220.77,60846256.818101704
2018-10-04,222.66,35210880.090322204
2018-10-05,228.37,31453481.824488197
2018-10-06,225.4,22598056.21038
2018-10-07,226.14,16900272.705934197
2018-10-08,230.01,48529676.958820194
2018-10-09,228.4,22896228.494119998
2018-10-10,226.74,27831930.0695688
2018-10-11,191.58,95264846.4042618
2018-10-12,196.96,42631675.327712
2018-10-13,201.3,21582485.42406
2018-10-14,197.01,21780281.6831061
2018-10-15,214.39,208785362.52940297
2018-10-16,215.09,31398859.3584033
2018-10-17,212.85,32729699.773584
2018-10-18,206.24,30983352.9040528
2018-10-19,205.0,52205399.70585
2018-10-20,207.91,12968739.031688
2018-10-21,207.49,17279219.6919872
2018-10-22,206.67,42583712.7465321
2018-10-23,205.85,23210213.57219
2018-10-24,205.35,19945404.620343
2018-10-25,203.93,15786541.912628101
2018-10-26,204.92,18677194.2399172
2018-10-27,204.45,10270685.4486405
2018-10-28,204.99,9100496.9335143
2018-10-29,196.96,23296787.8029312
2018-10-30,197.27,16498442.6120601
2018-10-31,198.73,22802221.4236152
2018-11-01,199.96,17216153.3385484
2018-11-02,202.35,19652885.2121055
2018-11-03,200.31,14439332.1920892
2018-11-04,212.11,38717418.587576
2018-11-05,210.66,29794094.738796003
2018-11-06,220.74,43661819.1058998
2018-11-07,219.07,44894241.662194
2018-11-08,212.79,40393605.344655
2018-11-09,210.77,32082555.1196822
2018-11-10,213.25,28017740.131822504
2018-11-11,212.54,28962573.2089624
2018-11-12,212.89,21281330.0054667
2018-11-13,209.84,24019622.4680672
2018-11-14,187.43,81471354.2282176
2018-11-15,184.35,83402909.480304
2018-11-16,176.89,42756143.3922707
2018-11-17,176.2,25514589.877332
2018-11-18,178.97,25366549.6610911
2018-11-19,150.81,90001875.6437196
2018-11-20,133.82,133358627.0744422
2018-11-21,138.23,99381534.6924296
2018-11-22,126.63,42379777.7183655
2018-11-23,125.02,63054117.527377196
2018-11-24,114.89,54150134.9061596
2018-11-25,118.67,99235807.1967484
2018-11-26,110.68,75206145.6404228
2018-11-27,111.43,58392039.57840881
2018-11-28,122.9,71104131.898396
2018-11-29,117.98,56486157.1965972
2018-11-30,113.73,47606654.141531706
2018-12-01,118.1,38991785.862302
2018-12-02,116.57,31900268.938255
2018-12-03,108.76,35286750.5751824
2018-12-04,109.94,30268791.432622
2018-12-05,102.71,36366687.0938311
2018-12-06,91.0,53338611.72913
2018-12-07,93.05,95848347.0535435
2018-12-08,90.38,63104863.7837102
2018-12-09,93.26,48543635.5350498
2018-12-10,89.91,36734801.0634639
2018-12-11,87.76,29837684.094289605
2018-12-12,89.41,25520836.3623289
2018-12-13,86.34,28597388.093662202
2018-12-14,83.82,26655073.006511398
2018-12-15,83.76,18206128.693140004
2018-12-16,84.67,20436523.827443503
2018-12-17,94.02,44401155.0293976
2018-12-18,100.39,53201358.4237825
2018-12-19,98.74,81731895.87139039
2018-12-20,114.05,98038813.84230249
2018-12-21,107.69,71726786.4263434
2018-12-22,115.2,46733510.150784
2018-12-23,129.03,120784222.355247
2018-12-24,138.03,182145742.971495
2018-12-25,127.6,137318542.744284
2018-12-26,129.35,102811785.14489348
2018-12-27,113.8,85597845.14631799
2018-12-28,135.3,121019651.976003
2018-12-29,132.89,133774316.29769158
2018-12-30,137.77,97025819.76160781
2018-12-31,131.45,63701306.16804899
2019-01-01,139.1,55887165.11662699
2019-01-02,152.01,143115334.7796324
2019-01-03,146.3,103593759.69758202
2019-01-04,151.97,122373681.13977371
2019-01-05,152.83,118163439.26272881
2019-01-06,153.86,96609997.75732762
2019-01-07,149.34,63434450.287297204
2019-01-08,147.6,65189173.60432799
2019-01-09,148.1,44347591.680300005
2019-01-10,124.95,108925381.209981
2019-01-11,124.65,67970895.0669585
2019-01-12,123.35,37037334.233834
2019-01-13,114.16,48239674.2406232
2019-01-14,126.95,69368070.864153
2019-01-15,118.95,77200992.007815
2019-01-16,121.48,62378358.8153856
2019-01-17,121.54,54393431.5090264
2019-01-18,119.17,28082015.332280003
2019-01-19,122.6,39637045.016895995
2019-01-20,117.47,53072106.5029944
2019-01-21,115.63,35109076.23126689
2019-01-22,117.81,42357718.268781304
2019-01-23,116.44,26810032.381423198
2019-01-24,116.39,25168441.0979731
2019-01-25,115.11,22862812.2031188
2019-01-26,115.34,16864648.9634346
2019-01-27,112.05,27717764.3018775
2019-01-28,105.5,59734710.093839996
2019-01-29,104.45,33399863.012986
2019-01-30,108.29,35840545.5820685
2019-01-31,106.44,30939938.683613997
2019-02-01,106.73,25951387.156675503
2019-02-02,110.42,20638464.981066
2019-02-03,107.36,24393431.003110398
2019-02-04,107.68,17320339.0835024
2019-02-05,107.27,17134257.331122
2019-02-06,104.5,35237849.61543
2019-02-07,104.48,15456988.1871984
2019-02-08,119.25,70351614.9230625
2019-02-09,119.19,39102419.842506
2019-02-10,125.12,48273685.315292805
2019-02-11,120.89,47075207.2053956
2019-02-12,122.41,42080355.648786694
2019-02-13,121.86,38730437.1615816
2019-02-14,120.42,35789520.9162996
2019-02-15,121.67,31061874.223938
2019-02-16,122.67,26413390.4333778
2019-02-17,133.75,82227975.354325
2019-02-18,145.69,157320454.582638
2019-02-19,143.44,107288659.654308
2019-02-20,148.44,91187227.87879081
2019-02-21,145.69,65176520.7078737
2019-02-22,147.36,53970774.68349121
2019-02-23,157.79,92809510.5925984
2019-02-24,132.1,166512949.167712
2019-02-25,137.87,110454150.0469341
2019-02-26,136.22,58975654.8823526
2019-02-27,135.02,76583696.449457
2019-02-28,135.34,78406159.14909661
2019-03-01,135.32,40952166.0709092
2019-03-02,132.56,39371020.0400808
2019-03-03,130.6,29052399.138539996
2019-03-04,125.65,50756040.3726425
2019-03-05,136.72,70086942.0089616
2019-03-06,137.4,58920812.50821
2019-03-07,136.81,42046705.621011004
2019-03-08,133.52,44099463.91270161
2019-03-09,137.27,38416536.0096623
2019-03-10,135.37,27610764.812465504
2019-03-11,132.67,35102758.1961361
2019-03-12,133.57,26033590.2031951
2019-03-13,131.65,27574895.364892
2019-03-14,132.2,34162306.829495996
2019-03-15,136.56,40398854.1930672
2019-03-16,140.92,66889665.2496124
2019-03-17,138.67,35041504.2888316
2019-03-18,137.59,38761711.9747005
2019-03-19,138.55,30283905.985684
2019-03-20,139.01,30983037.7732354
2019-03-21,134.85,42144858.43774799
2019-03-22,135.98,25308563.258250996
2019-03-23,137.28,23984247.9113952
2019-03-24,136.09,27012565.5092516
2019-03-25,133.98,30933340.584299996
2019-03-26,134.18,24573606.3514068
2019-03-27,139.45,44229001.355712496
2019-03-28,137.86,22496780.477926
2019-03-29,143.25,33785948.75355
2019-03-30,142.46,36298622.897448204
2019-03-31,141.38,20142297.1515598
2019-04-01,141.24,33093971.462996405
2019-04-02,163.31,148100753.297966
2019-04-03,159.96,215201312.37046203
2019-04-04,157.36,107961698.68225281
2019-04-05,164.77,85032910.8329781
2019-04-06,165.5,87411859.106535
2019-04-07,174.21,81096065.9250237
2019-04-08,178.72,156095848.21975198
2019-04-09,174.6,75424818.644568
2019-04-10,177.12,92800820.4660576
2019-04-11,164.07,108500361.0976647
2019-04-12,163.19,51623178.34835369
2019-04-13,162.99,29213960.178162605
2019-04-14,167.23,31268274.434655298
2019-04-15,159.95,56230247.818605
2019-04-16,165.37,39750070.3142817
2019-04-17,165.75,37764736.8810075
2019-04-18,173.33,68659296.5756531
2019-04-19,172.64,55338322.82738239
2019-04-20,172.88,43841760.1660216
2019-04-21,168.59,47786909.58350371
2019-04-22,170.52,46017959.3565552
2019-04-23,169.16,61493609.0926396
2019-04-24,164.78,70278182.50331339
2019-04-25,154.72,65393496.0513808
2019-04-26,157.95,79031208.53399849
2019-04-27,159.31,34397998.2866902
2019-04-28,157.85,24147309.2407085
2019-04-29,155.11,37783547.2062878
2019-04-30,161.83,49367252.375949904
2019-05-01,160.19,30839398.7700497
2019-05-02,161.81,46847072.6666525
2019-05-03,168.06,69973045.0179138
2019-05-04,163.7,51226409.117313
2019-05-05,163.05,28701545.480572503
2019-05-06,173.0,87629368.70094
2019-05-07,169.18,123923821.92323981
2019-05-08,170.85,50646140.802563995
2019-05-09,170.9,48649076.67030401
2019-05-10,172.91,73580768.1197111
2019-05-11,190.2,168382611.415878
2019-05-12,188.11,154884559.86920282
2019-05-13,195.84,131068948.71260162
2019-05-14,216.4,187015261.704892
2019-05-15,248.1,142582399.948887
2019-05-16,264.25,458040616.1338
2019-05-17,244.3,373752754.60181403
2019-05-18,233.6,157263748.117952
2019-05-19,259.51,213799665.5481242
2019-05-20,250.37,166969204.8367917
2019-05-21,253.43,147052680.8450279
2019-05-22,243.64,144441719.652022
2019-05-23,244.56,146783418.6383808
2019-05-24,248.87,111261545.86366521
2019-05-25,250.22,83209256.5927082
2019-05-26,264.45,119026359.535818
2019-05-27,270.53,171911941.2068812
2019-05-28,271.03,110971524.2872492
2019-05-29,268.83,103072771.0008027
2019-05-30,254.56,271432107.95954716
2019-05-31,267.9,161317022.42667598
2019-06-01,264.33,120449097.74374288
2019-06-02,268.88,81077040.17870559
2019-06-03,249.91,99304400.7287525
2019-06-04,241.39,152998464.56071937
2019-06-05,245.63,82520228.55009009
2019-06-06,248.76,74025788.6922984
2019-06-07,248.77,87910008.45213601
2019-06-08,243.25,45840043.49701
2019-06-09,230.98,73204920.18665239
2019-06-10,246.51,77567459.37546869
2019-06-11,244.29,58020933.8712342
2019-06-12,261.15,87876792.61284
2019-06-13,254.67,74301810.2878545
2019-06-14,262.47,85928290.12102921
2019-06-15,267.82,76755867.6212678
2019-06-16,267.73,122667605.68604282
2019-06-17,273.16,92677087.53684121
2019-06-18,264.66,84675731.03586961
2019-06-19,268.14,55873855.85681339
2019-06-20,271.22,54438674.582914
2019-06-21,294.35,153008448.63075453
2019-06-22,310.79,225712689.07888192
2019-06-23,308.52,129211886.71504438
2019-06-24,311.64,109943871.2706096
2019-06-25,318.26,109977814.3585822
2019-06-26,339.39,342292221.3662019
2019-06-27,298.35,303370171.05915004
2019-06-28,311.05,164599721.139281
2019-06-29,317.62,135164830.7577168
2019-06-30,292.7,143138661.956045
2019-07-01,295.07,144516219.7411447
2019-07-02,291.48,143924944.0684692
2019-07-03,301.14,111578984.95266178
2019-07-04,282.73,76560843.6951694
2019-07-05,287.47,75069709.80187272
2019-07-06,288.29,56523477.09804451
2019-07-07,304.72,74995055.43228401
2019-07-08,311.97,90348802.4119869
2019-07-09,307.46,95142682.0065542
2019-07-10,289.23,132201520.45841491
2019-07-11,268.63,134742860.9993093
2019-07-12,274.62,73250639.95974061
2019-07-13,268.79,55359791.7774271
2019-07-14,225.85,121970876.1438285
2019-07-15,228.2,163389193.41001597
2019-07-16,198.88,142319488.9841824
2019-07-17,210.81,146482193.0992692
2019-07-18,225.73,137487964.9498862
2019-07-19,220.73,82028172.32261449
2019-07-20,228.2,74254904.46745
2019-07-21,225.38,60863001.715222
2019-07-22,217.51,59012726.07409459
2019-07-23,212.48,67542394.9846016
2019-07-24,216.31,71633792.47540401
2019-07-25,219.14,61440346.724607795
2019-07-26,218.81,43276676.4726293
2019-07-27,207.3,62440710.92724901
2019-07-28,211.62,46302702.9457266
2019-07-29,210.89,47859646.53919999
2019-07-30,209.58,46670069.53184941
2019-07-31,218.42,45259585.0282036
2019-08-01,216.84,40507053.9013296
2019-08-02,217.61,45016334.4831679
2019-08-03,222.14,40338836.4305344
2019-08-04,221.79,30079609.102182
2019-08-05,233.54,71920107.7885694
2019-08-06,226.28,77224630.58218521
2019-08-07,226.1,63105573.506570004
2019-08-08,221.39,52444269.9629797
2019-08-09,210.53,48856039.717312105
2019-08-10,206.48,52159743.6528072
2019-08-11,216.42,40789562.6616816
2019-08-12,211.41,25952891.6340279
2019-08-13,209.3,34936875.484693006
2019-08-14,187.1,60850343.899900995
2019-08-15,188.03,44742320.313707806
2019-08-16,184.88,52168886.6884992
2019-08-17,185.59,25759820.5626972
2019-08-18,194.33,34078390.159846
2019-08-19,202.28,48454474.402984
2019-08-20,196.6,37215938.621204
2019-08-21,187.45,53418309.181653
2019-08-22,190.35,46745389.262502
2019-08-23,194.02,37358262.9811904
2019-08-24,190.6,31983888.964364
2019-08-25,186.54,31686228.2051388
2019-08-26,188.67,47997231.9298224
2019-08-27,187.24,29564926.93612
2019-08-28,173.03,57875181.2650583
2019-08-29,169.01,49898717.91616
2019-08-30,168.5,40206912.04258
2019-08-31,171.57,33456012.028553102
2019-09-01,170.74,32635333.013123203
2019-09-02,178.05,52458392.9852835
2019-09-03,178.75,58604591.486512505
2019-09-04,174.72,50009450.69877119
2019-09-05,173.75,40440978.99805
2019-09-06,169.08,53399247.98334721
2019-09-07,177.62,45085503.3727778
2019-09-08,181.19,52560224.8370619
2019-09-09,180.54,49419204.93468719
2019-09-10,179.81,42864458.1713019
2019-09-11,178.28,49660868.67102239
2019-09-12,180.72,36784315.6517736
2019-09-13,180.95,47847258.71976049
2019-09-14,188.13,52558223.173689894
2019-09-15,189.03,54616174.8212781
2019-09-16,197.22,108669564.4211292
2019-09-17,207.84,148785012.93340802
2019-09-18,210.21,113309183.1144273
2019-09-19,220.24,185961586.858172
2019-09-20,218.03,95454433.7422207
2019-09-21,215.05,89867572.27921
2019-09-22,211.2,94066145.790144
2019-09-23,201.29,78993657.9893836
2019-09-24,165.81,245103463.7280834
2019-09-25,169.96,149395088.5036148
2019-09-26,165.92,129408005.09196159
2019-09-27,173.79,110345000.3470953
2019-09-28,173.49,90522825.5841957
2019-09-29,169.24,69533120.80666241
2019-09-30,180.85,104946423.035745
2019-10-01,175.66,107147774.1226822
2019-10-02,180.24,62771845.263888
2019-10-03,174.69,61972462.7332182
2019-10-04,175.55,58615730.484318
2019-10-05,176.25,49083618.871387504
2019-10-06,170.1,53570000.608929
2019-10-07,179.85,89299747.946343
2019-10-08,180.6,72390327.517368
2019-10-09,192.62,108350064.03245181
2019-10-10,191.14,83449542.04515278
2019-10-11,180.72,112352473.0395
2019-10-12,179.68,52181806.79787841
2019-10-13,180.99,44811175.1557869
2019-10-14,186.72,52231717.0275264
2019-10-15,180.49,73182627.1229341
2019-10-16,174.47,60674548.1379173
2019-10-17,177.16,52934667.435768
2019-10-18,172.74,55208133.272719204
2019-10-19,171.79,51007668.671365395
2019-10-20,175.22,52415498.5517344
2019-10-21,173.98,47080469.239622995
2019-10-22,171.2,43729516.060288
2019-10-23,162.35,121268160.170041
2019-10-24,160.38,62116912.1439108
2019-10-25,181.5,164227164.19708502
2019-10-26,179.49,217494752.53841162
2019-10-27,183.75,133112800.7146875
2019-10-28,181.72,105793648.827174
2019-10-29,190.46,100937039.698484
2019-10-30,183.13,98481898.9484528
2019-10-31,182.18,74870489.2842672
2019-11-01,182.85,60618389.876845494
2019-11-02,182.91,32898996.9266049
2019-11-03,181.54,42230111.0076638
2019-11-04,185.71,59645463.3547514
2019-11-05,188.68,73522680.353696
2019-11-06,191.16,65609920.36598399
2019-11-07,186.68,57848787.0789608
2019-11-08,183.74,67070566.3146098
2019-11-09,184.89,35512447.3095516
2019-11-10,188.96,51952763.3953408
2019-11-11,184.98,47277176.2449642
2019-11-12,187.09,48041462.4693371
2019-11-13,188.11,37109182.0442811
2019-11-14,184.92,45398840.02237319
2019-11-15,180.0,73344022.1352
2019-11-16,182.37,31513814.2528512
2019-11-17,183.82,36560407.806104
2019-11-18,178.2,52310830.312224
2019-11-19,175.94,48539495.635134004
2019-11-20,174.72,37794719.8294848
2019-11-21,161.01,76301983.6764192
2019-11-22,149.56,146266275.7063064
2019-11-23,151.84,56138451.763264
2019-11-24,139.96,49310597.4125768
2019-11-25,145.69,109220210.92434071
2019-11-26,147.47,52207778.1482606
2019-11-27,152.62,86199230.902408
2019-11-28,150.72,47885938.9745472
2019-11-29,154.57,50809053.345000595
2019-11-30,151.37,34340314.8242963
2019-12-01,150.73,51877971.1748424
2019-12-02,148.65,34760181.813645
2019-12-03,147.17,28893772.047665097
2019-12-04,145.38,63166223.8322298
2019-12-05,148.1,44292791.232532
2019-12-06,148.45,32759157.108494498
2019-12-07,147.14,20669003.860383198
2019-12-08,150.44,30885573.095144
2019-12-09,147.38,35927705.7731762
2019-12-10,145.56,29580099.0342972
2019-12-11,143.39,22633122.8030076
2019-12-12,144.87,37900209.1440819
2019-12-13,144.8,23268662.869088005
2019-12-14,141.79,17898519.221097898
2019-12-15,142.46,21538478.788374204
2019-12-16,132.73,62518333.21081659
2019-12-17,121.88,68649807.0380188
2019-12-18,132.78,117505110.07328519
2019-12-19,128.1,53888444.08332
2019-12-20,128.19,27419516.333187
2019-12-21,126.99,17168554.822905898
2019-12-22,132.09,33437358.2503317
2019-12-23,127.8,53880576.687089995
2019-12-24,127.75,25631389.650195
2019-12-25,125.09,28145811.766681
2019-12-26,125.58,34532807.3034126
2019-12-27,126.29,30311162.7768679
2019-12-28,128.11,25224029.202064704
2019-12-29,134.36,42504418.748437606
2019-12-30,131.59,42154490.6219004
2019-12-31,129.16,34218873.396688804
2020-01-01,130.77,18931641.1580169
2020-01-02,127.19,27187760.214651402
2020-01-03,134.35,55493964.6354325
2020-01-04,134.2,24729862.150884
2020-01-05,135.37,34400285.7808191
2020-01-06,144.15,58816122.4610625
2020-01-07,142.8,63940438.27726801
2020-01-08,140.72,80275916.0855008
2020-01-09,137.74,50423317.2881406
2020-01-10,144.84,59298016.7099388
2020-01-11,142.38,52445755.4935482
2020-01-12,146.54,33637064.365159795
2020-01-13,143.58,29864154.505767003
2020-01-14,165.64,183608016.2964904
2020-01-15,166.4,120088850.553984
2020-01-16,164.21,74907818.1012699
2020-01-17,169.85,130305638.2483205
2020-01-18,174.14,119944702.93385479
2020-01-19,166.79,104190591.6986116
2020-01-20,166.87,59754959.569767006
2020-01-21,169.49,52204214.106997006
2020-01-22,168.07,45755528.54368019
2020-01-23,162.81,60795590.2990785
2020-01-24,162.54,69894345.3687108
2020-01-25,160.35,35264436.8933895
2020-01-26,167.86,42230648.115378805
2020-01-27,170.08,62231390.8444336
2020-01-28,175.64,83153929.50924759
2020-01-29,173.72,55135757.6676892
2020-01-30,184.69,88230413.551621
2020-01-31,179.99,69403520.09166351
2020-02-01,183.6,47620355.688071996
2020-02-02,188.44,104135926.9036436
2020-02-03,189.69,79134107.43697889
2020-02-04,188.91,69214677.6338226
2020-02-05,203.78,112270984.0255626
2020-02-06,213.19,129670733.20532699
2020-02-07,223.33,140555226.6702178
2020-02-08,223.05,122354495.6406825
2020-02-09,228.49,80048328.3892751
2020-02-10,222.89,113766510.68132609
2020-02-11,236.69,140967097.1142644
2020-02-12,265.74,275857717.7456868
2020-02-13,268.32,292382710.52078396
2020-02-14,285.15,209569373.60649896
2020-02-15,264.88,228012185.2489712
2020-02-16,258.85,287354164.39345753
2020-02-17,267.85,297412977.06327903
2020-02-18,282.61,315258079.3557912
2020-02-19,258.45,182458910.487486
2020-02-20,256.96,250014298.45719358
2020-02-21,265.27,139486359.976818
2020-02-22,261.57,81887763.7042881
2020-02-23,274.48,122072462.69725841
2020-02-24,265.52,184959036.10446158
2020-02-25,246.67,191117698.50330088
2020-02-26,223.93,312579277.41662514
2020-02-27,227.79,290157334.02575815
2020-02-28,226.76,239230648.95943716
2020-02-29,217.21,118784912.670571
2020-03-01,217.81,155737639.18769208
2020-03-02,231.97,187907642.581101
2020-03-03,223.91,166028939.9386575
2020-03-04,224.26,99522178.5370872
2020-03-05,228.38,137365974.05119058
2020-03-06,244.88,153820717.117416
2020-03-07,237.23,150344250.7451626
2020-03-08,199.43,255065692.56567633
2020-03-09,202.81,336934709.5638393
2020-03-10,200.7,204766203.47489998
2020-03-11,194.61,210144724.1139987
2020-03-12,107.82,411282963.20439714
2020-03-13,134.06,625153944.8294566
2020-03-14,122.54,151664680.58190683
2020-03-15,123.78,162517062.57157862
2020-03-16,111.02,271117961.32016957
2020-03-17,115.67,149805198.436816
2020-03-18,118.11,141950540.4389025
2020-03-19,136.3,245486002.946208
2020-03-20,133.48,334241613.5189052
2020-03-21,132.66,163416174.4731186
2020-03-22,122.32,129133207.5259424
2020-03-23,135.92,195289329.24068078
2020-03-24,138.42,172246686.9495228
2020-03-25,136.1,140761254.016209
2020-03-26,138.4,103946791.333168
2020-03-27,131.33,92843552.49233471
2020-03-28,130.98,117362285.23602119
2020-03-29,124.5,67727626.5
2020-03-30,132.06,101003704.3416882
2020-03-31,132.72,72686666.56156081
2020-04-01,135.69,92394339.7592043
2020-04-02,141.28,160914763.9658592
2020-04-03,141.31,112701241.4343426
2020-04-04,144.1,82642523.097926
2020-04-05,142.68,59210409.7169928
2020-04-06,171.32,280337551.412052
2020-04-07,164.63,282828219.9423094
2020-04-08,173.11,177191227.6427636
2020-04-09,169.52,122026809.6418696
2020-04-10,157.81,207495115.33721998
2020-04-11,158.33,98417866.7088737
2020-04-12,158.59,128315208.00362462
2020-04-13,156.29,162868408.0508238
2020-04-14,158.45,110602956.6335205
2020-04-15,152.73,111358446.44308649
2020-04-16,172.29,283797397.3884939
2020-04-17,170.69,123500659.55627789
2020-04-18,187.4,211255339.69864598
2020-04-19,180.03,179266596.737325
2020-04-20,170.2,263439223.958374
2020-04-21,170.74,154755603.6005452
2020-04-22,182.7,180635195.991852
2020-04-23,185.51,270448923.3334863
2020-04-24,187.59,146489821.2360063
2020-04-25,194.21,168278701.9506688
2020-04-26,197.38,149717825.4298354
2020-04-27,196.34,176043818.3578814
2020-04-28,196.24,124971498.3926728
2020-04-29,215.36,348974237.9074016
2020-04-30,206.08,360576321.59118086
2020-05-01,212.02,168537657.4345256
2020-05-02,213.9,94863510.443472
2020-05-03,209.86,157055848.0052646
2020-05-04,206.48,230070200.9522384
2020-05-05,205.29,131517942.80157718
2020-05-06,198.97,171651553.99915528
2020-05-07,212.0,276825092.37968
2020-05-08,211.31,193963180.55866402
2020-05-09,210.07,123494266.9919511
2020-05-10,187.54,276288814.30781496
2020-05-11,185.73,203058575.4330171
2020-05-12,189.76,127092859.7863392
2020-05-13,199.58,160890021.3450432
2020-05-14,203.29,226607413.6944273
2020-05-15,194.86,176299514.012502
2020-05-16,200.45,134281462.52489302
2020-05-17,207.0,146703361.88205
2020-05-18,214.91,228694165.895135
2020-05-19,214.58,138125787.27018422
2020-05-20,209.98,142688257.5254926
2020-05-21,198.74,199519743.31290802
2020-05-22,207.36,163331740.7375616
2020-05-23,206.6,98870479.484396
2020-05-24,199.9,134639658.062216
2020-05-25,204.15,95936541.22741799
2020-05-26,200.89,95860034.354417
2020-05-27,208.29,103065376.12306829
2020-05-28,220.21,141803343.7471149
2020-05-29,220.67,133076825.608853
2020-05-30,243.66,248423736.10074362
2020-05-31,231.57,190259924.07467878
2020-06-01,248.23,204496019.28213277
2020-06-02,237.71,227136877.5675373
2020-06-03,244.52,122975987.2547692
2020-06-04,243.21,162797316.98683202
2020-06-05,240.03,120626455.0695309
2020-06-06,241.94,94217019.4864812
2020-06-07,244.56,139668840.887484
2020-06-08,246.4,94399917.22761601
2020-06-09,243.8,102475764.370254
2020-06-10,247.78,106863950.217427
2020-06-11,230.51,188201478.0850211
2020-06-12,237.55,106069719.311562
2020-06-13,238.11,60431789.610099
2020-06-14,231.77,70676688.21742761
2020-06-15,230.86,202008714.8827902
2020-06-16,235.3,117460505.28157401
2020-06-17,233.82,111809752.545294
2020-06-18,231.27,77324615.51404591
2020-06-19,229.0,90978172.96032001
2020-06-20,228.89,69515034.7628314
2020-06-21,228.04,58447846.323013596
2020-06-22,243.13,182111690.9214682
2020-06-23,243.14,107539925.97317779
2020-06-24,234.58,216196916.24657202
2020-06-25,232.5,142696547.9841
2020-06-26,229.64,144292013.6908748
2020-06-27,220.94,142716328.7411172
2020-06-28,224.93,100041344.32243331
2020-06-29,227.93,136282885.02519062
2020-06-30,225.6,93632128.316112
2020-07-01,230.99,119503043.46226351
2020-07-02,226.46,134174359.43902902
2020-07-03,224.87,70739267.384948
2020-07-04,229.17,70521674.1971781
2020-07-05,227.56,80953814.6408536
2020-07-06,241.6,208939909.6912
2020-07-07,239.39,143735734.0686251
2020-07-08,246.95,236623992.46690598
2020-07-09,241.98,156716310.2325618
2020-07-10,241.26,109779361.38005099
2020-07-11,239.19,70435715.9373294
2020-07-12,242.79,113945017.304988
2020-07-13,239.5,144680283.666775
2020-07-14,240.44,102504595.2436272
2020-07-15,238.61,87892152.21859981
2020-07-16,233.57,137143367.3642158
2020-07-17,232.67,75757401.8937548
2020-07-18,235.67,80447514.21119401
2020-07-19,239.11,83402409.84175031
2020-07-20,236.01,93615235.55287379
2020-07-21,245.59,156554312.4089366
2020-07-22,263.74,189475479.70387042
2020-07-23,275.3,294233641.540887
2020-07-24,279.15,258502130.630718
2020-07-25,305.26,323248149.2891404
2020-07-26,311.0,395084682.183
2020-07-27,321.93,526716867.25663114
2020-07-28,316.77,346302959.9244306
2020-07-29,317.71,251881225.5574108
2020-07-30,334.87,337826087.3545926
2020-07-31,346.33,328351472.82616055
2020-08-01,387.0,557606373.36561
2020-08-02,372.42,865842645.5919073
2020-08-03,385.94,459872632.33590657
2020-08-04,389.61,460048536.2328219
2020-08-05,400.72,450456992.608384
2020-08-06,394.77,324255820.9788369
2020-08-07,379.34,394971599.73755634
2020-08-08,397.03,247361513.7638259
2020-08-09,390.14,232094512.80008617
2020-08-10,395.44,327016979.7591352
2020-08-11,379.0,376124376.2717
2020-08-12,387.18,291100817.725794
2020-08-13,424.54,641620366.4543281
2020-08-14,438.11,486157936.9428764
2020-08-15,432.32,294711937.498272
2020-08-16,433.62,310760820.4437396
2020-08-17,430.89,374387674.36126435
2020-08-18,421.95,313616265.887451
2020-08-19,407.46,398634290.9878866
2020-08-20,415.94,275999372.187133
2020-08-21,387.97,334041675.57103205
2020-08-22,395.24,254232503.92855322
2020-08-23,390.71,173990125.4092219
2020-08-24,407.68,292471188.8361536
2020-08-25,382.93,371612650.8759735
2020-08-26,385.81,284994289.600314
2020-08-27,383.27,336420507.3190166
2020-08-28,395.11,289458166.4363455
2020-08-29,398.65,263030319.82085598
2020-08-30,428.94,383892600.1874472
2020-08-31,433.79,451466373.7188899
2020-09-01,475.4,832593965.996126
2020-09-02,439.5,826542364.918935
2020-09-03,381.4,918628346.851914
2020-09-04,385.26,695967653.4633324
2020-09-05,335.01,930378553.8182889
2020-09-06,352.8,711883772.7356881
2020-09-07,353.59,615465268.7613857
2020-09-08,337.39,472429277.84549177
2020-09-09,350.85,308663993.3706675
2020-09-10,367.93,417338440.85136414
2020-09-11,373.63,315350295.76096576
2020-09-12,387.78,297249779.43420297
2020-09-13,366.42,362461084.9020174
2020-09-14,377.12,392981524.893768
2020-09-15,364.06,321776735.518003
2020-09-16,365.11,307316734.22618294
2020-09-17,389.36,489153128.0269601
2020-09-18,384.39,309124313.1651141
2020-09-19,385.25,219942436.2629325
2020-09-20,371.04,257191719.51029763
2020-09-21,340.36,437003871.10435283
2020-09-22,344.21,290076481.8373638
2020-09-23,320.72,301766890.45744324
2020-09-24,348.97,373992927.7733737
2020-09-25,351.92,302877758.7901408
2020-09-26,353.92,187888769.13609603
2020-09-27,357.49,203615061.08607092
2020-09-28,353.96,268216174.02438396
2020-09-29,359.79,210528660.7457268
2020-09-30,359.83,179534743.2641158
2020-10-01,352.85,267583557.41733152
2020-10-02,345.6,253522428.633216
2020-10-03,345.95,105028938.9915095
2020-10-04,352.37,121191642.0055744
2020-10-05,353.62,133222907.3330504
2020-10-06,340.75,218101559.08553252
2020-10-07,341.58,185112061.28314078
2020-10-08,350.95,221728411.59182
2020-10-09,365.02,237437550.14756757
2020-10-10,370.52,218979291.6443708
2020-10-11,374.16,139680751.8515064
2020-10-12,386.51,326377800.1676044
2020-10-13,381.04,245824874.8876976
2020-10-14,378.69,215685854.40033838
2020-10-15,377.64,239438146.0183092
2020-10-16,365.5,239047732.55662
2020-10-17,368.32,105184179.33467841
2020-10-18,378.11,122306663.5509045
2020-10-19,379.3,218952025.97514498
2020-10-20,368.52,227491013.6760804
2020-10-21,390.38,476913050.9399792
2020-10-22,413.98,453679525.6172466
2020-10-23,409.11,297763481.417064
2020-10-24,412.14,172784284.0386684
2020-10-25,405.86,168670130.119946
2020-10-26,392.52,351361401.8725032
2020-10-27,403.45,304306899.462933
2020-10-28,388.23,332043595.2599886
2020-10-29,387.13,221862659.96176082
2020-10-30,382.49,295186943.3959754
2020-10-31,386.46,180652199.60582998
2020-11-01,396.67,174119468.9176855
2020-11-02,383.02,298743565.34690136
2020-11-03,387.88,292055941.4777832
2020-11-04,402.49,465706830.53739244
2020-11-05,416.69,614675992.1863798
2020-11-06,455.91,767041658.1921366
2020-11-07,435.21,719583436.7886809
2020-11-08,454.3,382024717.198663
2020-11-09,444.32,488402429.64489114
2020-11-10,450.34,390387321.6057672
2020-11-11,463.09,558385976.5888958
2020-11-12,462.39,458125205.53879684
2020-11-13,476.43,465312552.4114536
2020-11-14,460.89,338870656.26300603
2020-11-15,448.08,298070687.2914168
2020-11-16,460.55,373994438.580309
2020-11-17,482.15,555231102.544104
2020-11-18,478.41,706944682.6538557
2020-11-19,471.25,385208480.7780625
2020-11-20,510.12,773526536.1824832
2020-11-21,552.35,855508010.4015745
2020-11-22,560.03,1036233553.5916742
2020-11-23,608.58,1263417464.995787
2020-11-24,604.97,971854354.1028922
2020-11-25,569.5,694471095.530265
2020-11-26,519.83,1394943397.3631096
2020-11-27,518.68,564357181.3416952
2020-11-28,537.52,484041390.36391115
2020-11-29,576.3,492895827.72463197
2020-11-30,616.66,926216816.7529728
2020-12-01,585.26,1266429958.7611775
2020-12-02,596.89,638396928.493249
2020-12-03,615.85,576243403.8260956
2020-12-04,567.24,596993318.7050184
2020-12-05,596.8,418695755.92595196
2020-12-06,601.54,362426023.3576206
2020-12-07,591.28,294652193.3762392
2020-12-08,554.94,446417602.3989198
2020-12-09,573.09,571480859.2038043
2020-12-10,558.99,340097629.5497934
2020-12-11,544.43,418624086.411243
2020-12-12,568.04,326006081.92460436
2020-12-13,590.7,388559188.45530605
2020-12-14,586.29,289048021.34500736
2020-12-15,588.64,335095398.9575504
2020-12-16,637.18,755432994.1960003
2020-12-17,642.7,1289339763.693325
2020-12-18,653.85,653858487.090693
2020-12-19,658.03,565118720.1767577
2020-12-20,638.18,525833662.2194574
2020-12-21,607.58,512342543.225627
2020-12-22,636.45,584802882.2248831
2020-12-23,585.56,707829240.7548007
2020-12-24,612.31,542712312.4755923
2020-12-25,626.82,500208395.7438031
2020-12-26,637.44,611040745.2442368
2020-12-27,685.11,1274282779.4451818
2020-12-28,730.41,1188489839.9427905
2020-12-29,732.0,810233494.4586
2020-12-30,752.17,758619180.0899602
2020-12-31,736.42,635807044.4836801
2021-01-01,728.91,492097413.7400139
2021-01-02,774.56,1047684244.7532607
2021-01-03,978.28,2752492409.742822
2021-01-04,1041.43,4420881743.285857
2021-01-05,1099.56,2976504164.67789
2021-01-06,1208.42,2888288862.1239233
2021-01-07,1224.87,2416573975.256073
2021-01-08,1216.93,2593488265.6853313
2021-01-09,1276.0,1848759542.91864
2021-01-10,1254.25,2447266699.7751274
2021-01-11,1087.01,4456144123.309025
2021-01-12,1050.16,2418146030.8004837
2021-01-13,1129.89,1767376639.3523111
2021-01-14,1231.62,1916077278.8034072
2021-01-15,1168.53,2271667702.6436515
2021-01-16,1227.83,1934304274.4727051
2021-01-17,1232.45,1623487905.3858857
2021-01-18,1258.45,1255996161.8481684
2021-01-19,1365.36,3111454128.0174284
2021-01-20,1376.99,3055730313.3466654
2021-01-21,1110.96,2566549316.237861
2021-01-22,1232.62,2490623610.8057323
2021-01-23,1233.6,1245374813.870688
2021-01-24,1392.51,2103914865.6971068
2021-01-25,1317.88,2484785397.4314733
2021-01-26,1365.97,2298823229.1046004
2021-01-27,1239.03,2490167904.7181273
2021-01-28,1329.69,1815385493.481518
2021-01-29,1379.5,3109342216.2181897
2021-01-30,1378.05,1433230203.7332149
2021-01-31,1312.55,1258348058.3621604
2021-02-01,1374.17,1506637127.8300452
2021-02-02,1511.87,2939419984.515518
2021-02-03,1664.49,2556440069.893765
2021-02-04,1595.67,2627274372.3047457
2021-02-05,1719.19,2052924835.1986372
2021-02-06,1676.35,1927481195.6886134
2021-02-07,1611.62,2065669548.1917865
2021-02-08,1750.15,2344810883.444304
2021-02-09,1769.13,2096546243.2466412
2021-02-10,1740.78,2123633670.4062972
2021-02-11,1785.62,1312573240.6698837
2021-02-12,1840.26,1673900876.0688977
2021-02-13,1814.96,1393143463.659836
2021-02-14,1800.42,1215754811.6610668
2021-02-15,1779.25,1874394644.3121073
2021-02-16,1781.99,1456765197.7469087
2021-02-17,1849.88,1471971035.857527
2021-02-18,1939.61,1817855059.135655
2021-02-19,1955.0,1551105624.4825
2021-02-20,1913.0,2412897149.86727
2021-02-21,1933.53,1462847306.7768278
2021-02-22,1777.58,3212522533.308204
2021-02-23,1577.89,4020207818.872765
2021-02-24,1623.39,2247402962.0679455
2021-02-25,1481.75,1530159949.1428576
2021-02-26,1444.59,1958825460.4616501
2021-02-27,1458.13,1352303368.2511752
2021-02-28,1419.18,2001338369.0312712
2021-03-01,1569.86,1718518172.7473254
2021-03-02,1486.78,1577685278.7831752
2021-03-03,1567.69,1653672019.1077201
2021-03-04,1539.23,1456674431.5886223
2021-03-05,1528.31,1391963794.5031054
2021-03-06,1650.35,1672301205.140748
2021-03-07,1726.16,1464596323.9523778
2021-03-08,1833.18,2107627944.013687
2021-03-09,1870.51,1603456311.9225605
2021-03-10,1795.12,1682441445.491847
2021-03-11,1825.78,1659655009.349458
2021-03-12,1766.1,1535738103.81621
2021-03-13,1922.35,1780640560.308487
2021-03-14,1848.1,1179020596.190587
2021-03-15,1793.48,1838903103.1302984
2021-03-16,1805.12,1380904888.8615265
2021-03-17,1823.58,1200552887.1679792
2021-03-18,1776.08,1072257878.0834047
2021-03-19,1809.1,905017523.451625
2021-03-20,1806.1,815555483.750979
2021-03-21,1782.98,830786640.6149203
2021-03-22,1680.97,979547430.2268857
2021-03-23,1668.08,962839122.2641912
2021-03-24,1581.84,1192445603.3334312
2021-03-25,1585.74,1112709004.8712091
2021-03-26,1698.84,875702633.1412787
2021-03-27,1712.63,760143117.9285691
2021-03-28,1687.01,588590219.6223114
2021-03-29,1816.74,1176746942.4911838
2021-03-30,1840.46,1046930957.0008197
2021-03-31,1919.37,1433761442.080767
2021-04-01,1968.05,1459476502.2485127
2021-04-02,2133.69,1805524065.8491335
2021-04-03,2008.52,1546914546.1027584
2021-04-04,2075.69,1067622362.0737226
2021-04-05,2107.38,1443394327.6522572
2021-04-06,2112.21,1422332760.8157077
2021-04-07,1963.47,1753349069.8888435
2021-04-08,2080.46,1043051099.5990801
2021-04-09,2066.87,881287403.772373
2021-04-10,2133.49,1398413534.1914005
2021-04-11,2151.36,843904322.7100129
2021-04-12,2137.69,1237922078.1970685
2021-04-13,2299.19,1799365915.087071
2021-04-14,2432.6,2366753431.226316
2021-04-15,2514.04,1714452007.6939578
2021-04-16,2422.67,2420644047.1789737
2021-04-17,2317.6,1446720675.7639678
2021-04-18,2235.64,3298426797.2723055
2021-04-19,2161.12,1773398356.925416
2021-04-20,2330.03,2311950852.19427
2021-04-21,2357.06,2776347649.1786017
2021-04-22,2397.94,5325232682.523232
2021-04-23,2367.39,5994805434.411271
2021-04-24,2213.35,2208234829.1381702
2021-04-25,2320.49,1989860510.1748679
2021-04-26,2532.6,2726265424.020642
2021-04-27,2666.13,2057528411.0840464
2021-04-28,2748.24,2746544844.8940477
2021-04-29,2757.04,2381779315.0727577
2021-04-30,2772.42,1927772318.2270644
2021-05-01,2944.77,2032657168.1546457
2021-05-02,2949.56,1687096833.9554198
2021-05-03,3431.04,4560154306.989312
2021-05-04,3239.01,5914559830.287477
2021-05-05,3524.26,4140359629.592449
2021-05-06,3489.73,3212619533.943594
2021-05-07,3479.53,2646337918.3943295
2021-05-08,3910.26,4420422036.275815
2021-05-09,3923.95,3925523536.12639
2021-05-10,3945.88,5942092508.718386
2021-05-11,4173.45,4573796972.314004
2021-05-12,3823.21,6124181182.645346
2021-05-13,3717.91,7691270808.200175
2021-05-14,4075.01,4700077521.117514
2021-05-15,3646.68,3789538254.388677
2021-05-16,3582.1,4742935596.208375
2021-05-17,3282.51,6249939874.35875
2021-05-18,3375.07,4344089187.585151
2021-05-19,2438.92,10511345996.086658
2021-05-20,2768.62,8147433832.833462
2021-05-21,2430.98,6629360093.686638
2021-05-22,2294.87,3865290875.211646
2021-05-23,2096.39,6110030814.705188
2021-05-24,2648.43,5791144230.804253
2021-05-25,2705.11,5722253097.982739
2021-05-26,2884.94,4569166796.4158
2021-05-27,2742.23,3013792795.748294
2021-05-28,2412.1,3749813546.5128016
2021-05-29,2278.74,3143355911.545277
2021-05-30,2385.98,2746533070.144403
2021-05-31,2706.15,3539530651.7861824
2021-06-01,2634.57,3107678461.5816345
2021-06-02,2706.22,2625224284.9326186
2021-06-03,2857.25,2926655157.538667
2021-06-04,2689.51,3195982687.1230645
2021-06-05,2627.73,2527414105.7001247
2021-06-06,2711.92,1827271881.871785
2021-06-07,2592.05,2986373586.0314484
2021-06-08,2507.23,4246614362.876476
2021-06-09,2610.18,3332464415.9703193
2021-06-10,2471.09,1831664572.0463934
2021-06-11,2354.01,1382661373.6500561
2021-06-12,2370.74,1819399516.436816
2021-06-13,2509.33,1796551701.5794938
2021-06-14,2580.77,1765720396.3858895
2021-06-15,2543.54,1525683075.6368282
2021-06-16,2367.89,1479319821.9212463
2021-06-17,2373.28,1330621167.695165
2021-06-18,2234.09,1740144322.6691575
2021-06-19,2164.67,1075564453.34256
2021-06-20,2243.47,1668880646.4549124
2021-06-21,1885.49,3073008681.5938225
2021-06-22,1879.28,3186014947.9596257
2021-06-23,1968.14,1807957621.8446116
2021-06-24,1989.52,1395114441.6083057
2021-06-25,1808.82,1553430077.1964493
2021-06-26,1829.64,1522837089.2895458
2021-06-27,1982.28,1379777477.4867997
2021-06-28,2084.41,2176634059.858783
2021-06-29,2165.33,1799946223.833864
2021-06-30,2275.68,2072196894.1301758
2021-07-01,2106.41,1659567244.1382816
2021-07-02,2154.13,1448183631.9417589
2021-07-03,2226.99,1267747019.17899
2021-07-04,2322.69,1371911366.9151561
2021-07-05,2196.53,1717261027.3933067
2021-07-06,2322.5,1823929323.3552
2021-07-07,2316.57,1543997045.6202805
2021-07-08,2116.33,1862931314.7274492
2021-07-09,2146.99,1585791210.3332493
2021-07-10,2110.69,1053385982.1571376
2021-07-11,2140.45,732664054.944159
2021-07-12,2031.58,1098333313.6323235
2021-07-13,1940.15,1256030312.6360536
2021-07-14,1994.58,1377268678.3372145
2021-07-15,1919.51,1238604762.2600412
2021-07-16,1876.26,1082731289.1355224
2021-07-17,1899.59,817394556.7705302
2021-07-18,1891.64,1011720266.7845256
2021-07-19,1818.73,995609063.3113083
2021-07-20,1786.03,1404279075.51016
2021-07-21,1995.5,2226877866.468515
2021-07-22,2024.56,1556591795.0265038
2021-07-23,2124.25,1504310819.907585
2021-07-24,2184.75,1383111012.43872
2021-07-25,2189.79,1172917808.9433
2021-07-26,2228.08,3105360126.2170396
2021-07-27,2299.49,2084163996.7842622
2021-07-28,2300.9,1652512310.040543
2021-07-29,2382.92,1189946452.5228832
2021-07-30,2461.81,1877320393.2974255
2021-07-31,2531.05,1284763638.2605731
2021-08-01,2555.69,2181271040.8920383
2021-08-02,2606.93,1894460852.5691736
2021-08-03,2509.04,1989570475.4025
2021-08-04,2724.78,2601049793.5942082
2021-08-05,2826.99,3696911946.686514
2021-08-06,2891.58,2386708646.797765
2021-08-07,3160.31,3809049274.9032946
2021-08-08,3011.85,2910500361.3836117
2021-08-09,3160.52,3570074771.002793
2021-08-10,3141.66,2766783759.2459536
2021-08-11,3160.5,2315213542.984965
2021-08-12,3045.96,2246786778.173357
2021-08-13,3322.32,1924730952.2190938
2021-08-14,3263.16,1586230357.4758692
2021-08-15,3307.09,1870422896.1595385
2021-08-16,3146.53,2000145456.114857
2021-08-17,3011.72,2424422763.067001
2021-08-18,3014.55,1884405019.4101439
2021-08-19,3184.12,2021183603.2107687
2021-08-20,3284.82,1833348228.047028
2021-08-21,3223.43,1357567177.8963811
2021-08-22,3238.0,1316179249.83652
2021-08-23,3321.28,1999754133.5958593
2021-08-24,3170.62,1713656946.5887887
2021-08-25,3226.87,1560829579.2576027
2021-08-26,3093.2,1368117638.910704
2021-08-27,3273.45,1476416975.1842294
2021-08-28,3244.48,851222905.8048608
2021-08-29,3223.47,1082463089.829969
2021-08-30,3229.64,2019646574.5551524
2021-08-31,3429.2,2959643522.150864
2021-09-01,3826.82,3236571125.075798
2021-09-02,3785.82,1988183187.441672
2021-09-03,3938.11,2583021146.0151334
2021-09-04,3885.52,1416187022.102536
2021-09-05,3950.29,1444857516.1743128
2021-09-06,3926.77,1561945720.211091
2021-09-07,3434.57,4133628646.6982517
2021-09-08,3499.0,2731360568.1843
2021-09-09,3424.93,2152753050.8456826
2021-09-10,3208.86,2031292663.595874
2021-09-11,3267.21,1351070323.395681
2021-09-12,3404.21,1391841758.519495
2021-09-13,3285.35,2128432789.373465
2021-09-14,3434.37,1283200500.4423618
2021-09-15,3613.55,1548433377.08169
2021-09-16,3567.98,1669762875.389362
2021-09-17,3399.81,1356144670.909605
2021-09-18,3435.64,1082785794.042628
2021-09-19,3328.62,1041684976.087206
2021-09-20,2977.28,2732963148.2467074
2021-09-21,2765.9,2687126862.119119
2021-09-22,3076.92,2084482987.05339
2021-09-23,3152.5,1447923974.9845
2021-09-24,2928.53,2729656121.206168
2021-09-25,2921.73,1437415261.051098
2021-09-26,3059.37,2152555838.1588597
2021-09-27,2925.59,1492433367.939321
2021-09-28,2804.91,1434221908.0697129
2021-09-29,2850.45,1172404591.7951849
2021-09-30,3000.61,1520999490.6243322
2021-10-01,3309.91,2147186991.665641
2021-10-02,3387.76,1431501989.2833362
2021-10-03,3417.73,1232388633.268565
2021-10-04,3386.31,1643053331.25102
2021-10-05,3515.27,1384667952.765086
2021-10-06,3574.89,2210231297.005578
2021-10-07,3587.47,1743877630.200477
2021-10-08,3563.13,1438069090.631781
2021-10-09,3574.82,1293751493.0397482
2021-10-10,3414.22,1981011122.701444
2021-10-11,3542.12,1748113728.6698399
2021-10-12,3491.46,1429324090.082028
2021-10-13,3607.42,1419386736.2867239
2021-10-14,3790.82,1826773971.467786
2021-10-15,3868.99,1951215737.89068
2021-10-16,3829.96,1431362735.152804
2021-10-17,3846.85,1419099053.138235
2021-10-18,3744.96,1504799727.584064
2021-10-19,3877.03,1323107717.4582691
2021-10-20,4161.15,2236131675.4131174
2021-10-21,4052.99,3236582274.111069
2021-10-22,3972.2,1840012584.51016
2021-10-23,4167.12,1360885381.9719121
2021-10-24,4082.33,1429288391.391938
2021-10-25,4220.37,1466319669.649758
2021-10-26,4131.52,1712507437.5900483
2021-10-27,3922.0,2763457868.5
2021-10-28,4286.02,2684670802.1431103
2021-10-29,4418.89,2471180613.44683
2021-10-30,4322.68,1470675455.90492
2021-10-31,4287.21,1770001612.049853
2021-11-01,4319.43,1803883411.732839
2021-11-02,4589.89,2148916699.5886693
2021-11-03,4603.35,2065331421.2266877
2021-11-04,4532.32,1668882970.339624
2021-11-05,4474.24,1367559171.379456
2021-11-06,4518.0,1455492211.6014001
2021-11-07,4612.59,1123611219.0535681
2021-11-08,4807.98,1880412123.1861188
2021-11-09,4732.33,1473020906.7667532
2021-11-10,4628.78,2562478682.917111
2021-11-11,4719.0,1433108280.1035
2021-11-12,4665.46,2153483220.41659
2021-11-13,4644.28,1025088551.9335079
2021-11-14,4626.5,1134922400.3261
2021-11-15,4563.78,1713341863.9311779
2021-11-16,4209.76,3097781629.53488
2021-11-17,4287.8,2027495595.4127603
2021-11-18,3996.9,2305992204.7305303
2021-11-19,4294.76,1803992849.4399722
2021-11-20,4412.17,1613021307.51426
2021-11-21,4258.31,1448703975.7966933
2021-11-22,4085.97,2118580894.866786
2021-11-23,4339.44,2181921594.8654876
2021-11-24,4269.36,1915777235.3624158
2021-11-25,4524.85,2017486921.14849
2021-11-26,4041.2,2910654745.4414396
2021-11-27,4095.29,1127541944.909858
2021-11-28,4294.78,1488018246.4563777
2021-11-29,4444.53,1808395826.060652
2021-11-30,4630.26,3440396464.8672123
2021-12-01,4582.95,2329047447.105975
2021-12-02,4511.21,2038444167.759945
2021-12-03,4215.73,2858158981.4206066
2021-12-04,4117.25,4577447981.662975
2021-12-05,4196.44,2250657534.8889713
2021-12-06,4347.59,3159580441.987242
2021-12-07,4306.4,1811916727.7064
2021-12-08,4436.91,1905226613.684541
2021-12-09,4105.64,1897518874.8300402
2021-12-10,3897.94,2195462344.361774
2021-12-11,4089.37,1749650998.6233912
2021-12-12,4130.0,1076011679.8409998
2021-12-13,3781.93,2017535723.8012507
2021-12-14,3858.99,1524863483.1283379
2021-12-15,4019.08,2178614887.733284
2021-12-16,3958.11,1459671928.50141
2021-12-17,3875.42,1795756940.47495
2021-12-18,3959.93,1344765515.5001988
2021-12-19,3924.14,1200811652.33722
2021-12-20,3944.73,1447386434.710683
2021-12-21,4014.15,1368128114.127495
2021-12-22,3979.51,1206554830.2622762
2021-12-23,4111.41,1563190219.247406
2021-12-24,4046.36,934034089.980396
2021-12-25,4094.83,852244194.0778149
2021-12-26,4063.56,769269516.2478
2021-12-27,4037.23,897174955.152203
2021-12-28,3792.75,1358049952.746825
2021-12-29,3630.19,1099053227.3161252
2021-12-30,3709.27,924586477.631735
2021-12-31,3676.23,985282188.766866
2022-01-01,3765.54,580435009.1562719
2022-01-02,3828.27,592583373.5615009
2022-01-03,3765.89,889675916.443154
2022-01-04,3785.11,1091090338.737539
2022-01-05,3540.63,1408965511.984869
2022-01-06,3406.81,1692318358.918253
2022-01-07,3199.24,2142312603.728088
2022-01-08,3080.95,1234512344.2887948
2022-01-09,3151.97,869547089.6486709
2022-01-10,3082.68,1633260544.004088
2022-01-11,3239.72,1174225851.109564
2022-01-12,3371.26,1248936537.96489
2022-01-13,3240.61,1089606114.152739
2022-01-14,3307.42,943694078.17071
2022-01-15,3326.04,675519980.577912
2022-01-16,3346.88,705462822.244576
2022-01-17,3209.67,911750590.901916
2022-01-18,3159.85,945219431.9070799
2022-01-19,3084.02,1026968082.736606
2022-01-20,3001.48,1073319361.7251761
2022-01-21,2568.15,2624705029.4713564
2022-01-22,2412.18,2608429052.3779674
2022-01-23,2539.01,1473889620.9183133
2022-01-24,2439.29,2739651251.851838
2022-01-25,2458.83,1254379387.88382
2022-01-26,2462.99,1986257652.7618408
2022-01-27,2424.25,1453293549.7705748
2022-01-28,2544.99,1234701406.044435
2022-01-29,2601.43,979872377.5191779
2022-01-30,2601.68,756490717.084312
2022-01-31,2686.94,1194572819.5459402
2022-02-01,2787.23,1087115228.4618726
2022-02-02,2680.67,1200543750.026276
2022-02-03,2695.46,1091778264.365326
2022-02-04,2994.99,1988682143.7066717
2022-02-05,3012.65,1074923483.134815
2022-02-06,3054.99,761897998.6670339
2022-02-07,3139.77,1428815927.947833
2022-02-08,3116.69,1604389680.581953
2022-02-09,3243.94,1201126823.3037221
2022-02-10,3072.49,1776553163.5483668
2022-02-11,2927.54,1352599230.390254
2022-02-12,2918.88,981474313.9013281
2022-02-13,2871.13,696970697.019811
2022-02-14,2929.75,1118514792.7805
2022-02-15,3183.52,1429310558.29408
2022-02-16,3122.3,999128582.66412
2022-02-17,2891.87,1413237384.736688
2022-02-18,2779.48,1398015642.930412
2022-02-19,2763.63,812059518.8490751
2022-02-20,2621.99,1013097354.4389598
2022-02-21,2568.02,1956417752.314116
2022-02-22,2636.29,1825998572.1645179
2022-02-23,2579.71,1301386667.9550521
2022-02-24,2596.2,3623601431.23386
2022-02-25,2768.49,1880895982.8679378
2022-02-26,2779.47,1163167205.877963
2022-02-27,2616.79,1701433661.591015
2022-02-28,2920.95,2143376895.22236
2022-03-01,2976.33,2005753839.6178079
2022-03-02,2947.3,1811480566.88053
2022-03-03,2833.99,1264504332.917847
2022-03-04,2622.1,1458356323.4494798
2022-03-05,2665.15,716206568.63954
2022-03-06,2551.29,858478239.648771
2022-03-07,2491.12,1544922072.243144
2022-03-08,2575.97,1446818645.857337
2022-03-09,2726.98,1534667280.363294
2022-03-10,2606.7,1457223338.6025898
2022-03-11,2556.86,1264581168.7256482
2022-03-12,2568.8,563174903.84168
2022-03-13,2515.65,797315545.055565
2022-03-14,2589.41,1001144083.3951919
2022-03-15,2617.73,1207303100.443822
2022-03-16,2773.81,1847980795.298677
2022-03-17,2811.92,1066596520.2887201
2022-03-18,2938.92,1635614183.343672
2022-03-19,2950.84,961889858.5034322
2022-03-20,2861.38,1080482329.377532
2022-03-21,2890.03,1301160598.8142192
2022-03-22,2969.64,1677457529.348796
2022-03-23,3036.0,1378230847.6727998
2022-03-24,3110.76,1795442089.6871643
2022-03-25,3102.14,1517255300.372408
2022-03-26,3145.0,651439093.815
2022-03-27,3295.65,1105583184.596925
2022-03-28,3332.92,1757239119.6598358
2022-03-29,3400.51,1584297005.7495263
2022-03-30,3385.79,1205620645.886749
2022-03-31,3281.51,1493386453.3316453
2022-04-01,3455.21,1838756476.9762318
2022-04-02,3443.77,1721517515.3033
2022-04-03,3521.91,1343896645.593453
2022-04-04,3519.5,1583719246.1927001
2022-04-05,3406.99,1355241829.958463
2022-04-06,3168.51,2332888694.972997
2022-04-07,3227.19,1478631742.946568
2022-04-08,3192.39,1603928580.0984719
2022-04-09,3258.57,692264481.229062
2022-04-10,3203.04,744076546.1471039
2022-04-11,2979.74,2066134705.2602878
2022-04-12,3027.66,1754598456.31083
2022-04-13,3118.28,1306875806.71032
2022-04-14,3021.98,1234123920.2072558
2022-04-15,3040.56,759003736.9509361
2022-04-16,3059.3,539514947.79845
2022-04-17,2988.06,728405583.43644
2022-04-18,3055.56,1559104542.674016
2022-04-19,3101.77,1114698605.536726
2022-04-20,3076.04,1276556810.70874
2022-04-21,2983.58,1678859561.97526
2022-04-22,2962.39,1340283237.78598
2022-04-23,2933.03,550168183.431172
2022-04-24,2921.0,639573461.8462
2022-04-25,3006.62,1861694177.9537919
2022-04-26,2809.67,1492452733.788368
2022-04-27,2888.96,1412560578.9327362
2022-04-28,2936.93,1578285617.028754
2022-04-29,2817.13,1481748817.25811
2022-04-30,2726.66,1002748974.8323541
2022-05-01,2824.81,1250105200.2129521
2022-05-02,2856.54,1490276504.437818
2022-05-03,2781.7,1032931942.2933198
2022-05-04,2940.64,1613641108.754752
2022-05-05,2747.97,2019332892.351618
2022-05-06,2692.85,1915826310.51769
2022-05-07,2635.34,978426511.476088
2022-05-08,2519.71,1908970952.130965
2022-05-09,2228.55,3509799062.619015
2022-05-10,2342.05,3631643948.1423354
2022-05-11,2084.99,4217652958.706719
2022-05-12,1960.22,4518685242.8254385
2022-05-13,2009.69,2279073547.662003
2022-05-14,2056.48,1159419379.2245438
2022-05-15,2145.29,1103533440.406523
2022-05-16,2023.66,1663591902.584346
2022-05-17,2090.72,1188049642.944256
2022-05-18,1915.11,1209539876.797251
2022-05-19,2019.55,1497449833.7472699
2022-05-20,1959.08,1130352989.7018678
2022-05-21,1975.07,471784503.203424
2022-05-22,2043.19,726834588.3727131
2022-05-23,1973.32,1255199296.402368
2022-05-24,1979.41,1057196887.34652
2022-05-25,1942.63,1019465627.646933
2022-05-26,1792.23,2094651920.9831624
2022-05-27,1727.27,2239739411.02104
2022-05-28,1792.22,1000544777.4455961
2022-05-29,1813.64,784273453.33404
2022-05-30,1998.78,1628851465.9402018
2022-05-31,1941.9,1458567736.3469403
2022-06-01,1817.95,1886743537.8872702
2022-06-02,1834.08,1446693695.4699361
2022-06-03,1775.12,1315865452.8191519
2022-06-04,1804.58,700681344.1371819
2022-06-05,1806.23,671871512.153003
2022-06-06,1859.84,1495776983.404928
2022-06-07,1813.33,2534306796.2299037
2022-06-08,1791.88,1687073184.825124
2022-06-09,1788.81,957569601.577458
2022-06-10,1662.91,1588138569.5232549
2022-06-11,1532.89,1870624378.9106383
2022-06-12,1434.84,2242978290.149071
2022-06-13,1209.82,4387232771.785835
2022-06-14,1208.9,3283969356.4036593
2022-06-15,1237.52,3854655927.522599
2022-06-16,1068.5,1546532828.2824001
2022-06-17,1086.94,1326803689.994754
2022-06-18,995.13,2297738768.963931
2022-06-19,1128.53,2278050037.195647
2022-06-20,1128.24,1942573071.588768
2022-06-21,1125.85,1470467478.731845
2022-06-22,1050.19,1372556174.638267
2022-06-23,1144.72,1463246455.950328
2022-06-24,1225.02,1638020159.42466
2022-06-25,1242.36,1070897694.3657719
2022-06-26,1197.79,1059067080.35667
2022-06-27,1192.51,1035974228.116311
2022-06-28,1144.05,1263105816.199455
2022-06-29,1100.21,1425341634.33716
2022-06-30,1071.01,1521552168.261256
2022-07-01,1059.73,1655568643.645147
2022-07-02,1067.01,762711637.907604
2022-07-03,1074.26,692625196.440562
2022-07-04,1151.0,1323775443.0011
2022-07-05,1132.5,1584323841.5587502
2022-07-06,1186.57,1437847645.5833488
2022-07-07,1237.49,1239118634.60171
2022-07-08,1214.04,1444122873.5379238
2022-07-09,1217.02,701413875.898918
2022-07-10,1168.36,1189435637.815016
2022-07-11,1096.4,1317491586.9827201
2022-07-12,1038.58,1310012500.9064178
2022-07-13,1115.0,2269700500.3385
2022-07-14,1193.42,1915560740.7656043
2022-07-15,1231.25,1805058374.405
2022-07-16,1355.85,2025382183.5572097
2022-07-17,1338.65,1668229484.6426752
2022-07-18,1581.04,3209382764.5476184
2022-07-19,1542.32,2847197802.605312
2022-07-20,1521.58,2055924545.875026
2022-07-21,1575.45,1965102104.045835
2022-07-22,1535.27,1797376034.239071
2022-07-23,1548.67,1318359128.848913
2022-07-24,1597.7,1613574586.95069
2022-07-25,1440.79,2043603541.3709111
2022-07-26,1449.12,1738427737.6680958
2022-07-27,1635.74,2475571512.796062
2022-07-28,1724.52,2721542745.6874857
2022-07-29,1721.68,2075083348.7541041
2022-07-30,1697.0,1247519901.0342
2022-07-31,1678.12,1168519942.873148
2022-08-01,1630.28,1306777939.262144
2022-08-02,1630.91,1764586739.656464
2022-08-03,1618.16,1258483067.382008
2022-08-04,1607.96,1182738484.96076
2022-08-05,1736.81,1746964209.644872
2022-08-06,1690.6,884715737.82264
2022-08-07,1700.19,747921680.70516
2022-08-08,1777.05,1388978788.2483149
2022-08-09,1702.76,1393149025.471244
2022-08-10,1853.57,2442574328.515339
2022-08-11,1880.19,2078102373.453171
2022-08-12,1958.28,1405316758.6054199
2022-08-13,1983.55,1380304897.918015
2022-08-14,1935.31,1102320614.7424119
2022-08-15,1899.06,1802516215.35933
2022-08-16,1876.67,1168657113.742833
2022-08-17,1834.25,1745884818.2393749
2022-08-18,1846.39,1119381367.37336
2022-08-19,1609.01,2284515763.233015
2022-08-20,1576.04,1441471278.654504
2022-08-21,1618.13,1263213582.970406
2022-08-22,1624.66,1529118449.4405642
2022-08-23,1665.41,1565896643.0221202
2022-08-24,1656.56,1233586572.377168
2022-08-25,1695.11,1022305098.5134299
2022-08-26,1508.18,1734275530.742856
2022-08-27,1491.06,1127445153.309408
2022-08-28,1426.76,777365119.004536
2022-08-29,1551.8,1282177982.55458
2022-08-30,1524.59,1529278140.4729478
2022-08-31,1554.1,1475194733.6027498
2022-09-01,1586.16,1155851418.12912
2022-09-02,1575.35,1447761867.56593
2022-09-03,1557.46,500563312.54799396
2022-09-04,1579.28,468400418.624048
2022-09-05,1617.8,814550873.4785999
2022-09-06,1559.01,1575727042.538778
2022-09-07,1630.0,1387116021.609
2022-09-08,1635.37,1055016449.7806449
2022-09-09,1718.23,1438945824.635698
2022-09-10,1774.12,729245367.017992
2022-09-11,1766.11,722847146.2956929
2022-09-12,1716.37,1082642605.6943839
2022-09-13,1574.4,1786235087.9846401
2022-09-14,1638.39,1252651618.763727
2022-09-15,1472.75,1966857337.3719249
2022-09-16,1433.9,994549086.0207502
2022-09-17,1468.83,618952292.313069
2022-09-18,1334.51,1073097464.18068
2022-09-19,1375.98,1341381255.34404
2022-09-20,1322.93,870523852.9192451
2022-09-21,1245.78,1485302056.7410622
2022-09-22,1326.46,1199494263.18035
2022-09-23,1327.25,1292811000.6499
2022-09-24,1317.13,681690312.0103611
2022-09-25,1294.63,667425576.444367
2022-09-26,1336.17,1067822213.1824611
2022-09-27,1328.02,1142873951.461088
2022-09-28,1337.2,1229307901.7973201
2022-09-29,1335.7,1029279319.66515
2022-09-30,1328.72,984254138.00792
2022-10-01,1311.79,330678522.947024
2022-10-02,1276.72,474607944.76250404
2022-10-03,1323.09,640078186.9224149
2022-10-04,1361.49,648351980.900598
2022-10-05,1352.2,653800569.88204
2022-10-06,1352.06,776049076.56744
2022-10-07,1331.1,654901037.07336
2022-10-08,1315.48,267557662.475376
2022-10-09,1323.13,246369344.42490503
2022-10-10,1290.03,507837094.596342
2022-10-11,1280.11,549718141.791351
2022-10-12,1294.44,478570746.74799603
2022-10-13,1287.08,1217086422.5434039
2022-10-14,1296.27,868167511.4113109
2022-10-15,1274.92,366030746.871268
2022-10-16,1305.95,383063034.27104
2022-10-17,1331.4,612242285.0447401
2022-10-18,1310.71,750681521.291419
2022-10-19,1285.09,473732378.3684449
2022-10-20,1282.57,549621787.4224709
2022-10-21,1299.75,608382818.98035
2022-10-22,1313.61,291328091.80652696
2022-10-23,1364.2,589701997.332
2022-10-24,1343.61,822061977.1571699
2022-10-25,1459.74,1646488773.1976879
2022-10-26,1566.1,1935769608.2720299
2022-10-27,1514.05,1316397563.1656551
2022-10-28,1554.41,1335167374.9664252
2022-10-29,1619.55,1480529584.5639298
2022-10-30,1590.44,757107370.663692
2022-10-31,1572.69,1274404558.107366
2022-11-01,1578.48,832710228.73932
2022-11-02,1518.34,1490091838.1904318
2022-11-03,1531.01,857676213.299113
2022-11-04,1644.78,1538743464.5493178
2022-11-05,1626.98,571697239.6866759
2022-11-06,1568.29,650626988.066225
2022-11-07,1568.1,1007362257.60414
2022-11-08,1334.77,3123250358.5844526
2022-11-09,1102.73,2751088527.634461
2022-11-10,1299.28,2567319691.622776
2022-11-11,1289.28,1686490600.494144
2022-11-12,1257.25,688687500.1497
2022-11-13,1221.49,668656488.7782961
2022-11-14,1243.28,1162146041.095352
2022-11-15,1253.23,793075986.58464
2022-11-16,1216.17,818895569.096655
2022-11-17,1200.43,636872949.619984
2022-11-18,1212.58,436793789.593946
2022-11-19,1217.67,255454488.594096
2022-11-20,1142.21,606637737.559147
2022-11-21,1107.34,1021684975.8592359
2022-11-22,1139.6,853428866.3423599
2022-11-23,1184.52,754452958.852488
2022-11-24,1203.73,585109815.443879
2022-11-25,1199.3,469442197.84394
2022-11-26,1205.6,457936082.46496
2022-11-27,1193.88,341911471.112568
2022-11-28,1167.77,559123148.672261
2022-11-29,1216.49,623017551.0547891
2022-11-30,1294.46,1055864190.044782
2022-12-01,1276.41,548880218.774631
2022-12-02,1295.59,481388882.73015
2022-12-03,1240.51,430640886.523988
2022-12-04,1279.41,414694583.215506
2022-12-05,1259.41,493220870.091206
2022-12-06,1271.32,383470589.55748
2022-12-07,1231.18,490698505.647588
2022-12-08,1280.18,520589734.85404605
2022-12-09,1263.1,512828708.84191996
2022-12-10,1266.35,230828555.25745997
2022-12-11,1263.01,227966866.17502
2022-12-12,1275.4,463927449.04674006
2022-12-13,1320.69,870854906.6789249
2022-12-14,1307.44,724930467.063448
2022-12-15,1266.54,494015503.462338
2022-12-16,1166.83,876782056.5220569
2022-12-17,1187.16,390435113.615196
2022-12-18,1183.06,298438885.96064
2022-12-19,1167.82,346647190.340296
2022-12-20,1216.94,566101253.411442
2022-12-21,1213.78,298254679.723506
2022-12-22,1217.71,410078040.75505805
2022-12-23,1219.99,339894445.561118
2022-12-24,1220.41,150966584.349341
2022-12-25,1218.51,282270353.092812
2022-12-26,1228.11,199841848.779027
2022-12-27,1211.55,317956322.49969
2022-12-28,1190.15,437771555.09971005
2022-12-29,1200.49,299078658.21858096
2022-12-30,1199.99,319214393.65788496
2022-12-31,1196.13,166715739.502143
2023-01-01,1200.34,141354521.30328998
2023-01-02,1214.0,306892085.96000004
2023-01-03,1214.55,249613701.92352
2023-01-04,1256.9,575408398.6871201
2023-01-05,1251.24,341344941.1092
2023-01-06,1269.14,434482720.90702206
2023-01-07,1264.07,163664563.737788
2023-01-08,1290.16,275625634.277568
2023-01-09,1320.39,768107433.5777521
2023-01-10,1335.62,613931397.327534
2023-01-11,1389.39,656439474.051084
2023-01-12,1415.92,1242770611.071264
2023-01-13,1451.2,724697157.54288
2023-01-14,1549.9,1457978185.7922602
2023-01-15,1552.52,602118044.828776
2023-01-16,1576.94,906145828.514382
2023-01-17,1565.57,793386604.6549829
2023-01-18,1511.43,1137403802.293551
2023-01-19,1551.09,478789630.59130496
2023-01-20,1658.52,730695810.6078479
2023-01-21,1626.66,803974429.139994
2023-01-22,1627.44,702614168.158296
2023-01-23,1626.29,662334437.429124
2023-01-24,1555.97,719286536.351071
2023-01-25,1611.94,1042078777.064204
2023-01-26,1601.09,853025282.412794
2023-01-27,1597.62,818130637.7377499
2023-01-28,1572.1,493129500.99854
2023-01-29,1644.72,907503722.5272479
2023-01-30,1566.2,931975654.8702201
2023-01-31,1585.33,553052952.736283
2023-02-01,1641.68,779169517.1231121
2023-02-02,1643.12,1033832844.664688
2023-02-03,1663.52,773229102.03264
2023-02-04,1666.38,513623524.05621
2023-02-05,1629.02,673729561.842696
2023-02-06,1614.29,620080138.027513
2023-02-07,1671.03,755175888.072
2023-02-08,1650.43,689824044.424177
2023-02-09,1545.35,1016858375.03174
2023-02-10,1513.06,733310913.961894
2023-02-11,1538.51,445693378.591508
2023-02-12,1514.83,434390187.68642
2023-02-13,1505.24,968098704.1256961
2023-02-14,1555.71,1040714570.631528
2023-02-15,1674.92,973476666.5263121
2023-02-16,1637.84,1363868140.750104
2023-02-17,1693.87,982333927.6158098
2023-02-18,1691.62,452179805.7627059
2023-02-19,1679.75,673618464.3740749
2023-02-20,1703.27,768711016.455545
2023-02-21,1659.76,863663533.1354879
2023-02-22,1643.14,869016457.686026
2023-02-23,1650.53,827420545.470001
2023-02-24,1607.8,824022418.00596
2023-02-25,1594.58,462728043.388078
2023-02-26,1641.36,506536817.19597596
2023-02-27,1633.45,705424024.901505
2023-02-28,1605.23,631695189.671381
2023-03-01,1665.22,790074991.62867
2023-03-02,1647.86,697084012.580452
2023-03-03,1569.45,1165813509.10332
2023-03-04,1566.73,372318125.489838
2023-03-05,1564.58,468186079.33607
2023-03-06,1565.84,481823532.03442395
2023-03-07,1561.96,684057106.882272
2023-03-08,1532.38,705050743.8766041
2023-03-09,1437.32,1032693056.2504479
2023-03-10,1426.44,1369756770.461796
2023-03-11,1471.97,2023752114.998597
2023-03-12,1580.33,1584051823.962657
2023-03-13,1673.45,2055103040.289285
2023-03-14,1699.4,2180876107.6087
2023-03-15,1649.96,1589146571.745668
2023-03-16,1673.73,1051078358.205387
2023-03-17,1789.27,1623813130.028775
2023-03-18,1758.84,1251616453.47204
2023-03-19,1780.68,963582735.3097441
2023-03-20,1732.78,1183225573.690944
2023-03-21,1801.23,1337140388.474877
2023-03-22,1734.33,1545786824.868897
2023-03-23,1813.79,1327805108.01037
2023-03-24,1749.57,988104896.814069
2023-03-25,1741.88,619550788.5056841
2023-03-26,1773.88,629608970.804336
2023-03-27,1715.22,978641930.4150062
2023-03-28,1772.99,951229342.298927
2023-03-29,1793.07,962637596.3714039
2023-03-30,1793.61,1039737851.568234
2023-03-31,1821.52,1010079245.407824
2023-04-01,1820.79,496902635.59224606
2023-04-02,1794.51,578052834.367635
2023-04-03,1810.51,1137912164.906569
2023-04-04,1870.37,1163760376.0542068
2023-04-05,1908.69,1047098774.479695
2023-04-06,1872.41,741926425.682832
2023-04-07,1863.72,529774500.51075596
2023-04-08,1848.82,365891721.756974
2023-04-09,1858.92,533754130.88146806
2023-04-10,1910.2,830439962.9036801
2023-04-11,1889.86,765777866.099512
2023-04-12,1917.39,1209574779.779454
2023-04-13,2012.01,1360449773.470788
2023-04-14,2099.99,1882236563.0660658
2023-04-15,2090.6,672804805.13006
2023-04-16,2118.67,677721090.3317311
2023-04-17,2074.0,885541394.5254
2023-04-18,2103.5,871363544.49725
2023-04-19,1933.73,1499393087.3805459
2023-04-20,1942.98,1215015826.0535102
2023-04-21,1848.78,1273581314.935308
2023-04-22,1874.16,620361180.938664
2023-04-23,1862.0,641485709.2728
2023-04-24,1841.84,824893924.983128
2023-04-25,1866.1,854432335.43067
2023-04-26,1866.01,1675135332.904098
2023-04-27,1908.68,1388513063.7164881
2023-04-28,1890.94,732986545.431354
2023-04-29,1907.8,347307627.03668004
2023-04-30,1870.09,664511214.3399919
2023-05-01,1830.73,815625324.556867
2023-05-02,1870.08,698948389.3052161
2023-05-03,1905.12,886233723.670512
2023-05-04,1877.07,665475026.2318081
2023-05-05,1993.3,1089555470.5375
2023-05-06,1896.33,1153171531.191195
2023-05-07,1870.4,772978030.29328
2023-05-08,1847.56,1155309968.535008
2023-05-09,1846.52,562073645.37272
2023-05-10,1840.84,1178014973.3638198
2023-05-11,1794.3,936796982.88675
2023-05-12,1807.45,1022184967.3602049
2023-05-13,1795.11,382170728.45160294
2023-05-14,1799.21,392409675.99281704
2023-05-15,1816.2,704997852.18282
2023-05-16,1824.21,567764709.888906
2023-05-17,1822.12,641564791.9075559
2023-05-18,1800.56,528924062.77415997
2023-05-19,1812.32,440604836.56083196
2023-05-20,1819.42,232438973.945758
2023-05-21,1804.91,291525101.96402305
2023-05-22,1817.35,431618702.78890496
2023-05-23,1854.05,735816099.8642849
2023-05-24,1799.89,757476767.0241051
2023-05-25,1805.6,633102960.86984
2023-05-26,1827.79,503904677.867266
2023-05-27,1829.89,254034370.55453402
2023-05-28,1908.64,722214941.146544
2023-05-29,1892.6,593507047.12292
2023-05-30,1900.59,518225969.22571796
2023-05-31,1873.63,598166810.059203
2023-06-01,1861.78,503605178.0072659
2023-06-02,1906.68,596798592.179544
2023-06-03,1892.06,281573044.282962
2023-06-04,1890.01,326372619.321119
2023-06-05,1810.5,1005481576.2571499
2023-06-06,1884.64,926125698.200736
2023-06-07,1832.13,786344161.6966321
2023-06-08,1845.64,349325178.489092
2023-06-09,1840.37,364990138.368324
2023-06-10,1751.53,1142566228.369335
2023-06-11,1752.76,385530505.18178403
2023-06-12,1742.57,526486998.984483
2023-06-13,1740.12,494660435.292216
2023-06-14,1650.95,686543144.51065
2023-06-15,1666.96,618066709.932416
2023-06-16,1717.92,535535087.539968
2023-06-17,1727.76,364410364.943616
2023-06-18,1720.95,269388930.27816
2023-06-19,1737.11,425874680.11277896
2023-06-20,1791.99,589306098.246354
2023-06-21,1889.11,1159452383.501659
2023-06-22,1872.01,780093845.7425189
2023-06-23,1892.63,759224611.298212
2023-06-24,1874.96,425447725.02573603
2023-06-25,1898.8,643232960.8810401
2023-06-26,1858.97,852791075.28317
2023-06-27,1889.58,692785352.1033059
2023-06-28,1828.02,617572023.509184
2023-06-29,1851.99,447894203.192919
2023-06-30,1933.79,1385634219.167265
2023-07-01,1924.5,343279548.2556
2023-07-02,1937.48,495709650.394336
2023-07-03,1955.54,629884184.9844301
2023-07-04,1936.2,397937695.52208
2023-07-05,1910.36,511276291.605188
2023-07-06,1846.17,842523201.55197
2023-07-07,1870.91,435817907.497406
2023-07-08,1865.24,234684174.673052
2023-07-09,1862.8,251564386.04604
2023-07-10,1880.4,466091268.13176
2023-07-11,1878.3,333908418.25611
2023-07-12,1871.82,494922062.34948593
2023-07-13,2004.49,1100187229.1789432
2023-07-14,1937.83,966442398.488097
2023-07-15,1931.41,261091415.249483
2023-07-16,1922.11,285754529.3837609
2023-07-17,1911.2,529706347.50088006
2023-07-18,1897.21,409380923.543326
2023-07-19,1888.63,411806329.29431504
2023-07-20,1891.59,554060928.947076
2023-07-21,1891.73,313183549.38604397
2023-07-22,1866.52,246197065.33152398
2023-07-23,1888.73,289921977.349394
2023-07-24,1850.0,511533426.19499993
2023-07-25,1857.66,282830982.7686
2023-07-26,1872.0,509353478.3376
2023-07-27,1861.28,304815173.199152
2023-07-28,1874.19,259942121.53359303
2023-07-29,1880.46,137023529.404374
2023-07-30,1861.79,295387114.858458
2023-07-31,1856.14,312211014.133876
2023-08-01,1873.47,671594212.697202
2023-08-02,1839.9,467726600.44647
2023-08-03,1835.81,314195305.34212
2023-08-04,1830.23,343533173.890696
2023-08-05,1836.48,171999805.13424
2023-08-06,1830.28,165464617.56262
2023-08-07,1829.1,409888334.18169
2023-08-08,1856.3,438710572.48899996
2023-08-09,1855.35,356091452.018505
2023-08-10,1852.47,235859176.299591
2023-08-11,1848.84,209305901.255052
2023-08-12,1849.93,117086967.574668
2023-08-13,1840.73,222128503.095572
2023-08-14,1845.5,277186940.01365
2023-08-15,1828.98,340339705.654122
2023-08-16,1807.81,371379740.294408
2023-08-17,1681.49,1365602288.6536908
2023-08-18,1661.59,894073501.1198618
2023-08-19,1669.67,387228277.70899504
2023-08-20,1685.24,329672591.461812
2023-08-21,1667.55,418280157.38408995
2023-08-22,1634.99,657285673.45455
2023-08-23,1679.61,629452505.9515679
2023-08-24,1661.16,384624621.77538
2023-08-25,1653.8,390729582.59124
2023-08-26,1647.04,130405091.992
2023-08-27,1658.33,145584657.370268
2023-08-28,1653.08,354339374.719044
2023-08-29,1729.42,854975237.1512661
2023-08-30,1705.23,345891309.072246
2023-08-31,1645.76,543953742.768768
2023-09-01,1629.12,492655937.3896319
2023-09-02,1637.03,167215980.599628
2023-09-03,1635.84,191012597.45740798
2023-09-04,1630.51,273943461.689856
2023-09-05,1634.45,334025176.274615
2023-09-06,1633.15,358543415.66979504
2023-09-07,1648.11,376689183.884202
2023-09-08,1636.44,362586085.748952
2023-09-09,1635.54,95711184.037866
2023-09-10,1617.42,336355174.10157603
2023-09-11,1551.85,647780705.209965
2023-09-12,1592.97,525265877.62144506
2023-09-13,1607.62,359157241.021418
2023-09-14,1626.47,447769062.253735
2023-09-15,1641.29,297631567.99096
2023-09-16,1634.4,162713455.42824
2023-09-17,1622.48,195066570.935016
2023-09-18,1636.66,456696385.1213481
2023-09-19,1643.12,302798139.480496
2023-09-20,1622.26,377733888.184422
2023-09-21,1583.94,381139592.04336
2023-09-22,1593.08,198953533.85028
2023-09-23,1593.86,102863156.55662599
2023-09-24,1580.71,217375845.889843
2023-09-25,1588.33,280668914.473741
2023-09-26,1594.01,200180583.493561
2023-09-27,1598.64,438673902.45139205
2023-09-28,1652.99,547816922.482485
2023-09-29,1667.45,420156835.61036
2023-09-30,1670.89,228786469.72054902
2023-10-01,1733.79,391163113.077972
2023-10-02,1662.4,629344226.72352
2023-10-03,1656.88,328537957.42083204
2023-10-04,1646.58,366959645.48388594
2023-10-05,1611.79,382604687.24237096
2023-10-06,1645.03,362742157.784858
2023-10-07,1633.57,165385196.732324
2023-10-08,1632.84,243986567.54933998
2023-10-09,1580.13,537467154.446844
2023-10-10,1567.63,377264783.44998103
2023-10-11,1566.87,407784133.429977
2023-10-12,1539.61,365228590.073897
2023-10-13,1552.16,298334268.766976
2023-10-14,1554.94,155983301.366476
2023-10-15,1557.77,187417292.98742598
2023-10-16,1599.42,669374646.738648
2023-10-17,1565.01,367491062.56419903
2023-10-18,1563.44,277901812.243032
2023-10-19,1566.57,338720111.375475
2023-10-20,1603.89,506822490.83088005
2023-10-21,1628.94,287376632.422248
2023-10-22,1663.7,380406539.76325
2023-10-23,1765.46,1078575949.223998
2023-10-24,1784.98,1203174939.33475
2023-10-25,1787.15,633385313.76221
2023-10-26,1803.38,777561632.9131141
2023-10-27,1779.4,488503472.32274
2023-10-28,1776.2,218330038.99084002
2023-10-29,1795.14,258698793.677112
2023-10-30,1809.04,502345428.77567995
2023-10-31,1814.67,468320197.362732
2023-11-01,1846.99,871634509.968616
2023-11-02,1800.8,664023785.3154399
2023-11-03,1832.71,577304140.7997379
2023-11-04,1855.54,318295688.061656
2023-11-05,1891.71,724726894.2563881
2023-11-06,1900.95,624930163.78743
2023-11-07,1885.27,626700398.779962
2023-11-08,1888.12,468029261.96556395
2023-11-09,2121.32,2334152722.271284
2023-11-10,2077.72,1154326483.03914
2023-11-11,2053.17,761656338.5979241
2023-11-12,2044.68,576410747.73612
2023-11-13,2053.65,1086675716.147475
2023-11-14,1979.39,953887306.40287
2023-11-15,2058.48,868412610.9711361
2023-11-16,1961.77,1069725970.6615691
2023-11-17,1960.82,786485895.9396579
2023-11-18,1962.6,548288070.14208
2023-11-19,2011.47,505145729.542224
2023-11-20,2021.4,852460116.3306
2023-11-21,1933.01,947491887.157763
2023-11-22,2063.21,961704499.2939891
2023-11-23,2062.2,517531146.8787599
2023-11-24,2080.84,888378306.9497681
2023-11-25,2083.09,289231615.88437
2023-11-26,2062.33,497563744.604688
2023-11-27,2027.5,661113473.4195
2023-11-28,2048.14,581212828.969106
2023-11-29,2028.81,517029511.716039
2023-11-30,2051.96,500021801.785516
2023-12-01,2087.24,777800772.92264
2023-12-02,2164.74,694838194.978032
2023-12-03,2192.95,565516002.16912
2023-12-04,2243.37,1268194365.010158
2023-12-05,2293.33,1215074394.978262
2023-12-06,2232.7,911698274.5331199
2023-12-07,2355.73,1142976782.1639569
2023-12-08,2358.72,892940188.3758719
2023-12-09,2340.49,673525303.1985359
2023-12-10,2352.39,470565532.90237796
2023-12-11,2225.12,1425000039.224992
2023-12-12,2203.46,796746696.7641021
2023-12-13,2260.16,946818577.462464
2023-12-14,2315.32,948142278.1162921
2023-12-15,2220.5,740653621.1324
2023-12-16,2228.96,444200350.93008006
2023-12-17,2196.52,496250466.82909995
2023-12-18,2219.43,808101383.404683
2023-12-19,2177.91,835340440.245759
2023-12-20,2202.17,917956126.171024
2023-12-21,2239.61,1014699487.255172
2023-12-22,2324.54,1374634135.15552
2023-12-23,2308.2,590038091.82864
2023-12-24,2264.05,697216633.6178001
2023-12-25,2271.35,650235631.00016
2023-12-26,2230.88,915582508.373008
2023-12-27,2378.35,1287965373.9722898
2023-12-28,2344.15,1360685266.8053
2023-12-29,2299.2,1035102614.9044799
2023-12-30,2291.68,482488319.6259359
2023-12-31,2281.87,506976470.50367296
2024-01-01,2352.04,509693398.280456
2024-01-02,2355.34,1078843853.356828
2024-01-03,2209.72,1764968521.7926679
2024-01-04,2267.11,1017578845.5310501
2024-01-05,2268.78,920144568.4012681
2024-01-06,2240.78,434863391.87916803
2024-01-07,2221.42,460142034.73763406
2024-01-08,2330.44,1257056941.775068
2024-01-09,2344.29,1292770425.7743988
2024-01-10,2584.38,2683590900.63708
2024-01-11,2618.01,2195757077.781177
2024-01-12,2522.54,2238647704.7212577
2024-01-13,2578.19,1088154047.7300801
2024-01-14,2472.87,757211949.592881
2024-01-15,2511.78,791833324.798782
2024-01-16,2587.4,986000246.14878
2024-01-17,2530.19,926761403.137063
2024-01-18,2470.81,1117028758.264994
2024-01-19,2492.0,1057128835.2268001
2024-01-20,2472.01,337728373.64397705
2024-01-21,2457.05,301165947.104335
2024-01-22,2314.2,1218050587.7786398
2024-01-23,2242.6,1570056216.19764
2024-01-24,2235.02,804274516.378992
2024-01-25,2218.64,733097685.3577039
2024-01-26,2267.68,824452311.77784
2024-01-27,2267.94,329099375.441784
2024-01-28,2256.9,472429900.24503005
2024-01-29,2317.6,708091872.64576
2024-01-30,2343.01,873660582.627091
2024-01-31,2283.14,906671848.6757259
2024-02-01,2304.28,716625212.842264
2024-02-02,2309.06,550088543.72966
2024-02-03,2296.49,305967896.21405
2024-02-04,2289.79,392085422.946676
2024-02-05,2301.83,544636944.65396
2024-02-06,2372.64,875368325.8854719
2024-02-07,2425.1,831304154.82263
2024-02-08,2419.55,817904812.413745
2024-02-09,2486.56,1224343316.3656
2024-02-10,2500.24,462793398.90159994
2024-02-11,2507.21,551523888.560591
2024-02-12,2659.99,1195670229.14224
2024-02-13,2639.99,1326457022.3225498
2024-02-14,2774.81,1281048459.528064
2024-02-15,2822.59,1359611083.463366
2024-02-16,2801.8,1059278777.80666
2024-02-17,2785.93,677824781.056087
2024-02-18,2881.2,1060246689.3639599
2024-02-19,2944.8,1314709022.88648
2024-02-20,3014.81,1913444877.974551
2024-02-21,2967.9,1768734854.29407
2024-02-22,2971.4,1674461137.3830402
2024-02-23,2922.24,1253134181.340288
2024-02-24,2992.62,729762591.802146
2024-02-25,3112.59,1283340228.8263829
2024-02-26,3175.94,1736358729.0807178
2024-02-27,3242.36,2029519971.932156
2024-02-28,3383.1,3205618399.2545996
2024-02-29,3340.09,2537460067.9121075
2024-03-01,3433.43,1417280684.9591389
2024-03-02,3421.4,971626090.13872
2024-03-03,3487.81,1191545870.13711
2024-03-04,3627.76,2595156701.2181363
2024-03-05,3553.65,4949896369.9536
2024-03-06,3818.59,3702102804.6589
2024-03-07,3868.76,2092150644.2130003
2024-03-08,3883.36,2510201026.041904
2024-03-09,3905.21,995200352.452106
2024-03-10,3878.47,1383313261.4396
2024-03-11,4064.8,2932974788.1007204
2024-03-12,3979.96,2518468517.0222363
2024-03-13,4004.79,1931533351.0699139
2024-03-14,3881.7,2516263598.85165
2024-03-15,3742.19,3545865009.4755487
2024-03-16,3523.09,1931668522.6928208
2024-03-17,3644.71,1887198012.283856
2024-03-18,3520.46,2009835138.143146
2024-03-19,3158.64,3315402335.392704
2024-03-20,3516.53,4245586916.5662527
2024-03-21,3492.85,2105333525.4685197
2024-03-22,3336.35,1864515487.4788
2024-03-23,3329.53,1077688768.489944
2024-03-24,3454.98,901142189.981184
2024-03-25,3590.42,1969624324.809564
2024-03-26,3587.33,1790127312.907472
2024-03-27,3501.19,1551711056.392343
2024-03-28,3560.49,1440766631.1912389
2024-03-29,3509.74,1133948485.88346
2024-03-30,3505.64,757306804.385576
2024-03-31,3645.29,887500485.012933
2024-04-01,3503.8,1432543074.4155002
2024-04-02,3278.96,2043659848.8944962
2024-04-03,3310.83,1359043381.703439
2024-04-04,3327.4,1185680963.1418402
2024-04-05,3317.85,1143187773.239655
2024-04-06,3351.59,614387378.292875
2024-04-07,3454.2,726967737.5558399
2024-04-08,3694.61,1835635031.946252
2024-04-09,3506.39,1604496896.49028
2024-04-10,3545.64,1380689609.1370199
2024-04-11,3502.52,1184340548.5745678
2024-04-12,3237.43,2257547729.684282
2024-04-13,3007.01,2991888454.5601544
2024-04-14,3155.11,2327147505.974326
2024-04-15,3101.99,1878040554.993737
2024-04-16,3084.22,1622650873.8681
2024-04-17,2985.41,1468515912.810601
2024-04-18,3064.4,1192237649.83652
2024-04-19,3056.46,1857870439.3912742
2024-04-20,3155.79,765524081.383809
2024-04-21,3147.67,692394566.398224
2024-04-22,3200.2,930874038.0713799
2024-04-23,3219.46,817466695.003798
2024-04-24,3140.8,1235321683.46912
2024-04-25,3155.8,1111752206.7211602
2024-04-26,3131.3,790724189.6015
2024-04-27,3255.56,1054186763.901964
2024-04-28,3263.45,994588632.07105
2024-04-29,3216.73,1356917369.341776
2024-04-30,3014.05,1693044590.4867299
2024-05-01,2972.46,1857679829.473158
2024-05-02,2986.19,1092765529.779229
2024-05-03,3102.61,1103988806.6500509
2024-05-04,3117.23,611799869.1178241
2024-05-05,3136.41,686121886.512342
2024-05-06,3062.6,1087637378.04902
2024-05-07,3005.69,898090201.8257011
2024-05-08,2974.21,793920188.685625
2024-05-09,3036.23,724328330.664826
2024-05-10,2909.99,954057320.0192419
2024-05-11,2912.45,402393145.933315
2024-05-12,2929.29,315398506.490067
2024-05-13,2950.99,1087926034.2771518
2024-05-14,2881.93,777185347.9921409
2024-05-15,3032.55,1062163734.47694
2024-05-16,2944.7,865371213.33311
2024-05-17,3092.01,1106088575.672931
2024-05-18,3122.94,624514753.316064
2024-05-19,3071.19,510262893.876138
2024-05-20,3661.78,3101922703.0793843
2024-05-21,3789.6,3609356276.11824
2024-05-22,3737.73,2148964169.062527
2024-05-23,3783.61,4267405363.8143597
2024-05-24,3728.28,1787406150.9113042
2024-05-25,3749.26,595052175.1945921
2024-05-26,3826.47,1118126269.5942388
2024-05-27,3894.22,1416396536.468606
2024-05-28,3844.69,1600351575.819336
2024-05-29,3767.43,1261183490.9345639
2024-05-30,3747.91,1038299583.5851539
2024-05-31,3762.29,1028635541.65414
2024-06-01,3815.82,506310473.7934921
2024-06-02,3780.91,795108134.697037
2024-06-03,3767.06,937427991.35612
2024-06-04,3810.23,884216249.969764
2024-06-05,3865.99,1058270703.7449651
2024-06-06,3813.46,905712730.30413
2024-06-07,3678.32,1332373427.3482082
2024-06-08,3681.57,517447753.809858
2024-06-09,3706.4,383431164.4528
2024-06-10,3667.85,573516706.63511
2024-06-11,3497.33,1537316444.143874
2024-06-12,3560.12,1377922280.69288
2024-06-13,3469.4,1041620841.2550601
2024-06-14,3481.8,1122241316.03052
2024-06-15,3568.74,880228255.6753559
2024-06-16,3624.41,543081529.16062
2024-06-17,3511.46,1186190993.336692
2024-06-18,3483.42,1567236992.362788
2024-06-19,3560.51,1144703974.613377
2024-06-20,3513.08,1156217319.966524
2024-06-21,3518.5,1203872726.387
2024-06-22,3495.75,404719112.83327496
2024-06-23,3420.91,456388496.369664
2024-06-24,3352.73,1821774317.969517
2024-06-25,3394.91,814901375.861876
2024-06-26,3371.44,697717288.918192
2024-06-27,3450.44,693682188.435796
2024-06-28,3380.15,749157326.181525
2024-06-29,3378.8,298448610.31988
2024-06-30,3438.16,485542519.86196
2024-07-01,3442.2,771993251.03484
2024-07-02,3421.35,471916047.93489
2024-07-03,3295.48,1022944842.10148
2024-07-04,3059.7,1378096740.98124
2024-07-05,2981.78,2644822088.382034
2024-07-06,3066.83,657798145.021979
2024-07-07,2931.0,527265683.0772
2024-07-08,3019.01,1510848491.149605
2024-07-09,3066.65,859760297.3909601
2024-07-10,3101.05,839848330.0786201
2024-07-11,3099.57,896486523.3924
2024-07-12,3133.88,582103112.5331
2024-07-13,3175.93,378896315.46101695
2024-07-14,3245.08,536836088.303728
2024-07-15,3483.39,1094818487.601228
2024-07-16,3444.13,1295436438.825897
2024-07-17,3387.05,1008705882.99521
2024-07-18,3426.5,829042859.5410501
2024-07-19,3503.53,1049348023.7969661
2024-07-20,3517.5,518869297.03874993
2024-07-21,3535.92,773980943.084352
2024-07-22,3439.6,714953550.99028
2024-07-23,3482.51,1743235785.8685613
2024-07-24,3335.81,918945771.781986
2024-07-25,3175.48,1569584637.032104
2024-07-26,3274.61,852176202.316501
2024-07-27,3249.01,753744015.0403371
2024-07-28,3270.16,338559118.35626394
2024-07-29,3317.66,1056580174.9371301
2024-07-30,3279.21,646913249.288361
2024-07-31,3232.74,755527981.7544479
2024-08-01,3203.4,1035613124.6757001
2024-08-02,2989.61,1153104653.5295951
2024-08-03,2903.64,1000580742.4791479
2024-08-04,2688.92,1376899833.225904
2024-08-05,2419.59,6461766975.044877
2024-08-06,2461.33,1580872394.807054
2024-08-07,2342.8,1476234412.53584
2024-08-08,2682.5,1573293963.2605
2024-08-09,2598.78,1057027676.1074581
2024-08-10,2609.92,446328583.570048
2024-08-11,2555.38,759200624.1350101
2024-08-12,2722.3,1315998614.4083803
2024-08-13,2702.44,880100111.899216
2024-08-14,2661.45,901722452.1414449
2024-08-15,2569.89,916286071.0143509
2024-08-16,2592.73,701810883.301829
2024-08-17,2614.51,233603006.88876003
2024-08-18,2612.15,454707551.91077507
2024-08-19,2636.36,592830716.3376961
2024-08-20,2572.82,723775109.7747821
2024-08-21,2630.71,645277968.835478
2024-08-22,2622.88,522118675.136448
2024-08-23,2762.48,1109927017.7548559
2024-08-24,2768.0,729486869.2688
2024-08-25,2746.13,424351876.399776
2024-08-26,2680.49,567481511.1771029
2024-08-27,2457.33,1014043566.340401
2024-08-28,2528.33,1140950968.74122
2024-08-29,2527.61,599051059.813952
2024-08-30,2526.0,854745844.2966001
2024-08-31,2513.01,246139565.70224702
2024-09-01,2425.72,541245508.79872
2024-09-02,2538.01,666564770.441385
2024-09-03,2425.29,545188530.015171
2024-09-04,2450.71,941512261.5936341
2024-09-05,2368.81,659829886.227689
2024-09-06,2225.23,1430883218.21053
2024-09-07,2273.58,498944423.735208
2024-09-08,2297.3,442863499.13689
2024-09-09,2359.5,759048766.905
2024-09-10,2388.52,535941307.615108
2024-09-11,2340.55,662137645.3218751
2024-09-12,2361.76,478518864.2782081
2024-09-13,2439.19,619282573.2610401
2024-09-14,2417.79,297221899.065258
2024-09-15,2316.1,403844911.11305994
2024-09-16,2295.68,758849034.9977599
2024-09-17,2341.8,642136216.8578401
2024-09-18,2374.75,695606072.4998001
2024-09-19,2465.21,805497585.54672
2024-09-20,2561.4,872808809.8996801
2024-09-21,2612.4,404289478.65852
2024-09-22,2581.0,553021386.6316999
2024-09-23,2646.97,882187494.9798529
2024-09-24,2653.2,765713626.6586399
2024-09-25,2579.95,568475030.422535
2024-09-26,2632.26,733574950.866498
2024-09-27,2694.43,759363067.565856
2024-09-28,2675.21,367119159.79218197
2024-09-29,2657.62,426692357.56725204
2024-09-30,2602.23,735066990.8853029
2024-10-01,2447.79,1230819015.596316
2024-10-02,2364.1,750565662.0135
2024-10-03,2349.8,739331499.61974
2024-10-04,2414.41,577968750.0749699
2024-10-05,2414.66,250497387.635256
2024-10-06,2440.03,258039784.00528803
2024-10-07,2422.71,727926333.849297
2024-10-08,2440.89,491493537.04276794
2024-10-09,2370.47,573848764.4930749
2024-10-10,2386.49,615387379.9447309
2024-10-11,2439.5,574358855.4581499
2024-10-12,2476.4,345798320.35368
2024-10-13,2468.91,296325535.34148896
2024-10-14,2629.79,1146325886.763001
2024-10-15,2607.41,1085427409.1672828
2024-10-16,2611.1,679727881.82862
2024-10-17,2605.8,577509235.19172
2024-10-18,2642.17,772687068.1222011
2024-10-19,2648.2,279156731.41371995
2024-10-20,2746.91,705710693.9985679
2024-10-21,2666.7,828476284.35744
2024-10-22,2622.81,697005759.1335299
2024-10-23,2524.61,890297931.608646
2024-10-24,2535.82,737547771.4100441
2024-10-25,2440.62,1256430888.494964
2024-10-26,2482.51,617461880.9505631
2024-10-27,2507.8,345025339.89208
2024-10-28,2567.48,925846964.96596
2024-10-29,2638.8,1192515155.7570002
2024-10-30,2659.19,1224895047.18794
2024-10-31,2518.61,1016075784.473637
2024-11-01,2511.49,1080566330.4928768
2024-11-02,2494.23,364060629.2799
2024-11-03,2457.73,678355893.760281
2024-11-04,2398.21,734612407.433545
2024-11-05,2422.55,803364224.988975
2024-11-06,2721.87,2727698508.442566
2024-11-07,2895.47,2116142529.7956276
2024-11-08,2961.75,1684834240.3612502
2024-11-09,3126.21,1646635521.749652
2024-11-10,3183.21,2755185181.306362
2024-11-11,3371.59,3371906816.1745763
2024-11-12,3243.8,3156917180.1083
2024-11-13,3187.16,2931187625.988852
2024-11-14,3058.82,1852974017.385884
2024-11-15,3090.01,1605642218.1893172
2024-11-16,3132.87,1327206406.730451
2024-11-17,3076.0,1383643113.27
2024-11-18,3207.8,2055104130.0384603
2024-11-19,3107.44,1554068093.564336
2024-11-20,3069.97,1546060940.916992
2024-11-21,3355.81,3271657371.1183352
2024-11-22,3327.78,2007562184.3343542
2024-11-23,3393.91,2447090566.894519
2024-11-24,3361.2,1610344507.1665199
2024-11-25,3414.49,3241479055.0613
2024-11-26,3324.73,2235439235.616919
2024-11-27,3653.28,2756668818.59208
2024-11-28,3578.79,2007616820.0257502
2024-11-29,3592.21,1528461089.262229
2024-11-30,3703.6,1865446834.5446
2024-12-01,3707.61,1590895643.5037131
2024-12-02,3643.42,2685676257.7059803
2024-12-03,3614.51,2452084318.468432
2024-12-04,3837.8,3717845876.32822
2024-12-05,3785.2,3582666348.3152
2024-12-06,3998.87,3214512102.120502
2024-12-07,3996.22,1134606862.3244
2024-12-08,4004.15,1006491826.999275
2024-12-09,3712.0,3487951846.7712
2024-12-10,3628.25,3418559041.772025
2024-12-11,3831.81,1769601819.7749808
2024-12-12,3881.61,2220663779.8852234
2024-12-13,3906.8,1514922987.14364
2024-12-14,3870.29,1027712734.6678911
2024-12-15,3959.09,1004948539.6111691
2024-12-16,3986.24,2684138978.445152
2024-12-17,3893.01,1755070072.147161
2024-12-18,3626.8,2620381358.13624
2024-12-19,3417.01,3684061240.121551
2024-12-20,3472.21,4627704998.61551
2024-12-21,3338.92,1586907940.9144
2024-12-22,3281.83,1187760732.416585
2024-12-23,3422.53,1671061943.3273
2024-12-24,3493.18,1102879631.5776339
2024-12-25,3497.0,768801620.0644
2024-12-26,3335.05,1034433031.7950951
2024-12-27,3333.51,1141825859.563338
2024-12-28,3404.0,598980138.6520001
2024-12-29,3356.48,524473098.959712
2024-12-30,3361.84,1414644278.0875843
2024-12-31,3337.78,1011524804.7559302
2025-01-01,3360.38,639273939.958718
2025-01-02,3455.67,1170203510.001558
2025-01-03,3609.01,1205557527.3942041
2025-01-04,3656.88,838399395.7805041
2025-01-05,3635.99,565193462.585859
2025-01-06,3687.45,1215539738.08176
2025-01-07,3381.31,1831125733.118494
2025-01-08,3327.29,1945632703.3920832
2025-01-09,3219.2,1615453872.7942398
2025-01-10,3267.04,1483700515.176432
2025-01-11,3282.83,497938829.42482096
2025-01-12,3267.3,538712328.92157
2025-01-13,3137.51,2654043450.224419
2025-01-14,3225.63,1207380571.057071
2025-01-15,3451.52,1602154283.11168
2025-01-16,3308.05,1559026665.273535
2025-01-17,3473.63,1801251466.269119
2025-01-18,3307.71,2097740182.587651
2025-01-19,3215.12,4315660468.448104
2025-01-20,3284.0,3804037102.1176
2025-01-21,3327.54,1825841333.9428022
2025-01-22,3242.6,1132448055.30148
2025-01-23,3338.21,2021595682.1767251
2025-01-24,3310.09,1494585988.096768
2025-01-25,3318.77,692159490.158955
2025-01-26,3232.61,879804816.74409
2025-01-27,3182.44,2396392445.819076
2025-01-28,3077.72,1080155741.128556
2025-01-29,3113.9,1275880846.44064
2025-01-30,3247.39,1138663148.4261968
2025-01-31,3300.99,2141291659.969539
2025-02-01,3117.54,1103812587.27885
2025-02-02,2869.68,3015476761.2023997
2025-02-03,2879.9,8086698782.577901
2025-02-04,2731.19,3440191607.213361
2025-02-05,2788.25,1914393051.865925
2025-02-06,2686.64,1932929899.143144
2025-02-07,2622.1,1823584967.80252
2025-02-08,2632.46,999505972.338214
2025-02-09,2627.18,1017156850.2420979
2025-02-10,2661.19,1059614728.649204
2025-02-11,2602.59,1260164041.111665
2025-02-12,2738.27,1769732662.866093
2025-02-13,2675.87,1187468917.455711
2025-02-14,2725.95,1144614918.3918898
2025-02-15,2693.04,546610178.50068
2025-02-16,2661.41,508945509.983274
2025-02-17,2744.05,1755478052.247785
2025-02-18,2671.99,1616190221.887663
2025-02-19,2715.5,885671241.8531001
2025-02-20,2738.04,921994595.9573759
2025-02-21,2663.0,2371241880.8452
2025-02-22,2763.22,1229604347.371418
2025-02-23,2819.69,1722836573.9461179
2025-02-24,2513.52,2204046295.2818637
2025-02-25,2495.7,3299357506.95126
2025-02-26,2336.37,2016491072.5377207
2025-02-27,2307.72,1471365142.1698318
2025-02-28,2237.59,2889934875.643763
2025-03-01,2217.39,989911029.964269
2025-03-02,2518.11,3189651598.2716284
2025-03-03,2149.01,2384466711.096703
2025-03-04,2171.51,2731373783.453172
2025-03-05,2241.59,1540265506.8836231
2025-03-06,2202.2,1314511664.1657
2025-03-07,2141.6,1675560557.30096
2025-03-08,2203.58,724521894.6704819
2025-03-09,2020.41,1215623293.515162
2025-03-10,1865.1,2329034954.89614
2025-03-11,1923.43,2253159757.0782847
2025-03-12,1908.2,1505073050.3156602
2025-03-13,1864.59,1061953483.725498
2025-03-14,1911.65,718409034.2685751
2025-03-15,1937.17,405925968.144975
2025-03-16,1887.0,612834680.6268
2025-03-17,1926.31,645006579.861387
2025-03-18,1931.54,643001969.77887
2025-03-19,2056.06,1422401847.560604
2025-03-20,1983.79,796529234.573878
2025-03-21,1965.75,516287841.17924994
2025-03-22,1980.69,338268095.892606
2025-03-23,2005.99,539024604.664567
2025-03-24,2081.2,994632151.4104799
2025-03-25,2066.15,679278484.92658
2025-03-26,2009.52,862034502.328272
2025-03-27,2003.66,722589600.108178
2025-03-28,1896.9,1187777288.5720801
2025-03-29,1828.08,749091894.6344401
2025-03-30,1807.74,592655713.964424
2025-03-31,1822.43,907305714.883636
2025-04-01,1904.98,862935170.7650521
2025-04-02,1795.22,1347924389.2006059
2025-04-03,1817.23,923289164.96014
2025-04-04,1816.87,1040584076.8722739
2025-04-05,1806.01,364301600.060296
2025-04-06,1580.76,1548903095.156808
2025-04-07,1553.04,3368226950.2453675
2025-04-08,1473.41,1314055010.381507
2025-04-09,1669.51,3286482045.898238
2025-04-10,1522.25,1388071872.60315
2025-04-11,1566.85,906398154.128355
2025-04-12,1644.18,825161169.247794
2025-04-13,1597.76,926919077.1835201
2025-04-14,1623.77,1048841986.512963
2025-04-15,1588.78,756543499.23737
2025-04-16,1577.14,964244263.0838041
2025-04-17,1583.62,712423703.937336
2025-04-18,1588.6,318369794.43073994
2025-04-19,1613.27,359914712.933973
2025-04-20,1587.36,438194268.765216
2025-04-21,1579.57,1092251594.119319
2025-04-22,1756.26,1937219688.910836
2025-04-23,1795.07,1593206536.9162118
2025-04-24,1769.65,855563905.381525
2025-04-25,1784.6,1062927193.2232399
2025-04-26,1820.88,646536300.322896
2025-04-27,1791.29,609634460.975115
2025-04-28,1799.88,1057015065.03084
2025-04-29,1797.81,863769299.629404
2025-04-30,1793.61,849317359.578597
2025-05-01,1838.11,987430355.9460009
2025-05-02,1842.2,756532359.325
2025-05-03,1833.52,391917829.781608
2025-05-04,1808.86,430968775.117704
2025-05-05,1820.19,623125678.9874821
2025-05-06,1817.0,698789573.3467
2025-05-07,1811.11,826174176.3832549
2025-05-08,2207.39,3251822507.5495396
2025-05-09,2345.04,3909277916.220528
2025-05-10,2583.23,2529886715.366738
2025-05-11,2514.57,2091077156.544816
2025-05-12,2495.47,2666861233.5768504
2025-05-13,2679.71,2763734039.4825153
2025-05-14,2609.74,2166207150.592828
2025-05-15,2548.69,1959825454.876508
2025-05-16,2537.12,1537377230.7933278
2025-05-17,2475.08,1223514410.207256
2025-05-18,2497.78,2023459533.679078
2025-05-19,2528.14,2178618382.79722
2025-05-20,2524.19,1708849304.885993
2025-05-21,2550.99,2795605171.3972974
2025-05-22,2664.82,2271907392.268458
2025-05-23,2526.5,2454349358.0098
2025-05-24,2530.4,651689930.72576
2025-05-25,2551.22,918158642.081478
2025-05-26,2563.7,930549055.72934
2025-05-27,2660.81,2124472886.3098218
2025-05-28,2681.6,1501952584.33728
2025-05-29,2631.39,2135549957.818755
2025-05-30,2531.34,1931526979.335576
2025-05-31,2528.06,997413845.5439259
2025-06-01,2539.21,843072843.2020481
2025-06-02,2607.41,1222588406.3251169
2025-06-03,2593.36,1178378810.728504
2025-06-04,2607.68,1310345695.868352
2025-06-05,2414.01,1952784504.4219441
2025-06-06,2476.1,1433274383.91214
2025-06-07,2524.63,668490906.168009
2025-06-08,2509.83,668806231.187637
2025-06-09,2680.13,1524260425.119325
2025-06-10,2816.4,3206205186.8310003
2025-06-11,2771.61,2356453122.349164
2025-06-12,2642.65,1848780434.293605
2025-06-13,2579.19,3100641083.975268
2025-06-14,2530.76,838792380.9191281
2025-06-15,2547.61,763522952.1468639
2025-06-16,2544.17,1731129562.56996
2025-06-17,2509.95,1796949527.8105948
2025-06-18,2525.0,1273943759.045
2025-06-19,2521.12,636951032.26608
2025-06-20,2406.49,1520968636.974515
2025-06-21,2295.73,1140481620.10072
2025-06-22,2227.7,1871615141.3771498
2025-06-23,2411.66,1795682967.831498
2025-06-24,2448.45,1265262643.1187449
2025-06-25,2418.49,1003418776.5985628
2025-06-26,2415.96,1120290378.8965561
2025-06-27,2423.17,924378208.72822
2025-06-28,2435.62,379506095.957758
2025-06-29,2500.09,710755100.5125132
2025-06-30,2485.47,1094739463.4755797
2025-07-01,2405.01,846445883.264868
2025-07-02,2570.41,1632125613.092817
2025-07-03,2591.25,1308435256.902
2025-07-04,2508.04,1135121397.8808
2025-07-05,2516.41,395574860.252078
2025-07-06,2570.35,713512791.7541649
2025-07-07,2542.29,802620089.325288
2025-07-08,2615.25,970037368.3745251
2025-07-09,2768.74,1899686164.4287279
2025-07-10,2951.29,2809321352.4302998
2025-07-11,2958.22,2682629766.223358
2025-07-12,2943.28,1026865912.2696562
2025-07-13,2972.03,1062005886.7602481
2025-07-14,3013.62,2457765775.887552
2025-07-15,3137.89,2709830774.691453
2025-07-16,3371.35,3829686998.3341846
2025-07-17,3476.87,3386700249.835368
2025-07-18,3546.92,4127988485.7700844
2025-07-19,3592.01,1371400399.228813
2025-07-20,3756.69,3202039340.216577
2025-07-21,3762.33,3055290573.328422
2025-07-22,3746.21,3259679916.205544
2025-07-23,3628.29,2903573187.496725
2025-07-24,3706.94,2778201380.3953
2025-07-25,3724.96,2848129470.453456
2025-07-26,3741.1,1523599272.64864
2025-07-27,3872.1,1770914462.3020499
2025-07-28,3799.0,2359159041.1937
2025-07-29,3793.79,2216371722.5119467
2025-07-30,3810.0,2001868870.143
2025-07-31,3698.39,1908696363.705017
2025-08-01,3488.2,2734292374.95994
2025-08-02,3393.94,1677270585.961036
2025-08-03,3496.74,1036250771.876892
2025-08-04,3720.99,1724120664.7782388
2025-08-05,3612.0,1766524303.5468001
2025-08-06,3683.31,1345549683.276855
2025-08-07,3910.31,2470060660.4380317
2025-08-08,4009.5,2900071393.70355
2025-08-09,4260.62,2948059764.352976
2025-08-10,4250.57,2103368255.5969849
2025-08-11,4223.22,3051969227.0088005
2025-08-12,4590.52,4063932569.061904
2025-08-13,4749.3,4397526467.25084
2025-08-14,4546.84,5753794337.131853
2025-08-15,4439.47,3908550493.4966774
2025-08-16,4421.99,1586064287.138916
2025-08-17,4472.33,1978833316.5851572
2025-08-18,4312.99,3550402159.438431
2025-08-19,4075.59,3387723311.481609
2025-08-20,4336.16,3158133269.331728
2025-08-21,4225.3,1833088937.53976
2025-08-22,4832.07,6175272559.940787
2025-08-23,4778.4,2448653277.12192
2025-08-24,4780.15,3731713861.1643624
2025-08-25,4376.18,4568369423.068262
2025-08-26,4600.63,3840377165.4943213
2025-08-27,4506.71,2734082876.362981
2025-08-28,4511.21,2189034890.694267
2025-08-29,4360.18,2960840738.269986
2025-08-30,4373.7,1488454008.93762
2025-08-31,4391.83,1566065909.699563
2025-09-01,4314.5,2216919705.42275
2025-09-02,4326.5,2269703754.0168
2025-09-03,4450.46,2167782065.3206058
2025-09-04,4297.55,2027565651.79148
2025-09-05,4307.45,2688580529.79173
2025-09-06,4273.14,816879374.3774041
2025-09-07,4306.19,730419552.942268
2025-09-08,4306.37,1605769733.7641351
2025-09-09,4310.09,1747680214.5713892
2025-09-10,4349.32,2203512996.571336
2025-09-11,4458.82,1967497419.0494177
2025-09-12,4712.16,2406865493.8288317
2025-09-13,4666.53,1840449971.7294567
2025-09-14,4604.49,1281173191.2990448
2025-09-15,4523.74,1865101670.486938
2025-09-16,4501.29,1320260360.721771
2025-09-17,4590.53,2189597683.670733
2025-09-18,4587.66,1333450985.1478198
2025-09-19,4468.59,1481834260.735038
2025-09-20,4480.42,585957898.64346
2025-09-21,4444.97,663855496.9642141
2025-09-22,4199.08,2973970002.3839836
2025-09-23,4164.26,1312690958.590282
2025-09-24,4152.81,1468705903.7085512
2025-09-25,3874.36,3604424408.7876363
2025-09-26,4032.24,2321405269.0094156
2025-09-27,4018.38,693947157.388644
2025-09-28,4142.16,995493012.6612239
2025-09-29,4215.07,1604798030.4634879
2025-09-30,4145.15,1621278497.2865798
2025-10-01,4348.03,2204565920.597066
2025-10-02,4484.35,2360611872.341385
2025-10-03,4512.87,2191828873.573629
2025-10-04,4487.15,896230624.29192
2025-10-05,4514.32,2286900165.9072475
2025-10-06,4684.01,2136848419.721728
2025-10-07,4447.7,2849578819.31163
2025-10-08,4525.72,1809855018.4841642
2025-10-09,4368.09,2253839140.943661
2025-10-10,3829.72,5721490711.565167
2025-10-11,3746.79,2959535685.2871776
2025-10-12,4152.29,3368786726.46808
2025-10-13,4240.85,2641260432.563995
2025-10-14,4125.02,3972380918.8603168
2025-10-15,3985.61,2495317470.7859263
2025-10-16,3894.51,2507303516.226513
2025-10-17,3831.57,3180690048.483945
2025-10-18,3889.21,975066219.685441
2025-10-19,3982.58,1627036281.6066098
2025-10-20,3979.22,2034902795.580522
2025-10-21,3873.05,2287400626.95551
2025-10-22,3805.53,2257174353.300465
2025-10-23,3856.8,1840584590.6080801
2025-10-24,3934.88,1675971390.977904
2025-10-25,3953.82,547708189.105116
2025-10-26,4158.46,1433413226.826628
2025-10-27,4120.15,2007053733.5763648
2025-10-28,3979.2,1882025661.3758397
2025-10-29,3902.99,1898618511.944973
2025-10-30,3805.09,2022237881.7408073
2025-10-31,3847.99,1841787694.113005
2025-11-01,3873.77,592679692.3350021
2025-11-02,3906.58,844146128.5346359
2025-11-03,3603.83,3161234214.405316
2025-11-04,3287.05,5154108330.189196
2025-11-05,3424.29,2772276122.735628
2025-11-06,3315.14,1877574957.412542
2025-11-07,3436.05,2348256307.10367
2025-11-08,3401.51,991649993.2950311
2025-11-09,3583.46,1663076805.4199202
2025-11-10,3567.85,2123844879.3719301
2025-11-11,3417.76,2256689764.938672
2025-11-12,3414.92,1888798866.0170562
2025-11-13,3231.54,3076390968.3484383
2025-11-14,3112.4,2771424594.4588404
2025-11-15,3167.88,1072211683.3202161
2025-11-16,3095.29,1766276416.6239607
2025-11-17,3031.44,2311474300.184616
2025-11-18,3123.66,2394723032.883228
2025-11-19,3025.48,2232582516.488008
2025-11-20,2834.22,2586294825.042996
2025-11-21,2765.85,3265017908.599725
2025-11-22,2770.12,733226688.610068
2025-11-23,2802.16,1148349192.038544
2025-11-24,2953.38,2112492923.117238
2025-11-25,2959.36,1265678180.958208
2025-11-26,3026.56,1103288036.25856
2025-11-27,3015.23,829129137.923465
2025-11-28,3031.15,1050645171.756625
2025-11-29,2989.16,651350310.127548
2025-11-30,2991.26,546570281.902878
2025-12-01,2799.07,2376418801.738463
2025-12-02,2996.07,1569063905.880702
2025-12-03,3188.36,1765298690.078056
2025-12-04,3133.26,1524952624.7107623
2025-12-05,3021.78,1602700435.331508
2025-12-06,3038.06,485242737.129328
2025-12-07,3059.85,1196798136.04875
2025-12-08,3124.16,1414682820.702112
2025-12-09,3318.04,2003631454.562232
2025-12-10,3324.14,1793657589.3974898
2025-12-11,3237.39,1632014396.519949
2025-12-12,3084.86,1344031682.09541
2025-12-13,3114.64,425041704.448088
2025-12-14,3063.5,854895269.01075
2025-12-15,2964.85,1543233941.564175
2025-12-16,2962.3,1120617697.23057
2025-12-17,2833.49,1410030807.9985378
2025-12-18,2828.57,1683717040.217429
2025-12-19,2979.5,1584207729.5500503
2025-12-20,2977.93,273325652.321062
2025-12-21,3002.02,487062154.60953397
2025-12-22,3009.49,898162919.3157169
2025-12-23,2965.02,1145878669.16994
2025-12-24,2947.47,580756401.4437059
2025-12-25,2903.95,548037213.6174951
2025-12-26,2927.99,921822016.469211
2025-12-27,2949.05,280278878.64418
2025-12-28,2950.91,380177949.11648995
2025-12-29,2937.9,1427699481.97296
2025-12-30,2973.69,852209857.395351
2025-12-31,2971.64,694560194.964468
2026-01-01,3004.19,408835773.001733
2026-01-02,3125.45,1156076591.372705
2026-01-03,3127.11,420299925.651438
2026-01-04,3144.7,571002262.92642
2026-01-05,3224.99,1233386659.838382
2026-01-06,3296.84,1359958060.6991441
2026-01-07,3168.72,1018268560.1681999
2026-01-08,3106.65,1067494958.618325
2026-01-09,3088.4,848035890.77172
2026-01-10,3086.72,254163780.054912
2026-01-11,3123.45,466585010.552925
2026-01-12,3095.75,920593913.870575
2026-01-13,3325.82,1522501467.7909122
2026-01-14,3354.92,1689001179.438428
2026-01-15,3318.69,1294268643.59484
2026-01-16,3296.28,738108910.0301281
2026-01-17,3310.56,411585472.309968
2026-01-18,3284.03,569300730.367478
2026-01-19,3189.55,1411505241.87218
2026-01-20,2939.88,1523347267.400556
2026-01-21,2982.27,1723156345.901187
2026-01-22,2952.69,861183735.3318809
2026-01-23,2956.41,941366270.791197
2026-01-24,2953.22,271941073.455558
2026-01-25,2816.89,1070943641.8156139
2026-01-26,2930.35,1421715967.26402
2026-01-27,3026.77,1449194468.9158762
2026-01-28,3010.78,893020395.2198222
2026-01-29,2822.59,1584287583.5465612
2026-01-30,2707.38,2147709391.673976
2026-01-31,2451.95,2729259937.88074
2026-02-01,2270.15,2330476844.87399
2026-02-02,2347.02,2930337111.860028
2026-02-03,2233.72,2950966122.0595236
2026-02-04,2148.26,2716997720.9318004
2026-02-05,1826.83,3566495903.2095327
2026-02-06,2063.38,4337867621.101674
2026-02-07,2087.08,2384731937.752796
2026-02-08,2089.74,1009004317.9496099
2026-02-09,2105.02,1316434369.845638
2026-02-10,2022.67,1161663254.330436
2026-02-11,1941.18,1028157280.2028861
2026-02-12,1947.85,832836667.089165
2026-02-13,2048.72,872037196.384656
2026-02-14,2086.59,460462912.8219451
2026-02-15,1966.58,1641657906.458416
2026-02-16,1998.33,702109135.534689
2026-02-17,1991.66,809105785.8978821
2026-02-18,1955.91,769922473.3108261
2026-02-19,1949.08,585225056.4275639
2026-02-20,1968.88,760486900.7466161
2026-02-21,1973.35,353572708.21476
2026-02-22,1957.82,304099660.55892396
2026-02-23,1856.3,1016063415.53247
2026-02-24,1851.94,811268296.7550961
2026-02-25,2057.48,1405216533.684744
2026-02-26,2027.68,891739916.5106881
2026-02-27,1929.84,827297771.66256
2026-02-28,1964.51,906976908.895585
2026-03-01,1939.71,1026488414.9305441
2026-03-02,2027.35,1170604814.153515
2026-03-03,1982.8,1009899233.32152
2026-03-04,2127.28,1569177062.478656
2026-03-05,2072.86,895802643.4260361
2026-03-06,1978.68,814420249.622892
2026-03-07,1969.59,363310216.8738
2026-03-08,1937.1,757773629.27607
2026-03-09,1992.98,1097784181.672134
2026-03-10,2036.51,943742915.316089
2026-03-11,2051.97,718315195.4743199
2026-03-12,2073.52,830460960.8264639
2026-03-13,2092.22,1254614452.0195777
2026-03-14,2096.16,319665620.38435197
2026-03-15,2178.3,611723140.0919101
2026-03-16,2352.97,1990360324.203532
2026-03-17,2317.39,1144399256.536824
2026-03-18,2203.39,1075344413.752693
2026-03-19,2137.81,1049219359.28299
2026-03-20,2146.22,644201191.9179159
2026-03-21,2084.87,276369250.960602
2026-03-22,2053.89,643012486.727508
2026-03-23,2152.03,1322440591.4619071
2026-03-24,2156.23,682885529.1555439
2026-03-25,2169.02,597871981.64001
2026-03-26,2060.43,696447229.596234
2026-03-27,1992.75,786884216.5452
2026-03-28,1994.74,308849195.70307
2026-03-29,1984.64,330892553.701248
2026-03-30,2026.48,685567170.2229121
2026-03-31,2105.43,888276500.439489
2026-04-01,2140.35,854486318.288265
2026-04-02,2057.17,713576384.4225911
2026-04-03,2053.83,279868511.793519
2026-04-04,2065.52,178676652.148112
2026-04-05,2110.17,332042255.053383
2026-04-06,2107.16,750263356.452104
2026-04-07,2240.01,1030616973.7800932
2026-04-08,2190.0,886331614.299
2026-04-09,2190.2,603001374.7470601
2026-04-10,2245.05,612672092.5752901
2026-04-11,2284.99,490782500.05746096
2026-04-12,2191.65,565789530.654465
2026-04-13,2369.46,1075428774.956232
2026-04-14,2322.44,1068571793.129204
2026-04-15,2359.95,632916495.440115
2026-04-16,2348.17,772456205.079009
2026-04-17,2419.0,1189498163.4685
2026-04-18,2350.32,521163220.924416
2026-04-19,2263.27,579593634.3022519
2026-04-20,2313.85,696469002.4827149
2026-04-21,2327.14,527436918.91578
2026-04-22,2374.07,901451296.385413
2026-04-23,2330.26,831077190.9389981
2026-04-24,2314.99,425697997.0253189
2026-04-25,2319.5,158048918.70245
2026-04-26,2369.44,366295572.594736
2026-04-27,2303.67,691939210.141062
2026-04-28,2289.42,430255783.34134203
2026-04-29,2252.9,799955454.86935
2026-04-30,2257.51,377442753.62477607
2026-05-01,2295.63,438654845.73465
2026-05-02,2316.97,198305922.896628
2026-05-03,2322.65,350893034.59463
2026-05-04,2347.16,1063312297.4072598
2026-05-05,2360.77,676683395.9150239
2026-05-06,2350.84,988921553.380524
2026-05-07,2291.06,1075702930.816068
2026-05-08,2307.06,971353372.076892
2026-05-09,2326.44,536084260.89108
2026-05-10,2371.27,944056799.686121
2026-05-11,2339.87,554460404.100824
2026-05-12,2274.96,575521901.910672
2026-05-13,2258.65,583761034.3386351
2026-05-14,2283.25,586066518.568675
2026-05-15,2224.66,641895722.880262
2026-05-16,2180.77,434602548.101597
2026-05-17,2131.0,373173932.55189997
2026-05-18,2130.08,813431527.7874559
2026-05-19,2111.93,394814912.24475
2026-05-20,2129.44,402652176.77536
2026-05-21,2133.76,496929470.9809921
2026-05-22,2065.85,458170936.92858
2026-05-23,2117.68,742344738.0169519
2026-05-24,2099.85,415242734.735925
2026-05-25,2113.01,351665291.648679
2026-05-26,2073.77,585950576.8491919
2026-05-27,2024.84,542582519.427332
2026-05-28,2009.9,731271807.91889
2026-05-29,2014.54,570408328.4053
2026-05-30,2022.44,198153685.683156
2026-05-31,2007.01,328618777.42555803
2026-06-01,2006.73,751376470.1506469
2026-06-02,1859.84,1035718006.061312
2026-06-03,1813.05,1060199991.5274899
2026-06-04,1770.77,1148001001.727927
2026-06-05,1583.4,1990354638.81072
2026-06-06,1569.69,876606514.410168
2026-06-07,1690.51,774727921.7223591
2026-06-08,1690.49,811481370.831929
2026-06-09,1639.52,629817074.5632479
2026-06-10,1621.59,471544234.816221
2026-06-11,1673.46,466071529.780584
2026-06-12,1666.41,336428199.077382
2026-06-13,1681.18,179468667.83308598
2026-06-14,1725.62,307177536.994042
2026-06-15,1796.13,833647256.101989
2026-06-16,1792.99,633961009.58151
2026-06-17,1750.6,585572299.4595
2026-06-18,1711.11,534689305.047816
2026-06-19,1711.19,282480162.320096
2026-06-20,1741.08,278210343.88078797
2026-06-21,1706.94,211255108.66416603
2026-06-22,1728.19,453921515.36057997
2026-06-23,1667.13,413885048.06556
2026-06-24,1622.17,577051841.784451
2026-06-25,1567.84,690901628.4792
2026-06-26,1578.68,668873201.394124
2026-06-27,1573.99,207125058.401602
2026-06-28,1571.96,220359147.50673202
2026-06-29,1613.07,500001654.18063605
2026-06-30,1572.01,349076145.574442
2026-07-01,1609.58,493394715.45938
2026-07-02,1700.57,635083832.4396739
2026-07-03,1758.21,429736181.48627996
2026-07-04,1780.64,339888829.76180804
2026-07-05,1785.65,695820340.815915
2026-07-06,1799.56,550448207.814624
2026-07-07,1771.45,427870232.032685
2026-07-08,1743.54,392699650.733916
2026-07-09,1745.16,303143466.655152
2026-07-10,1796.85,387411289.815825
2026-07-11,1787.76,319478823.10000795
2026-07-12,1806.8,254890666.5878
2026-07-13,1776.72,524188579.531056
2026-07-14,1891.87,697936897.83364
2026-07-15,1917.86,613333486.9816979
2026-07-16,1864.71,506621356.11447304
2026-07-17,1841.93,466059413.872308
2026-07-18,1862.61,172473817.731552
2026-07-19,1872.23,269456333.339626
2026-07-20,1904.77,516565305.8694099
2026-07-21,1930.09,631073185.258011
2026-07-22,1934.25,485769141.336525
2026-07-23,1878.38,412847399.50525403
2026-07-24,1861.44,373768656.57398397
2026-07-25,1874.89,165804937.20632002
2026-07-26,1954.72,299528968.094928
2026-07-27,1892.53,648099699.4444
2026-07-28,1922.23,555957284.881267
2026-07-29,1910.72,570469041.92768
2026-07-30,1918.31,338642490.51375794
2026-07-31,1862.6,452434455.33489996
2026-08-01,1844.94,200889959.271732
2026-08-02,1885.36,233134309.954752
2026-08-03,1860.5,326716841.91895
2026-08-04,1869.75,346379685.88769996
2026-08-05,1908.9,454948761.01941
2026-08-06,1904.1,338034327.47535
2026-08-07,1914.18,402507126.28122
2026-08-08,1916.74,109009590.750494
2026-08-09,1910.65,167860777.284445
2026-08-10,1873.16,393005867.83683604
2026-08-11,1882.59,363905619.545994
2026-08-12,1879.81,321928736.660475
2026-08-13,1886.15,290732350.78342
2026-08-14,1882.2,203510566.29348
2026-08-15,1882.64,90737771.211976
2026-08-16,1876.0,128645617.7356
2026-08-17,1913.6,336271736.59455997
2026-08-18,1917.85,277008324.77493995
2026-08-19,2252.8,1801233774.9401603
2026-08-20,2326.82,1509223670.225496
2026-08-21,2516.3,1863730092.00798
2026-08-22,2422.6,1175360462.75626
2026-08-23,2463.41,933255986.3715019
2026-08-24,2482.31,1160319038.5455081
2026-08-25,2442.64,833890331.69704
2026-08-26,2506.78,628157131.325346
2026-08-27,2510.94,845970989.8164
2026-08-28,2442.8,882052250.8761601
2026-08-29,2457.67,254427645.983585
2026-08-30,2416.88,648443950.1210641
2026-08-31,2467.65,654474709.2569251
2026-09-01,2418.57,668946671.022168
2026-09-02,2391.92,683155425.177896
2026-09-03,2507.51,880505368.479759
2026-09-04,2455.85,1012467775.203395
2026-09-05,2480.34,322683706.839114
2026-09-06,2514.48,547377363.170664
2026-09-07,2490.16,638597007.37928
2026-09-08,2485.06,607403651.419632
2026-09-09,2468.13,744748034.369913
2026-09-10,2438.27,847138416.824721
2026-09-11,2516.43,1609513491.7559037
2026-09-12,2525.93,403942496.68799394
2026-09-13,2477.1,536219492.44592994
2026-09-14,2515.75,894128733.4759749
2026-09-15,2398.26,1061519661.7191662
2026-09-16,2418.26,778428554.67988
2026-09-17,2447.28,582158946.5770321
2026-09-18,2612.14,1325172813.084102
2026-09-19,2632.69,477715570.869485
2026-09-20,2645.21,585652198.1981831
2026-09-21,2776.19,1591006552.755268
2026-09-22,2753.63,834393054.8024281
2026-09-23,2684.71,890548170.1032139
2026-09-24,2688.05,717193947.862685
2026-09-25,2691.61,631714553.290423
2026-09-26,2696.33,233189430.95293298
2026-09-27,2688.65,412347102.81937003
