time,PriceUSD,volume_reported_spot_usd_1d
2017-12-13,290.01,2773992.1067019003
2017-12-14,272.4,2623752.3925679997
2017-12-15,294.0,4874456.0109
2017-12-16,293.97,2675744.3516985
2017-12-17,311.4,4572056.131452
2017-12-18,352.0,6057941.60224
2017-12-19,338.48,7849461.3481616005
2017-12-20,302.7,9561314.404197
2017-12-21,302.0,7916071.8066
2017-12-22,250.99,20388777.1525075
2017-12-23,253.44,9810444.461875198
2017-12-24,262.9,8790159.304058
2017-12-25,261.2,6377378.67204
2017-12-26,277.98,6112193.720575801
2017-12-27,262.59,6574409.5884738
2017-12-28,244.68,8522760.1612584
2017-12-29,238.27,8335883.4960109
2017-12-30,206.03,10905204.614546001
2017-12-31,223.69,6652339.4601889
2018-01-01,222.61,4501453.13033
2018-01-02,247.33,15654289.679662202
2018-01-03,238.77,17040841.7535468
2018-01-04,233.0,18216477.04869
2018-01-05,240.54,15637540.194111
2018-01-06,275.28,27751586.187335994
2018-01-07,269.01,11785761.4966308
2018-01-08,252.65,19266323.687779002
2018-01-09,244.48,13182827.131481599
2018-01-10,247.63,17564718.0294855
2018-01-11,223.77,18761430.1697838
2018-01-12,233.11,10647720.486763302
2018-01-13,257.98,11044414.9510684
2018-01-14,234.12,14563060.6096884
2018-01-15,229.5,8205990.205995
2018-01-16,179.28,26899901.4468816
2018-01-17,182.44,28394963.2802724
2018-01-18,186.14,18311104.792533
2018-01-19,191.42,11364500.7296298
2018-01-20,210.4,12447821.04452
2018-01-21,190.16,12325602.1671176
2018-01-22,178.0,10746992.169
2018-01-23,176.98,8762348.1815324
2018-01-24,180.89,7832265.303219999
2018-01-25,179.59,7151272.145976101
2018-01-26,177.09,8761289.8384395
2018-01-27,182.1,5722469.3915099995
2018-01-28,196.74,9300994.3551204
2018-01-29,181.5,6697394.2587749995
2018-01-30,168.21,9520598.6115408
2018-01-31,165.19,6153927.366010301
2018-02-01,143.69,9313830.2469536
2018-02-02,131.68,16353738.9699456
2018-02-03,160.3,22961806.372925002
2018-02-04,147.09,44135706.65571389
2018-02-05,125.17,37547297.5640258
2018-02-06,141.0,55428333.4539
2018-02-07,137.21,24504137.763793398
2018-02-08,142.37,552035.7384695
2018-02-09,163.73,10676028.9534528
2018-02-10,154.65,20585022.5862885
2018-02-11,148.28,13439924.598817201
2018-02-12,161.49,14940295.289921401
2018-02-13,159.63,12222105.474776398
2018-02-14,212.25,155793760.695975
2018-02-15,220.64,149241049.25875038
2018-02-16,228.08,93065866.1165384
2018-02-17,228.0,43334717.69868
2018-02-18,213.66,64560553.79032079
2018-02-19,221.44,38024834.6260352
2018-02-20,228.51,122100854.6220246
2018-02-21,209.6,103425652.80419199
2018-02-22,192.61,76369200.283629
2018-02-23,206.4,88139849.424816
2018-02-24,206.5,67410498.623965
2018-02-25,217.78,68533027.4544042
2018-02-26,218.5,89252907.26006
2018-02-27,214.6,53423765.952434
2018-02-28,201.86,37462811.4416614
2018-03-01,209.17,25418592.1085681
2018-03-02,212.8,19120757.125344
2018-03-03,210.04,25230210.7421196
2018-03-04,213.19,14300771.406607
2018-03-05,210.14,15062919.449328799
2018-03-06,196.24,25512482.86994
2018-03-07,185.25,42491201.93214
2018-03-08,175.24,28061625.6997648
2018-03-09,185.79,57367107.386407495
2018-03-10,176.74,33058130.7877732
2018-03-11,188.16,37200298.056230396
2018-03-12,177.8,25396082.104610004
2018-03-13,175.01,20295026.9758115
2018-03-14,160.15,24233926.638023
2018-03-15,164.0,34018199.29636
2018-03-16,164.1,18677608.183248
2018-03-17,151.75,15953315.434035
2018-03-18,153.5,37099982.573925
2018-03-19,161.2,27703077.596896
2018-03-20,168.24,21161826.9655056
2018-03-21,168.54,18691560.0120084
2018-03-22,163.65,16463947.2756465
2018-03-23,168.66,13617591.721212601
2018-03-24,158.92,11724124.736175599
2018-03-25,160.01,7392971.9022669
2018-03-26,147.83,14710310.8447958
2018-03-27,135.0,13967557.5285
2018-03-28,131.22,11001466.3557168
2018-03-29,114.7,21493950.706383
2018-03-30,118.35,29833566.50304
2018-03-31,116.05,14881995.34382
2018-04-01,114.74,12989702.0993392
2018-04-02,119.05,10853603.2855815
2018-04-03,134.04,18669550.595292002
2018-04-04,118.07,19950875.829564996
2018-04-05,118.26,14854827.6161406
2018-04-06,112.79,9377131.8302988
2018-04-07,115.8,8474045.770086
2018-04-08,117.55,5000621.174114499
2018-04-09,114.79,11322861.5446076
2018-04-10,114.25,6232855.29471
2018-04-11,118.4,7416150.952288
2018-04-12,129.67,30108236.571067598
2018-04-13,125.1,23499111.93714
2018-04-14,126.4,9746505.478688
2018-04-15,132.45,8093400.420752999
2018-04-16,128.96,11160811.02448
2018-04-17,132.09,21874352.356938902
2018-04-18,140.36,14168329.786842
2018-04-19,146.71,14294240.385404902
2018-04-20,155.71,21659702.2291986
2018-04-21,148.4,22399560.927968003
2018-04-22,146.38,12337901.081376
2018-04-23,152.56,11272926.5562376
2018-04-24,164.78,28460483.259870198
2018-04-25,144.75,27901604.009542502
2018-04-26,153.19,15085977.2619464
2018-04-27,144.9,13790761.652997
2018-04-28,152.1,12265751.165615998
2018-04-29,153.5,14343581.885699999
2018-04-30,148.37,13716149.4864823
2018-05-01,148.29,13104018.815661898
2018-05-02,151.58,11593785.9356748
2018-05-03,161.38,30780439.4884948
2018-05-04,169.44,29681540.3864832
2018-05-05,179.04,40632737.254152
2018-05-06,172.32,34152371.9989392
2018-05-07,164.59,28066518.132676102
2018-05-08,158.89,18004769.1107625
2018-05-09,156.72,15176384.0268192
2018-05-10,148.16,12892204.4997824
2018-05-11,136.32,20097058.3032
2018-05-12,141.57,13020945.184575899
2018-05-13,144.24,12906143.3292552
2018-05-14,147.42,25280933.585871596
2018-05-15,139.35,14647482.992638499
2018-05-16,138.92,9842785.9541816
2018-05-17,132.31,7701710.164888
2018-05-18,135.95,9048396.013788
2018-05-19,134.95,5105235.233919499
2018-05-20,139.64,6563613.7976388
2018-05-21,134.25,5842052.387325
2018-05-22,127.89,5338836.9916623
2018-05-23,118.37,12675120.5404271
2018-05-24,122.58,9710847.3038148
2018-05-25,118.87,11678074.4814597
2018-05-26,118.45,14402841.23412
2018-05-27,117.71,14015983.4568638
2018-05-28,110.82,8327243.850533399
2018-05-29,119.28,8449305.120228
2018-05-30,117.18,5570861.9170176005
2018-05-31,118.25,6602049.58842
2018-06-01,120.19,6202454.8697146
2018-06-02,123.44,5562124.0630512
2018-06-03,125.33,6628012.3772134
2018-06-04,119.77,7148621.623535
2018-06-05,122.18,5972112.88795
2018-06-06,121.61,4477395.7432651
2018-06-07,121.54,4809738.4055632
2018-06-08,119.68,3468589.4015872004
2018-06-09,117.4,2002921.8784639998
2018-06-10,106.48,9442986.4460096
2018-06-11,107.2,6092843.57192
2018-06-12,99.68,7320957.615361601
2018-06-13,93.37,15699984.0755541
2018-06-14,100.88,17945528.881092798
2018-06-15,95.5,14887996.011145001
2018-06-16,96.66,12567152.7818316
2018-06-17,94.95,11368657.1452185
2018-06-18,98.7,15970100.451710999
2018-06-19,98.67,12833563.9950375
2018-06-20,97.72,13874836.9098556
2018-06-21,96.72,13305269.874000002
2018-06-22,84.8,19682835.905504
2018-06-23,82.73,13720750.282442601
2018-06-24,80.37,20116998.3174966
2018-06-25,81.48,13422719.694039602
2018-06-26,75.54,8923025.042883601
2018-06-27,80.6,11217531.927653998
2018-06-28,74.05,13316342.312122999
2018-06-29,78.94,14381673.202051198
2018-06-30,81.33,13859225.6463759
2018-07-01,79.95,11608372.614559501
2018-07-02,85.36,14598961.3210584
2018-07-03,85.09,16383142.4455241
2018-07-04,85.28,10166218.4444496
2018-07-05,83.33,14212900.8937227
2018-07-06,83.1,12983709.137151
2018-07-07,84.79,13693404.3515134
2018-07-08,82.22,12428613.5549578
2018-07-09,80.46,13271296.959836999
2018-07-10,75.81,16049581.333818901
2018-07-11,78.18,15024789.2845878
2018-07-12,76.79,13973226.1450565
2018-07-13,76.53,12830657.761059599
2018-07-14,76.18,10878386.256953802
2018-07-15,78.54,11777528.5956174
2018-07-16,83.49,15271758.759582598
2018-07-17,89.06,18229644.8714936
2018-07-18,86.21,17886413.543742098
2018-07-19,86.0,13272805.85222
2018-07-20,81.87,14087176.9712562
2018-07-21,83.44,11192845.918693598
2018-07-22,82.21,11300407.094464999
2018-07-23,81.38,11691786.1081762
2018-07-24,89.12,18527261.5810576
2018-07-25,86.38,14181591.915759798
2018-07-26,83.37,12654552.654324
2018-07-27,84.39,13395599.7477258
2018-07-28,84.07,10506603.684493
2018-07-29,83.85,10021144.45644
2018-07-30,82.18,12076108.578039803
2018-07-31,78.69,12426079.864629
2018-08-01,77.53,10825885.8649057
2018-08-02,76.11,10233636.412167
2018-08-03,77.7,10994775.22899
2018-08-04,73.13,10892652.405004099
2018-08-05,74.61,9993699.3842811
2018-08-06,73.62,10130632.694382602
2018-08-07,67.35,11046711.1879845
2018-08-08,62.13,11538807.704576101
2018-08-09,62.89,11270468.3250218
2018-08-10,59.16,10737176.4836892
2018-08-11,57.6,11258516.241216
2018-08-12,59.32,10289361.4834404
2018-08-13,56.44,10858162.904163599
2018-08-14,54.24,12514406.269368
2018-08-15,54.32,12632954.9789184
2018-08-16,55.29,8493958.5863565
2018-08-17,61.75,14222653.3666425
2018-08-18,57.04,11745536.6333264
2018-08-19,57.67,10567204.324187001
2018-08-20,53.39,11761672.1716165
2018-08-21,56.42,9940588.6885578
2018-08-22,55.14,13400393.6730444
2018-08-23,57.29,9635884.3108356
2018-08-24,57.82,9415991.8140932
2018-08-25,57.89,8174091.7267954005
2018-08-26,56.99,8491767.2876239
2018-08-27,60.61,10518713.743469799
2018-08-28,63.13,13505170.6314311
2018-08-29,61.41,11390630.6327301
2018-08-30,60.23,10816653.6889858
2018-08-31,62.04,10943653.495856399
2018-09-01,66.49,13978331.0743337
2018-09-02,66.21,11940059.117388599
2018-09-03,65.44,10613693.6911888
2018-09-04,67.6,14921379.77876
2018-09-05,57.82,19157013.405210797
2018-09-06,57.61,14490605.1039939
2018-09-07,55.66,10794122.5874174
2018-09-08,53.07,9959096.5731219
2018-09-09,54.74,11437380.418762201
2018-09-10,54.34,12326488.5419676
2018-09-11,52.04,12480802.6765096
2018-09-12,51.69,14285857.0052784
2018-09-13,54.44,12678217.439825598
2018-09-14,56.24,15691127.328060001
2018-09-15,56.22,13273435.248339599
2018-09-16,56.75,10962725.7970475
2018-09-17,52.07,13354721.1487593
2018-09-18,53.96,12127587.178988
2018-09-19,54.27,12419377.5571254
2018-09-20,56.53,10967331.4591321
2018-09-21,60.83,19679930.9835513
2018-09-22,60.65,12788761.790226499
2018-09-23,61.38,15026336.1479682
2018-09-24,58.01,13436646.8235696
2018-09-25,57.61,16127707.583343301
2018-09-26,57.18,12932826.022059001
2018-09-27,63.28,31391366.589968
2018-09-28,61.95,18959302.448877
2018-09-29,61.61,12713375.857217299
2018-09-30,61.21,13756718.6309132
2018-10-01,60.45,11433308.368287
2018-10-02,59.46,11309762.9333082
2018-10-03,57.56,11471329.4347872
2018-10-04,58.42,9590891.4313106
2018-10-05,58.93,8958309.301602101
2018-10-06,57.96,8490429.472996801
2018-10-07,58.33,8034525.218703199
2018-10-08,59.66,10634232.935399799
2018-10-09,59.03,9254655.6483175
2018-10-10,58.46,9128181.4441926
2018-10-11,51.36,13856141.886408
2018-10-12,53.74,11001645.4983462
2018-10-13,54.05,8775595.760411
2018-10-14,52.61,9114385.5028714
2018-10-15,56.16,21395147.8381056
2018-10-16,55.54,9928756.4040188
2018-10-17,55.27,10473739.4680345
2018-10-18,53.53,8767074.9158592
2018-10-19,53.71,7044230.8080207
2018-10-20,54.28,7287015.3536012005
2018-10-21,53.61,7498344.7889028005
2018-10-22,53.12,6007669.8629952
2018-10-23,53.33,3013302.195508
2018-10-24,53.11,2670370.0182208
2018-10-25,52.84,2283531.0474048
2018-10-26,52.56,2610637.0068816002
2018-10-27,52.25,2068323.0869125
2018-10-28,52.07,1837466.8328313997
2018-10-29,49.21,4579313.136999301
2018-10-30,49.34,2065855.1588422002
2018-10-31,49.93,2949361.924452
2018-11-01,50.61,2062031.0169143998
2018-11-02,51.78,2870659.4987406
2018-11-03,51.04,2272629.5619104
2018-11-04,54.6,7183351.762859999
2018-11-05,53.91,3850558.5096116997
2018-11-06,56.48,4672770.783
2018-11-07,54.47,5267091.3480237005
2018-11-08,52.72,3784518.4416824
2018-11-09,52.25,2863665.7541799997
2018-11-10,52.48,1991510.5477375998
2018-11-11,51.46,3424688.4536598
2018-11-12,51.26,3077597.3243708
2018-11-13,50.43,3225849.9313749
2018-11-14,45.05,13872862.436214
2018-11-15,44.78,10709009.0917514
2018-11-16,42.89,5445311.582127
2018-11-17,42.43,2754694.3354925
2018-11-18,42.61,2971089.5496497997
2018-11-19,37.07,9883893.216967
2018-11-20,33.8,16290660.546575999
2018-11-21,35.15,10815278.407821
2018-11-22,32.11,4510521.5523459
2018-11-23,32.74,5836342.929912601
2018-11-24,29.73,5205147.7307433
2018-11-25,31.49,10414133.8784422
2018-11-26,30.18,10444928.9707302
2018-11-27,31.61,6133115.421749
2018-11-28,34.74,9101482.647701401
2018-11-29,33.88,6993646.4552108
2018-11-30,32.21,5872673.9361981
2018-12-01,34.17,4462642.1589759
2018-12-02,33.82,4280344.1923656
2018-12-03,30.9,4973462.414270999
2018-12-04,31.13,3910678.2532344996
2018-12-05,29.27,3586656.7954912996
2018-12-06,26.78,4981629.758586
2018-12-07,24.91,8577379.1535812
2018-12-08,24.22,6588475.535706399
2018-12-09,25.37,4703402.0862638
2018-12-10,24.14,3850893.280346
2018-12-11,23.41,2736917.1930188
2018-12-12,24.13,2815899.0011473
2018-12-13,23.08,2339002.1068324
2018-12-14,23.34,2694630.8579238
2018-12-15,23.6,2698582.9818720003
2018-12-16,25.52,7263971.1112936
2018-12-17,28.95,12033865.0751055
2018-12-18,29.89,7219637.174006601
2018-12-19,28.83,13380143.7290322
2018-12-20,32.18,11180249.190176599
2018-12-21,30.29,6752478.925900499
2018-12-22,31.33,3322024.4096741
2018-12-23,32.97,8425870.2021627
2018-12-24,32.68,9983895.0659464
2018-12-25,30.5,7594303.44458
2018-12-26,30.3,5273655.653208001
2018-12-27,27.55,4347864.5793305
2018-12-28,31.8,7699539.9405
2018-12-29,30.28,6728120.829354401
2018-12-30,31.38,4756358.5575210005
2018-12-31,29.9,2913638.7610589997
2019-01-01,31.48,3248192.581222
2019-01-02,32.67,3865064.6376639004
2019-01-03,31.39,2954736.0272846
2019-01-04,31.76,3450305.4644968
2019-01-05,34.33,11520514.902618399
2019-01-06,38.3,29161470.888908
2019-01-07,37.35,16619850.7729785
2019-01-08,38.7,20221143.633954003
2019-01-09,38.17,11910190.0701157
2019-01-10,32.81,19181462.712459
2019-01-11,31.49,11058733.198158499
2019-01-12,31.65,5648774.489247
2019-01-13,29.59,6783925.2891993
2019-01-14,31.71,8095003.5724971
2019-01-15,30.75,6667887.2211375
2019-01-16,31.29,4816769.9657238005
2019-01-17,31.4,6381045.289804
2019-01-18,30.77,4637388.0684188
2019-01-19,32.0,5279668.37376
2019-01-20,30.64,7643148.1250112
2019-01-21,30.82,3399623.4819012
2019-01-22,31.41,6278455.776323699
2019-01-23,31.69,3916163.7598208003
2019-01-24,32.51,4512783.3918216
2019-01-25,32.69,5532538.4305758
2019-01-26,32.8,5467019.641024
2019-01-27,32.21,5594806.7815558
2019-01-28,30.94,8288443.2542548
2019-01-29,30.81,4186458.449627999
2019-01-30,31.68,4090363.106544
2019-01-31,31.41,4859383.7538207
2019-02-01,32.65,10955543.0892925
2019-02-02,34.59,9271936.789248602
2019-02-03,33.44,11650721.1261056
2019-02-04,34.09,7044687.216891801
2019-02-05,34.34,7359726.216299
2019-02-06,32.79,10245450.012507899
2019-02-07,33.24,4804113.407121601
2019-02-08,42.99,53195141.1744588
2019-02-09,44.68,44390891.7382268
2019-02-10,46.79,31236744.8905491
2019-02-11,42.9,24470095.217139
2019-02-12,43.89,14340248.081058899
2019-02-13,41.61,13894196.628048599
2019-02-14,41.26,11765080.116711399
2019-02-15,42.58,16604111.5416954
2019-02-16,43.34,14158818.6216862
2019-02-17,43.91,14564894.1336773
2019-02-18,47.84,35594389.0386864
2019-02-19,47.14,19081647.764577597
2019-02-20,51.5,29194017.217595
2019-02-21,48.94,18782286.2016608
2019-02-22,49.19,13083528.402239097
2019-02-23,51.4,21131328.38862
2019-02-24,43.75,29980869.4535
2019-02-25,45.4,17128202.04285
2019-02-26,44.76,9851745.5991144
2019-02-27,45.16,10113173.078458
2019-02-28,45.61,11793056.9609019
2019-03-01,47.05,15809360.974327
2019-03-02,48.49,15794839.1070015
2019-03-03,47.86,10457984.0309256
2019-03-04,45.78,14053786.107870601
2019-03-05,52.52,41960229.2052736
2019-03-06,55.37,37110496.34444109
2019-03-07,56.73,46326442.4698977
2019-03-08,55.61,24495129.4492144
2019-03-09,57.78,23899258.5299208
2019-03-10,56.59,11257575.307109302
2019-03-11,54.82,17522711.0477966
2019-03-12,56.58,10569085.911577199
2019-03-13,55.29,12949269.6018267
2019-03-14,55.94,18666417.0095814
2019-03-15,58.52,17281411.0965804
2019-03-16,61.21,22973018.458718598
2019-03-17,60.47,10572170.807791099
2019-03-18,59.17,17818821.4811966
2019-03-19,59.52,13213178.012601601
2019-03-20,60.27,17201889.328218002
2019-03-21,58.54,9655974.277189
2019-03-22,59.26,10929163.923656201
2019-03-23,60.89,22709628.646150902
2019-03-24,59.82,21590602.7153292
2019-03-25,59.04,12794184.6579072
2019-03-26,58.79,10332460.6238075
2019-03-27,61.44,16034103.1286784
2019-03-28,60.5,9727525.54389
2019-03-29,61.45,12315953.1217575
2019-03-30,60.45,9750842.594376002
2019-03-31,60.48,7258559.215824
2019-04-01,60.45,7812477.070144501
2019-04-02,76.78,61846686.626285
2019-04-03,85.19,129038169.87174469
2019-04-04,84.7,65702016.332799
2019-04-05,88.24,32354872.1743912
2019-04-06,92.21,65173035.321543895
2019-04-07,91.55,37066593.1942495
2019-04-08,88.57,38962770.1047451
2019-04-09,86.17,27380412.819822304
2019-04-10,88.16,27834513.1927616
2019-04-11,78.88,52360937.215222396
2019-04-12,78.47,27550198.596762802
2019-04-13,77.62,21478285.380058
2019-04-14,83.28,20188605.4371384
2019-04-15,78.07,34188855.846034296
2019-04-16,80.27,23690420.4102656
2019-04-17,78.77,18301170.5725374
2019-04-18,81.68,26832678.0438216
2019-04-19,82.05,21773238.7687515
2019-04-20,81.15,16999427.5869285
2019-04-21,76.65,31077693.177258
2019-04-22,76.51,21861802.051178604
2019-04-23,73.7,30094748.396735
2019-04-24,72.85,33978908.936676994
2019-04-25,71.78,22065796.7630708
2019-04-26,73.82,25468998.2024232
2019-04-27,72.23,7391800.222139101
2019-04-28,69.89,15280441.3564451
2019-04-29,67.87,13818548.234498702
2019-04-30,74.32,26344146.1414416
2019-05-01,73.36,20088245.655604
2019-05-02,73.68,21339677.1056688
2019-05-03,79.22,42655882.6623206
2019-05-04,77.77,35541202.2341068
2019-05-05,75.7,17927373.352465
2019-05-06,74.94,29185044.2989278
2019-05-07,74.61,26686350.2043495
2019-05-08,74.44,15340728.111131199
2019-05-09,74.19,17841021.026547298
2019-05-10,77.11,32611046.992172
2019-05-11,86.59,78762448.1717346
2019-05-12,84.73,67552082.1049229
2019-05-13,87.16,54676457.76542679
2019-05-14,91.17,58726158.5259639
2019-05-15,102.02,68703321.0627624
2019-05-16,95.49,112667228.9476416
2019-05-17,89.76,82056727.2790848
2019-05-18,86.51,32920700.7883347
2019-05-19,94.58,55296151.373662196
2019-05-20,91.1,40788723.741265
2019-05-21,90.79,30463516.1822411
2019-05-22,87.74,27069570.3402366
2019-05-23,88.61,18460324.682102498
2019-05-24,100.5,83715008.705625
2019-05-25,102.66,53362974.90207
2019-05-26,111.0,73085942.16984001
2019-05-27,116.3,101609553.69206099
2019-05-28,114.81,45912777.7851843
2019-05-29,115.06,41362815.6112776
2019-05-30,107.78,76374936.90461
2019-05-31,114.6,55849362.02765399
2019-06-01,112.35,35812668.0700635
2019-06-02,114.39,26789249.5317261
2019-06-03,105.99,46806327.0576342
2019-06-04,102.2,68877806.65619001
2019-06-05,103.66,39379858.1510778
2019-06-06,111.19,54361370.9536972
2019-06-07,116.71,72335981.4880593
2019-06-08,118.01,53649913.1529569
2019-06-09,114.66,48758748.496403396
2019-06-10,129.15,102443229.486612
2019-06-11,135.69,113441585.5596426
2019-06-12,135.32,137481456.7035648
2019-06-13,130.55,62273303.697776504
2019-06-14,132.0,60755986.886760004
2019-06-15,137.54,53627998.066674195
2019-06-16,136.45,53564826.31769849
2019-06-17,133.8,40472560.029786006
2019-06-18,135.22,54222656.3340778
2019-06-19,136.43,51004475.969054304
2019-06-20,135.46,32079584.924631402
2019-06-21,138.28,54259824.3687
2019-06-22,142.26,95330160.7340886
2019-06-23,137.5,37557115.989250004
2019-06-24,135.77,36540742.6604228
2019-06-25,136.33,46766959.2483858
2019-06-26,132.25,87180318.1433325
2019-06-27,116.01,108139653.8654094
2019-06-28,120.01,54675111.6364464
2019-06-29,133.86,87138379.41130802
2019-06-30,123.25,99665551.4351875
2019-07-01,123.17,75387831.6344323
2019-07-02,118.77,55772264.47299
2019-07-03,121.36,44297379.0718
2019-07-04,119.61,44861254.6579353
2019-07-05,118.35,26464091.140944
2019-07-06,118.31,18198053.5368307
2019-07-07,119.48,17011396.8353692
2019-07-08,122.92,26933852.0448648
2019-07-09,119.24,27835399.9576884
2019-07-10,108.31,55002125.9366322
2019-07-11,102.98,58381154.5378468
2019-07-12,104.86,21493943.199146602
2019-07-13,101.03,23161426.679128703
2019-07-14,89.66,38517484.9644734
2019-07-15,90.43,34559565.0993529
2019-07-16,79.61,38496683.8520927
2019-07-17,89.95,54970701.17807101
2019-07-18,101.16,61694661.7685196
2019-07-19,98.23,36015660.1335894
2019-07-20,100.25,35681583.8408375
2019-07-21,99.7,24638006.709583003
2019-07-22,95.31,30359471.7409434
2019-07-23,90.15,23846136.848961003
2019-07-24,94.5,33624336.84435
2019-07-25,93.22,21291772.7589038
2019-07-26,94.06,15916863.330239799
2019-07-27,88.79,22278765.040396802
2019-07-28,90.0,18096819.4872
2019-07-29,90.33,21106095.962044198
2019-07-30,90.15,15038636.6824875
2019-07-31,98.76,27696453.803353198
2019-08-01,98.64,25313174.378632803
2019-08-02,94.76,26997316.0529348
2019-08-03,94.17,17651438.2231212
2019-08-04,92.64,19460268.2187312
2019-08-05,96.56,68366868.22330801
2019-08-06,92.99,34426618.0053433
2019-08-07,90.59,27020800.7469108
2019-08-08,90.15,20488917.8892195
2019-08-09,84.24,20716299.140472
2019-08-10,85.46,20823490.4842962
2019-08-11,89.93,17711839.6070404
2019-08-12,85.79,12660363.107720701
2019-08-13,84.88,14156609.7563016
2019-08-14,75.9,23596961.65695
2019-08-15,76.25,12024878.230825
2019-08-16,74.67,13941563.0669976
2019-08-17,72.65,9520044.689121502
2019-08-18,76.25,13099815.0054125
2019-08-19,77.1,13608762.171687
2019-08-20,75.14,9811838.9894226
2019-08-21,73.27,13829015.4868862
2019-08-22,73.31,11698449.523869801
2019-08-23,75.38,10442836.1781824
2019-08-24,73.32,8786805.7038372
2019-08-25,72.1,10336838.479316998
2019-08-26,73.54,13712248.180177001
2019-08-27,72.9,6761184.676479001
2019-08-28,66.73,19741248.2088982
2019-08-29,63.59,13110189.9648099
2019-08-30,64.17,12096246.7684476
2019-08-31,64.24,9518258.2793848
2019-09-01,65.89,10572238.7852873
2019-09-02,66.92,14096608.3854204
2019-09-03,69.06,19760170.919104204
2019-09-04,67.01,14731889.533154001
2019-09-05,65.23,10865319.4715186
2019-09-06,64.87,18073960.3194384
2019-09-07,68.77,21009336.5884194
2019-09-08,70.36,22167616.5558916
2019-09-09,69.89,16024048.381975101
2019-09-10,70.85,22360142.180701
2019-09-11,69.8,14570355.033907998
2019-09-12,69.15,9374671.6439775
2019-09-13,68.93,10781775.037889201
2019-09-14,70.5,12624073.348395
2019-09-15,70.04,8625957.4467104
2019-09-16,72.63,19445344.7752395
2019-09-17,74.04,24568015.500774
2019-09-18,77.81,36064991.5772072
2019-09-19,76.56,39522348.6815784
2019-09-20,75.05,21475668.3676125
2019-09-21,73.22,15496412.0080434
2019-09-22,72.23,15846695.6135111
2019-09-23,66.54,35099969.187113404
2019-09-24,54.57,53914899.908466004
2019-09-25,57.43,44871107.9629701
2019-09-26,55.19,34773116.6727174
2019-09-27,55.86,21806619.7471164
2019-09-28,55.37,14328836.5911166
2019-09-29,53.82,12246547.3050492
2019-09-30,55.99,20689967.223841302
2019-10-01,55.63,18558503.356554203
2019-10-02,56.23,12113313.1443711
2019-10-03,56.44,14296850.6720612
2019-10-04,56.3,13921608.014034
2019-10-05,56.69,10068263.081880199
2019-10-06,54.41,14137316.3258519
2019-10-07,57.46,18082053.209576197
2019-10-08,56.94,10488450.285307799
2019-10-09,59.12,20343127.364104
2019-10-10,57.47,12357848.4615824
2019-10-11,55.85,14901789.06429
2019-10-12,55.7,5663901.5470050005
2019-10-13,56.46,8907829.018011
2019-10-14,56.83,7583062.197795399
2019-10-15,54.58,18145187.254662
2019-10-16,52.45,15711733.236121502
2019-10-17,54.94,13118375.613783998
2019-10-18,53.21,11361260.3277531
2019-10-19,53.72,8198209.6496364
2019-10-20,54.85,11418272.699763501
2019-10-21,54.57,11375891.0256525
2019-10-22,53.39,8540077.446906501
2019-10-23,49.5,25224866.60463
2019-10-24,49.54,15274694.057898398
2019-10-25,56.93,43350692.8888561
2019-10-26,56.71,59058704.1393571
2019-10-27,59.78,39519347.61521041
2019-10-28,57.7,31158271.030171003
2019-10-29,59.75,23985098.2844325
2019-10-30,57.89,19771246.0996491
2019-10-31,58.29,15686033.468846701
2019-11-01,58.23,12881776.240961999
2019-11-02,58.25,8775213.339225
2019-11-03,58.29,8236532.2309332
2019-11-04,61.29,25152237.1181079
2019-11-05,63.12,33301845.5281896
2019-11-06,64.11,21460318.8056808
2019-11-07,61.39,20105481.0411147
2019-11-08,60.38,20973109.9796082
2019-11-09,62.04,12186577.152354
2019-11-10,63.65,27871889.2393185
2019-11-11,61.84,25303665.966188
2019-11-12,61.42,18411920.791672
2019-11-13,60.96,10703476.0048416
2019-11-14,59.0,17078272.18832
2019-11-15,57.6,19216589.467392
2019-11-16,58.3,7908341.049179999
2019-11-17,59.22,11253397.2350562
2019-11-18,55.81,16600225.706081599
2019-11-19,55.13,13509076.764650801
2019-11-20,54.98,12345394.598058
2019-11-21,50.61,22407236.5788936
2019-11-22,47.32,43751093.717676796
2019-11-23,48.1,14513174.945685001
2019-11-24,43.86,18400038.801764403
2019-11-25,45.47,25978112.1729079
2019-11-26,46.91,14574574.9678531
2019-11-27,47.7,21745517.748948004
2019-11-28,46.79,12532853.1496653
2019-11-29,48.54,14642992.2145122
2019-11-30,47.21,12787988.3590568
2019-12-01,47.45,14874925.970833499
2019-12-02,45.45,13748718.262491
2019-12-03,44.75,14496469.888700001
2019-12-04,44.67,24806275.6194651
2019-12-05,44.81,19933320.6519268
2019-12-06,45.28,12384427.552526401
2019-12-07,45.15,8810128.663643999
2019-12-08,45.56,5999139.731418801
2019-12-09,44.45,9769854.3018195
2019-12-10,44.09,6672271.300713801
2019-12-11,43.7,5868036.305026
2019-12-12,43.65,7405316.791857
2019-12-13,44.44,5685466.7595748
2019-12-14,43.25,5258733.6746075
2019-12-15,43.44,4561641.2926248
2019-12-16,39.99,15869914.392884102
2019-12-17,36.92,23958066.9060044
2019-12-18,40.79,27255327.569950398
2019-12-19,39.65,9531317.3814235
2019-12-20,40.17,6086095.500201601
2019-12-21,39.67,3640797.414188
2019-12-22,41.82,8730481.244892599
2019-12-23,40.56,11716626.7100376
2019-12-24,40.34,8544116.274462601
2019-12-25,40.08,5466815.1041952
2019-12-26,40.01,7940838.789519
2019-12-27,40.95,8977994.145666
2019-12-28,42.83,12176369.1106768
2019-12-29,43.08,14521741.075596001
2019-12-30,42.38,12654475.7520298
2019-12-31,41.3,8324004.318581
2020-01-01,41.62,4580067.674609
2020-01-02,39.43,7668591.485051
2020-01-03,42.23,18022539.615474798
2020-01-04,42.78,10644289.7935404
2020-01-05,43.3,12642077.986813998
2020-01-06,45.8,17629839.38322
2020-01-07,46.3,22865120.976315998
2020-01-08,45.35,28482098.536633
2020-01-09,44.74,13252956.9306008
2020-01-10,49.06,35804141.2099646
2020-01-11,49.3,33621834.199436
2020-01-12,51.43,27442197.249054402
2020-01-13,49.6,18951810.604208
2020-01-14,58.39,71967797.6890396
2020-01-15,58.16,41896698.372322395
2020-01-16,57.56,27513173.5652472
2020-01-17,61.02,46833734.9870946
2020-01-18,59.32,29577180.324459597
2020-01-19,57.6,30580785.134784
2020-01-20,57.19,15001890.5048502
2020-01-21,57.57,12466422.1768632
2020-01-22,58.33,12754376.8317341
2020-01-23,54.52,25350842.097775202
2020-01-24,54.38,29949579.129827403
2020-01-25,53.25,15016762.34997
2020-01-26,56.24,19591500.1002256
2020-01-27,58.55,29551688.392448496
2020-01-28,60.52,43607125.91644961
2020-01-29,59.8,34090745.94029
2020-01-30,67.98,87444237.31974481
2020-01-31,68.0,63801461.27528
2020-02-01,70.72,67384625.313408
2020-02-02,69.93,57229725.435951605
2020-02-03,69.65,48001543.611507505
2020-02-04,68.07,33153794.737658698
2020-02-05,72.59,46946093.589814305
2020-02-06,73.6,52634875.240512
2020-02-07,74.3,40306981.87248299
2020-02-08,76.56,49597222.0007088
2020-02-09,77.0,36626639.32774
2020-02-10,74.02,52541663.1371142
2020-02-11,76.46,42589540.358685195
2020-02-12,81.17,62626298.1466164
2020-02-13,80.55,84662459.94334501
2020-02-14,83.14,43523099.5272884
2020-02-15,76.7,54046664.144940995
2020-02-16,74.67,74533597.0688286
2020-02-17,73.41,54180578.6243475
2020-02-18,77.25,55131797.892645
2020-02-19,70.61,38413805.3898084
2020-02-20,69.4,50751751.291138
2020-02-21,73.25,45936821.3774225
2020-02-22,74.79,48721929.530839205
2020-02-23,79.52,52970871.9119664
2020-02-24,75.59,70764127.22217211
2020-02-25,70.98,55226341.5420444
2020-02-26,60.53,92209264.7934434
2020-02-27,61.77,68595210.15060809
2020-02-28,59.89,64120706.08432119
2020-02-29,58.05,29433489.8652225
2020-03-01,57.7,36577467.400474004
2020-03-02,61.42,40594152.4172992
2020-03-03,61.01,39103796.6565157
2020-03-04,60.38,25619225.6742018
2020-03-05,62.06,34561777.4899056
2020-03-06,63.22,29683009.870993
2020-03-07,60.46,26860596.5509368
2020-03-08,51.0,48196339.83528
2020-03-09,50.39,71863471.8276396
2020-03-10,50.26,36575856.011868596
2020-03-11,48.53,38823270.0107694
2020-03-12,29.83,66812577.15175239
2020-03-13,37.52,128902669.29143521
2020-03-14,34.4,40632440.363424
2020-03-15,36.38,37846925.3765916
2020-03-16,33.2,53940517.27788801
2020-03-17,34.07,32211070.321435202
2020-03-18,34.71,36258335.2544946
2020-03-19,38.9,52297412.941415
2020-03-20,38.08,59835127.1743456
2020-03-21,38.32,25576784.9333472
2020-03-22,35.4,25287732.54642
2020-03-23,38.94,33486161.966723397
2020-03-24,40.57,24084655.2948095
2020-03-25,39.17,22618672.9648952
2020-03-26,40.41,16794204.546310198
2020-03-27,38.04,18321710.4370092
2020-03-28,38.87,24267026.7063042
2020-03-29,37.11,14921051.9620704
2020-03-30,38.91,16837844.1094611
2020-03-31,39.08,14788925.5143412
2020-04-01,39.23,19216816.1104188
2020-04-02,39.86,27964730.4407106
2020-04-03,40.46,18747873.985498
2020-04-04,40.71,14761538.6657304
2020-04-05,40.31,9316163.308763001
2020-04-06,45.04,32499165.352431998
2020-04-07,44.77,36177824.5820904
2020-04-08,46.55,23277768.0934225
2020-04-09,46.21,18534160.0113918
2020-04-10,42.25,33173530.9978475
2020-04-11,42.54,16265608.068952799
2020-04-12,42.0,20968795.367939997
2020-04-13,41.22,30672400.2283332
2020-04-14,41.22,17346929.5125504
2020-04-15,39.22,18054070.556782
2020-04-16,42.53,38833589.1620063
2020-04-17,42.19,17197616.305255298
2020-04-18,44.14,21942212.171219397
2020-04-19,42.23,19265571.462719597
2020-04-20,40.21,21867808.685134303
2020-04-21,40.59,14073855.326902801
2020-04-22,41.8,19358053.460658
2020-04-23,42.98,27478663.5630976
2020-04-24,44.53,27781250.689138204
2020-04-25,44.38,24647195.7697112
2020-04-26,44.52,21619141.5420036
2020-04-27,44.46,19721151.5564934
2020-04-28,45.69,26957672.1776976
2020-04-29,48.81,58478621.6177979
2020-04-30,46.33,65056101.07315599
2020-05-01,47.07,23523607.4713875
2020-05-02,49.2,20121774.178032003
2020-05-03,48.05,27211550.147920497
2020-05-04,46.96,32560514.8328032
2020-05-05,46.54,19316773.1468348
2020-05-06,44.94,20952903.249579
2020-05-07,47.37,37709437.9602621
2020-05-08,47.69,30134491.2260684
2020-05-09,46.95,30808589.929575
2020-05-10,42.06,59055654.2406888
2020-05-11,41.51,39668770.321155496
2020-05-12,42.18,25235941.373090997
2020-05-13,43.18,17467356.9953914
2020-05-14,43.98,22317050.661565196
2020-05-15,42.74,20038059.6209562
2020-05-16,43.25,18854422.6014525
2020-05-17,43.71,15058039.272372602
2020-05-18,45.32,31468467.8257532
2020-05-19,45.73,17190714.237392496
2020-05-20,44.25,24171784.0155
2020-05-21,42.73,21571039.4182401
2020-05-22,44.23,17621476.9705088
2020-05-23,43.85,10416091.21884
2020-05-24,42.08,15162823.106137598
2020-05-25,42.97,10781797.2428077
2020-05-26,42.27,9244028.186510101
2020-05-27,43.85,12401107.223609002
2020-05-28,44.77,13044118.852327202
2020-05-29,44.47,13284149.2469358
2020-05-30,47.72,28158166.813020002
2020-05-31,45.61,22534814.8767553
2020-06-01,48.25,28929912.425865
2020-06-02,45.99,42328001.6958078
2020-06-03,47.16,20193479.148542397
2020-06-04,47.43,22372371.2747538
2020-06-05,46.83,18775319.437753197
2020-06-06,46.79,10595195.3350756
2020-06-07,46.63,14281022.309212402
2020-06-08,46.43,10237771.8168499
2020-06-09,45.87,10076796.615798
2020-06-10,46.63,14902142.7073608
2020-06-11,43.22,23279854.8278526
2020-06-12,44.72,10595696.7947896
2020-06-13,45.08,6833352.857514399
2020-06-14,44.05,7492144.709774499
2020-06-15,43.73,15536724.131196797
2020-06-16,43.88,9458667.0812324
2020-06-17,44.07,14318072.472779399
2020-06-18,43.43,8405224.588773401
2020-06-19,42.89,13073342.733190399
2020-06-20,43.57,8819829.190291
2020-06-21,43.0,6864205.175500001
2020-06-22,44.3,12488497.704377
2020-06-23,44.18,9694769.1165382
2020-06-24,42.65,15266054.5156095
2020-06-25,42.35,10247514.467652
2020-06-26,43.09,15012096.7502272
2020-06-27,41.06,12379780.284358
2020-06-28,41.37,6992025.895984499
2020-06-29,41.87,13538504.22164
2020-06-30,41.17,7028228.1745037
2020-07-01,41.77,7926247.493123601
2020-07-02,41.05,11269048.2236785
2020-07-03,41.14,7828727.069829601
2020-07-04,42.11,10076852.5891323
2020-07-05,41.58,9773205.5523564
2020-07-06,44.06,16235656.849949602
2020-07-07,43.39,13353421.9247464
2020-07-08,45.35,24370655.0141375
2020-07-09,44.33,18320204.3653057
2020-07-10,44.3,11371165.232548999
2020-07-11,44.69,8326582.243586799
2020-07-12,44.7,10972559.129709002
2020-07-13,43.92,19548960.753816
2020-07-14,43.88,10836560.428544
2020-07-15,43.33,9399653.126136
2020-07-16,42.09,16404466.8373929
2020-07-17,41.9,8459802.74838
2020-07-18,42.45,7277181.544011001
2020-07-19,42.64,8333024.4750064
2020-07-20,41.94,7562364.1741728
2020-07-21,43.77,13763055.268024802
2020-07-22,44.96,15082276.447134402
2020-07-23,44.94,19436285.4611394
2020-07-24,44.11,10886461.3057981
2020-07-25,49.16,44658755.7441148
2020-07-26,48.1,43085921.108841
2020-07-27,53.28,79974490.196592
2020-07-28,55.75,85007429.0364925
2020-07-29,55.16,45659352.89026439
2020-07-30,56.75,58125674.9391075
2020-07-31,58.13,38145765.803155206
2020-08-01,61.65,74582462.7173025
2020-08-02,56.77,102821289.9044338
2020-08-03,58.48,48248389.658298396
2020-08-04,57.61,36038258.9323337
2020-08-05,58.88,42179599.1521024
2020-08-06,59.03,48556740.6954202
2020-08-07,57.17,51333597.059673704
2020-08-08,58.46,25033606.934918
2020-08-09,56.96,21009507.6742912
2020-08-10,58.27,37942440.26425551
2020-08-11,54.1,48019090.713047996
2020-08-12,54.52,35170443.057474405
2020-08-13,57.14,47832460.096836604
2020-08-14,56.78,41353572.4206866
2020-08-15,59.85,68097038.088807
2020-08-16,63.87,100716449.23616849
2020-08-17,67.22,120378503.8215272
2020-08-18,65.4,102214341.064482
2020-08-19,62.12,105562030.93845479
2020-08-20,62.8,54483858.059792
2020-08-21,59.2,62414127.06092801
2020-08-22,60.21,44292713.7883419
2020-08-23,60.55,38128194.36657
2020-08-24,62.02,42627776.0875498
2020-08-25,58.34,68328989.4573416
2020-08-26,58.1,38542741.716458
2020-08-27,56.1,54746313.073947
2020-08-28,57.38,36982683.207689
2020-08-29,56.97,23271799.8221775
2020-08-30,62.89,52784652.541006595
2020-08-31,60.92,41434542.21591321
2020-09-01,62.69,60981351.4160936
2020-09-02,58.06,54228405.780903
2020-09-03,47.28,62610338.632588804
2020-09-04,50.32,74298309.38027841
2020-09-05,47.83,64601932.425316095
2020-09-06,47.92,31320166.3501648
2020-09-07,48.84,40375664.8838796
2020-09-08,47.47,36085863.5427308
2020-09-09,47.82,18112901.3129538
2020-09-10,48.67,23092545.4446946
2020-09-11,48.96,17972835.1347744
2020-09-12,50.8,22959035.820723996
2020-09-13,48.15,22092588.336811498
2020-09-14,49.08,24229998.634049997
2020-09-15,48.31,29728740.612849202
2020-09-16,47.76,19547861.2771608
2020-09-17,48.85,20145363.3943445
2020-09-18,48.54,15646947.8964306
2020-09-19,48.52,10919120.1022636
2020-09-20,47.09,14582742.346820801
2020-09-21,43.16,31264312.765847195
2020-09-22,44.47,14881117.4653005
2020-09-23,42.96,17907090.5404104
2020-09-24,44.92,17335618.4536576
2020-09-25,46.02,19191551.7521598
2020-09-26,46.03,11039299.8784648
2020-09-27,46.05,13806786.685017
2020-09-28,45.23,22630710.214885697
2020-09-29,45.69,14386670.6256285
2020-09-30,46.24,13600941.339177601
2020-10-01,46.25,31978305.2460125
2020-10-02,44.88,23277948.447230402
2020-10-03,45.51,10277329.5966972
2020-10-04,46.69,12019110.773177199
2020-10-05,46.34,13352744.7299876
2020-10-06,45.99,29926634.5003815
2020-10-07,46.55,17902977.298311
2020-10-08,47.21,19477980.4004011
2020-10-09,47.78,19232161.5244704
2020-10-10,48.88,20830883.5510776
2020-10-11,50.48,19855279.8142736
2020-10-12,50.58,31468382.839976396
2020-10-13,49.89,23370723.655255802
2020-10-14,49.79,19013472.2159317
2020-10-15,49.53,17333817.833907902
2020-10-16,47.6,28739693.706136
2020-10-17,46.93,10463740.763413599
2020-10-18,47.54,7831419.800797
2020-10-19,47.99,15203655.829923699
2020-10-20,46.88,18717067.2165776
2020-10-21,52.98,75531202.82715
2020-10-22,54.35,76410121.72174801
2020-10-23,55.42,59801277.55237441
2020-10-24,59.23,56016545.70003779
2020-10-25,58.84,53371939.138005204
2020-10-26,56.82,53269049.4578778
2020-10-27,57.91,49032360.5369685
2020-10-28,55.77,68460445.8309486
2020-10-29,54.87,43800182.4076254
2020-10-30,54.01,38135105.2242369
2020-10-31,55.72,33092329.5126312
2020-11-01,55.6,20537183.919956002
2020-11-02,53.8,37686818.91264
2020-11-03,53.96,36278395.9620248
2020-11-04,54.67,43791205.292011105
2020-11-05,58.95,80545485.3525405
2020-11-06,63.2,109681927.926448
2020-11-07,58.9,97511284.040902
2020-11-08,61.02,48564298.29567961
2020-11-09,59.23,59099740.5109498
2020-11-10,57.93,37074633.2169351
2020-11-11,59.27,48870300.9647269
2020-11-12,60.72,50432712.0856416
2020-11-13,65.96,130230214.9769456
2020-11-14,63.85,64988193.8218165
2020-11-15,62.28,42677354.74264561
2020-11-16,73.84,186535136.6663408
2020-11-17,76.32,217130010.67565277
2020-11-18,73.42,194808372.6516884
2020-11-19,81.53,226149875.2718199
2020-11-20,82.53,196931035.3242708
2020-11-21,87.14,219742629.2375192
2020-11-22,82.87,169743000.61255342
2020-11-23,89.03,225747679.12424672
2020-11-24,89.25,233988121.1404275
2020-11-25,81.75,133411114.6911225
2020-11-26,71.0,243953109.95778
2020-11-27,69.15,118075112.00298302
2020-11-28,72.7,107819069.697119
2020-11-29,78.91,119512368.0586901
2020-11-30,87.65,185727340.7835465
2020-12-01,85.08,306327244.243278
2020-12-02,88.9,189808476.815993
2020-12-03,89.0,150432112.83765
2020-12-04,79.52,135319013.2840784
2020-12-05,83.14,106283136.8829806
2020-12-06,83.55,76953456.794658
2020-12-07,83.37,95495872.5432159
2020-12-08,76.76,94488019.04201001
2020-12-09,77.41,106695332.6851573
2020-12-10,74.7,67272620.69754
2020-12-11,72.2,107151720.538948
2020-12-12,76.67,66886457.858162805
2020-12-13,82.28,105226491.8642784
2020-12-14,82.35,90756430.486911
2020-12-15,81.32,109657516.06693478
2020-12-16,92.94,218327603.0773656
2020-12-17,101.01,420348558.6944553
2020-12-18,109.34,343510365.7560806
2020-12-19,119.85,329990219.9352435
2020-12-20,114.58,306078164.52692616
2020-12-21,104.45,271520680.1357425
2020-12-22,114.32,367003705.26600957
2020-12-23,102.45,401971905.56613296
2020-12-24,111.13,299715444.8508761
2020-12-25,127.78,398407044.4006644
2020-12-26,129.61,448590014.64655304
2020-12-27,127.88,478676979.8656788
2020-12-28,129.83,305080110.85024667
2020-12-29,128.8,223113591.87079203
2020-12-30,130.05,224684347.16205004
2020-12-31,124.21,155103888.08295038
2021-01-01,126.24,194384580.26085597
2021-01-02,136.96,334492856.1344
2021-01-03,161.24,614942606.5254956
2021-01-04,155.34,548415785.1569328
2021-01-05,158.43,316575764.5789275
2021-01-06,168.92,313824885.4360072
2021-01-07,169.35,422279982.01938
2021-01-08,172.19,489563669.328446
2021-01-09,177.26,310166330.68313974
2021-01-10,170.07,386008736.935122
2021-01-11,138.87,697101958.9812826
2021-01-12,133.42,376988831.9090893
2021-01-13,147.38,317371964.84869236
2021-01-14,152.5,310148796.541175
2021-01-15,143.65,302271994.813165
2021-01-16,143.52,256047405.64572003
2021-01-17,142.8,196932963.74976003
2021-01-18,151.96,249966168.62983483
2021-01-19,151.86,347576936.8341523
2021-01-20,149.69,305016475.1084085
2021-01-21,129.72,282286218.80161077
2021-01-22,137.66,272439878.250896
2021-01-23,137.67,133538325.27271858
2021-01-24,141.01,129371013.53028579
2021-01-25,137.07,189280291.077045
2021-01-26,134.67,147213309.42675117
2021-01-27,122.44,151865231.5971432
2021-01-28,133.27,143233332.5386656
2021-01-29,134.65,295292887.75946
2021-01-30,133.36,162108409.32682562
2021-01-31,129.36,118751620.00307761
2021-02-01,132.0,154124436.87827998
2021-02-02,141.98,267569615.1740524
2021-02-03,155.93,283920819.5611932
2021-02-04,145.07,256329778.2991255
2021-02-05,155.05,243740041.338598
2021-02-06,155.57,292397897.6421784
2021-02-07,150.76,189953971.0469944
2021-02-08,167.28,316910438.7690624
2021-02-09,181.49,359558754.4530534
2021-02-10,181.56,505095192.6387625
2021-02-11,183.62,305578400.283474
2021-02-12,196.69,382929927.6722257
2021-02-13,225.76,641952462.6928015
2021-02-14,213.49,376911360.4408249
2021-02-15,207.83,451698798.47211146
2021-02-16,210.26,349202414.77404356
2021-02-17,237.49,436786851.2961657
2021-02-18,226.59,358198164.6789
2021-02-19,236.5,331674193.26998
2021-02-20,226.65,385747029.7267575
2021-02-21,227.13,288093288.8283798
2021-02-22,208.32,532665536.72371197
2021-02-23,177.34,650791217.5506727
2021-02-24,181.43,331573231.3973168
2021-02-25,179.36,351899305.48899204
2021-02-26,170.25,371184711.05595756
2021-02-27,171.76,191273042.15157598
2021-02-28,165.22,277937746.8702318
2021-03-01,175.89,213929465.6172102
2021-03-02,179.08,258186978.700838
2021-03-03,187.64,351505075.8940624
2021-03-04,180.67,268355852.4260936
2021-03-05,180.23,213122281.1783286
2021-03-06,182.85,171140280.130515
2021-03-07,190.75,156494779.0911575
2021-03-08,191.85,224844179.499312
2021-03-09,203.81,260815351.0730376
2021-03-10,200.29,284828320.0075456
2021-03-11,201.36,197610701.14442402
2021-03-12,220.84,459719036.4724548
2021-03-13,226.06,300809831.7336418
2021-03-14,213.94,172551754.1657162
2021-03-15,200.59,283510240.1074255
2021-03-16,201.6,214311243.327552
2021-03-17,205.98,182425088.6034108
2021-03-18,199.7,154651559.34424198
2021-03-19,199.96,107354007.45349
2021-03-20,200.17,94808006.1205926
2021-03-21,195.31,113618039.18415488
2021-03-22,185.67,134704834.40313718
2021-03-23,185.83,118717361.1188938
2021-03-24,176.05,209482419.60259253
2021-03-25,171.53,164097067.2916992
2021-03-26,183.45,132421218.14589301
2021-03-27,184.06,87591731.5366438
2021-03-28,184.24,70111640.6671464
2021-03-29,193.73,175281925.95847788
2021-03-30,195.74,182486571.791852
2021-03-31,196.7,137341769.767062
2021-04-01,202.86,177855762.1668534
2021-04-02,211.46,199400590.6461548
2021-04-03,195.23,186664597.0785316
2021-04-04,202.21,114279812.0047794
2021-04-05,221.48,294511648.252724
2021-04-06,237.04,579527133.5464712
2021-04-07,219.05,495814300.65206003
2021-04-08,226.11,243055338.31630948
2021-04-09,221.12,152333729.81008
2021-04-10,256.34,476608317.89847356
2021-04-11,252.31,477059119.32347995
2021-04-12,244.42,335065641.064902
2021-04-13,267.59,516954058.0150095
2021-04-14,278.86,554774064.8121128
2021-04-15,285.63,402669902.4003888
2021-04-16,308.43,971692676.4179305
2021-04-17,300.86,774569977.53653
2021-04-18,273.36,914823724.3412832
2021-04-19,261.38,515836534.0783074
2021-04-20,260.68,550354217.8591604
2021-04-21,257.69,474427958.1656026
2021-04-22,252.5,721845109.878425
2021-04-23,241.31,691602155.7909533
2021-04-24,224.75,259129562.23653752
2021-04-25,223.88,207863674.008824
2021-04-26,247.42,305927475.1708122
2021-04-27,259.77,289431238.02552956
2021-04-28,258.51,262139076.43676338
2021-04-29,255.31,224049533.474943
2021-04-30,271.13,281364804.0142625
2021-05-01,276.78,210265678.50188878
2021-05-02,268.88,176500687.13560638
2021-05-03,294.87,420854260.6075641
2021-05-04,305.23,1202397596.3528178
2021-05-05,356.04,1334757639.2416346
2021-05-06,354.67,976084826.9877586
2021-05-07,344.89,973510127.2283932
2021-05-08,347.1,460850289.79197
2021-05-09,387.8,888876402.694056
2021-05-10,358.89,1374747431.0774755
2021-05-11,377.6,766951421.903488
2021-05-12,310.4,787741474.608448
2021-05-13,317.95,947193893.9371759
2021-05-14,326.23,483579052.5790235
2021-05-15,300.3,446298804.562611
2021-05-16,295.89,501109873.2518928
2021-05-17,281.53,585374587.2960478
2021-05-18,293.98,752225939.9097993
2021-05-19,185.93,1251598085.078312
2021-05-20,210.74,899747249.445443
2021-05-21,179.97,539697598.6699227
2021-05-22,169.32,335835810.7770084
2021-05-23,142.39,548771932.0077511
2021-05-24,185.32,461676769.675762
2021-05-25,183.76,362812883.70760876
2021-05-26,198.91,306515431.3801793
2021-05-27,194.32,283274912.7121536
2021-05-28,177.33,375628765.07197833
2021-05-29,164.01,254883847.835232
2021-05-30,170.51,191545052.58663428
2021-05-31,187.97,233468900.4721093
2021-06-01,182.99,197856371.85219923
2021-06-02,187.14,182806592.17467958
2021-06-03,193.5,208942620.52527
2021-06-04,178.44,201683983.5258924
2021-06-05,172.94,146321590.68744618
2021-06-06,176.41,119497728.4344298
2021-06-07,161.95,167751506.5233255
2021-06-08,160.63,227659272.8573761
2021-06-09,172.56,196673424.05478242
2021-06-10,168.16,147790213.1246736
2021-06-11,162.83,151205817.7844218
2021-06-12,161.8,105682470.76285401
2021-06-13,170.85,97981434.1527555
2021-06-14,179.89,144281126.4457905
2021-06-15,175.15,114609762.08995602
2021-06-16,166.57,126839632.42457908
2021-06-17,167.08,93470336.92278361
2021-06-18,156.34,125181329.16234559
2021-06-19,152.49,79763405.2513467
2021-06-20,154.88,94670922.8795264
2021-06-21,124.46,185796299.94767797
2021-06-22,119.64,269878781.1871548
2021-06-23,129.1,131739403.426792
2021-06-24,134.58,88867956.9987702
2021-06-25,125.0,95564417.365
2021-06-26,126.89,110638448.0681403
2021-06-27,132.6,76031281.536288
2021-06-28,137.69,96884944.98322709
2021-06-29,144.2,129513042.12326199
2021-06-30,144.26,90828897.3084822
2021-07-01,137.02,73927126.76489401
2021-07-02,136.85,63914581.3049695
2021-07-03,140.17,49262956.4284039
2021-07-04,144.95,64350541.286667995
2021-07-05,137.71,77349069.78326792
2021-07-06,138.87,73712269.2303171
2021-07-07,137.41,71578682.99200709
2021-07-08,132.15,85295235.773508
2021-07-09,134.58,70997385.83496541
2021-07-10,133.99,49019553.9061968
2021-07-11,134.28,43636779.7796772
2021-07-12,133.38,89486992.629099
2021-07-13,131.44,59786360.9256192
2021-07-14,131.07,70635777.7357506
2021-07-15,125.86,62222128.660398
2021-07-16,120.65,50936380.766989
2021-07-17,119.95,51014578.378886
2021-07-18,119.17,51360508.0203069
2021-07-19,113.13,55782475.5657258
2021-07-20,107.29,82209486.9814002
2021-07-21,117.74,80303327.53100419
2021-07-22,120.67,56082525.4210782
2021-07-23,124.24,50212847.0371648
2021-07-24,125.99,54540035.386138104
2021-07-25,127.68,50173626.96756481
2021-07-26,131.06,137887278.93291742
2021-07-27,134.74,81838923.1943448
2021-07-28,140.42,102497631.0572508
2021-07-29,141.44,76751143.31156479
2021-07-30,145.51,88156832.01171818
2021-07-31,144.37,56122049.5396291
2021-08-01,140.31,82039224.8718162
2021-08-02,141.35,59345752.61996149
2021-08-03,138.49,55786691.993789904
2021-08-04,142.57,69358641.3777583
2021-08-05,143.53,88274881.02691069
2021-08-06,147.95,101489805.23252448
2021-08-07,155.92,136987342.1146432
2021-08-08,149.69,104803992.0136602
2021-08-09,166.31,193853982.9255956
2021-08-10,165.38,147963292.2392614
2021-08-11,170.6,156038781.20256
2021-08-12,165.38,163274251.5602512
2021-08-13,183.31,205798978.2424082
2021-08-14,182.76,172634419.91410437
2021-08-15,184.6,175120588.293118
2021-08-16,177.93,159839930.81212202
2021-08-17,168.61,131690943.7757602
2021-08-18,166.65,115791677.150919
2021-08-19,175.59,119790359.2021761
2021-08-20,183.59,130007450.8416497
2021-08-21,179.63,115722190.57612948
2021-08-22,185.91,173988518.1564576
2021-08-23,187.01,164065983.10115358
2021-08-24,173.42,135387727.0298982
2021-08-25,177.75,109846492.52332501
2021-08-26,167.7,95405494.81834799
2021-08-27,176.2,80368524.659622
2021-08-28,175.6,55522133.347027995
2021-08-29,174.3,95401986.95962201
2021-08-30,167.3,78316374.9508
2021-08-31,171.5,94946002.7005
2021-09-01,180.9,125237484.98460001
2021-09-02,183.3,125311185.320685
2021-09-03,212.9,441057187.095254
2021-09-04,211.9,306919675.437648
2021-09-05,232.2,234045985.33742398
2021-09-06,219.4,219775282.1642
2021-09-07,178.5,361798542.784455
2021-09-08,179.7,255036105.5877
2021-09-09,180.5,161846357.099
2021-09-10,174.1,125543656.59219998
2021-09-11,178.6,98580604.4806
2021-09-12,183.0,103342789.368
2021-09-13,179.4,975409043.73354
2021-09-14,183.1,199813367.45069999
2021-09-15,189.0,140901023.151
2021-09-16,185.2,173215009.9812
2021-09-17,180.0,102018072.42
2021-09-18,181.4,67555033.2336
2021-09-19,175.6,64070430.09
2021-09-20,157.2,204432261.32972395
2021-09-21,148.5,146743190.638605
2021-09-22,161.4,132778222.3524
2021-09-23,163.9,91704266.25580001
2021-09-24,152.1,188002639.88005498
2021-09-25,151.0,93991018.778
2021-09-26,150.7,126280280.39549999
2021-09-27,145.0,67160112.26
2021-09-28,140.6,77599216.92914
2021-09-29,144.7,73109552.826896
2021-09-30,153.3,77551134.192
2021-10-01,166.2,116578150.8054
2021-10-02,168.9,72263151.0597
2021-10-03,170.5,74518864.1835
2021-10-04,167.5,98259675.9425
2021-10-05,173.8,108227799.56560001
2021-10-06,178.5,172773970.614
2021-10-07,178.6,154787699.0342
2021-10-08,175.9,122689024.6806
2021-10-09,179.9,80231781.8512
2021-10-10,174.8,97850444.74440001
2021-10-11,179.1,121719044.17169999
2021-10-12,172.6,122230815.14
2021-10-13,177.6,116852375.0112
2021-10-14,181.3,135322171.5153
2021-10-15,189.6,216778105.44480002
2021-10-16,186.0,107286958.53
2021-10-17,183.7,87258044.30309999
2021-10-18,185.6,109862409.00479999
2021-10-19,188.8,113058101.0944
2021-10-20,207.3,232525263.18600002
2021-10-21,196.8,222251009.44800004
2021-10-22,191.0,139782606.055
2021-10-23,196.3,81093427.0432
2021-10-24,190.4,108186053.02400002
2021-10-25,195.5,85066316.20099999
2021-10-26,197.6,112859764.628
2021-10-27,179.3,247563441.3318
2021-10-28,189.8,137109761.503
2021-10-29,196.7,114301307.82
2021-10-30,190.2,79003682.124
2021-10-31,191.9,98768027.5125
2021-11-01,197.6,129660494.57919998
2021-11-02,200.9,118421457.6678
2021-11-03,207.3,174102136.5693
2021-11-04,202.6,120049311.88439998
2021-11-05,198.9,90440034.4692
2021-11-06,197.6,83117683.6776
2021-11-07,202.0,70979382.16
2021-11-08,229.0,316038376.563
2021-11-09,262.0,853142428.70208
2021-11-10,260.4,972218727.3262799
2021-11-11,262.3,437120354.8038
2021-11-12,251.2,606553386.0223999
2021-11-13,257.7,300787752.07469994
2021-11-14,279.3,379498315.5621
2021-11-15,263.0,304010539.167
2021-11-16,230.2,551594910.926
2021-11-17,229.6,326663671.6168
2021-11-18,204.2,345024809.4108
2021-11-19,217.9,226794634.6379
2021-11-20,226.8,190817670.6072
2021-11-21,221.1,154400611.1043
2021-11-22,209.1,180878114.66939998
2021-11-23,216.2,153479439.31379998
2021-11-24,212.2,124460999.69199999
2021-11-25,222.9,198847888.569
2021-11-26,195.7,300730518.91769993
2021-11-27,195.1,102304193.28819999
2021-11-28,199.5,144407345.62800002
2021-11-29,205.5,166644817.884
2021-11-30,207.8,214640663.1646
2021-12-01,208.8,140743167.16320002
2021-12-02,203.5,114391772.05499999
2021-12-03,188.0,155116243.20000002
2021-12-04,162.7,448737463.35697496
2021-12-05,156.3,168158105.5674
2021-12-06,161.3,177016122.4269
2021-12-07,161.8,108768595.41800001
2021-12-08,165.1,147026049.30519998
2021-12-09,151.3,98077044.9766
2021-12-10,148.3,104493726.4724
2021-12-11,158.0,88266648.966
2021-12-12,159.0,60811246.371
2021-12-13,144.6,90913224.19139999
2021-12-14,150.4,76950922.05759999
2021-12-15,153.6,93977591.5008
2021-12-16,148.9,64749665.4529
2021-12-17,144.1,68080768.8143
2021-12-18,148.6,44646605.343399994
2021-12-19,153.2,113123903.6824
2021-12-20,152.6,84070204.1494
2021-12-21,154.7,58088798.813499995
2021-12-22,155.4,64485537.69
2021-12-23,163.6,85345706.2356
2021-12-24,161.2,66319591.1872
2021-12-25,157.8,71967545.2332
2021-12-26,155.7,138255536.8863
2021-12-27,155.9,72394344.482
2021-12-28,145.7,99061577.73979999
2021-12-29,145.5,64739879.874000005
2021-12-30,148.0,47081914.808
2021-12-31,146.3,50457759.583
2022-01-01,150.8,33953455.432000004
2022-01-02,151.2,34526533.1544
2022-01-03,148.5,43219272.6405
2022-01-04,146.5,48594879.6295
2022-01-05,135.4,81505933.3178
2022-01-06,135.9,72220977.8163
2022-01-07,131.4,96444355.98497401
2022-01-08,129.4,58267701.308532
2022-01-09,130.9,42127330.0987
2022-01-10,126.5,78556791.712795
2022-01-11,131.6,52153108.95199999
2022-01-12,141.9,55021095.9573
2022-01-13,136.7,63208597.351799995
2022-01-14,144.7,85099191.7144
2022-01-15,147.7,68205797.5172
2022-01-16,146.4,47426670.155999996
2022-01-17,151.2,122323052.124
2022-01-18,141.5,85664716.7985
2022-01-19,136.2,59606862.87299999
2022-01-20,129.7,52503255.8405
2022-01-21,114.5,117328510.94293
2022-01-22,108.4,145883223.07188
2022-01-23,112.3,66041644.1991
2022-01-24,109.5,120253613.8305
2022-01-25,107.8,63534470.0914
2022-01-26,106.9,82842623.4358
2022-01-27,106.9,60290719.785399996
2022-01-28,109.4,50744340.8372
2022-01-29,110.8,38311969.60919999
2022-01-30,108.6,30014465.202600002
2022-01-31,109.5,49035684.1365
2022-02-01,115.0,68731093.085
2022-02-02,108.3,55452444.7161
2022-02-03,111.0,42263128.232999995
2022-02-04,121.3,78784488.0394
2022-02-05,121.7,53864056.7255
2022-02-06,127.6,52971993.8968
2022-02-07,137.4,95425645.833
2022-02-08,133.7,130227036.87699999
2022-02-09,140.1,86171648.4237
2022-02-10,134.6,97301696.7466
2022-02-11,125.6,67385475.5128
2022-02-12,126.7,41595015.0168
2022-02-13,125.6,32893529.821599998
2022-02-14,124.6,38808289.9246
2022-02-15,131.5,48919979.7325
2022-02-16,127.7,41513752.4132
2022-02-17,116.3,62272280.9468
2022-02-18,114.9,78884864.67029999
2022-02-19,115.5,41803311.627000004
2022-02-20,110.6,51787557.5686
2022-02-21,102.8,64890523.875599995
2022-02-22,107.4,57715550.99820001
2022-02-23,105.4,45585075.238
2022-02-24,104.1,134163817.37443799
2022-02-25,109.2,66022634.277600005
2022-02-26,108.2,49403951.208000004
2022-02-27,102.9,43004444.0154
2022-02-28,113.7,65334605.538
2022-03-01,112.5,67666193.325
2022-03-02,110.3,56635213.4351
2022-03-03,111.7,71277150.7237
2022-03-04,101.0,64235372.285000004
2022-03-05,104.9,31340322.410200004
2022-03-06,101.1,31628556.9102
2022-03-07,98.4,51039178.852800004
2022-03-08,100.7,49296600.5617
2022-03-09,106.9,58661242.3371
2022-03-10,102.5,55806006.715
2022-03-11,104.6,48358930.675799996
2022-03-12,105.6,28901759.251199998
2022-03-13,101.7,27233108.9433
2022-03-14,105.6,48709051.8816
2022-03-15,106.8,48688491.5136
2022-03-16,111.4,69910797.1456
2022-03-17,110.2,34778961.863
2022-03-18,111.9,40514716.6509
2022-03-19,116.8,53153086.8064
2022-03-20,114.9,52478969.7321
2022-03-21,116.0,48114900.151999995
2022-03-22,122.7,75234580.4655
2022-03-23,122.4,49463868.78
2022-03-24,126.5,62576199.9005
2022-03-25,123.9,48186087.0246
2022-03-26,124.8,27747972.2208
2022-03-27,129.7,46814711.115499996
2022-03-28,127.6,61897124.2956
2022-03-29,130.1,52331539.528799996
2022-03-30,131.1,61523273.332499996
2022-03-31,123.8,114569469.0288
2022-04-01,124.8,57309932.2848
2022-04-02,124.8,55684346.015999995
2022-04-03,128.7,39134841.04529999
2022-04-04,124.8,57401334.5568
2022-04-05,122.7,32736446.7489
2022-04-06,111.7,68116273.6182
2022-04-07,114.1,34540648.4318
2022-04-08,110.7,40068474.0714
2022-04-09,112.7,21712740.075600002
2022-04-10,110.3,22180212.1095
2022-04-11,102.4,45102781.5424
2022-04-12,104.8,31331296.304799996
2022-04-13,110.5,43069247.4225
2022-04-14,107.3,34721581.1551
2022-04-15,111.0,33639884.775000006
2022-04-16,114.3,29311299.797399998
2022-04-17,108.8,29991574.8416
2022-04-18,111.3,48299478.320099995
2022-04-19,113.8,30496408.8414
2022-04-20,111.9,35536404.0411
2022-04-21,106.8,39990749.496
2022-04-22,105.4,32358178.913
2022-04-23,105.1,15956303.1251
2022-04-24,104.6,19715437.1738
2022-04-25,104.6,48588071.0968
2022-04-26,98.6,36490831.602
2022-04-27,100.5,29734192.305
2022-04-28,103.3,56183980.690299995
2022-04-29,100.4,39564164.65400001
2022-04-30,95.8,32949252.0654
2022-05-01,99.3,29339567.752499998
2022-05-02,100.7,33270140.076
2022-05-03,99.4,30613278.399200004
2022-05-04,106.3,50572588.65229999
2022-05-05,96.8,56784254.07599999
2022-05-06,96.7,47770545.6537
2022-05-07,94.3,28104909.374500003
2022-05-08,93.9,41426821.719000004
2022-05-09,76.2,81984904.49544601
2022-05-10,80.2,107134427.567748
2022-05-11,66.6,143633302.28530198
2022-05-12,64.5,133922997.279045
2022-05-13,67.9,76911665.3214
2022-05-14,68.9,38376060.2823
2022-05-15,71.6,36376133.338
2022-05-16,67.3,38841707.1423
2022-05-17,73.2,46827233.160000004
2022-05-18,66.0,46313949.066
2022-05-19,72.1,49751150.238299996
2022-05-20,68.6,51813788.406799994
2022-05-21,69.8,19172317.792
2022-05-22,71.7,20849943.0645
2022-05-23,69.1,42416051.5688
2022-05-24,70.2,34600032.9324
2022-05-25,68.2,28238197.1102
2022-05-26,63.5,46383138.628
2022-05-27,61.6,45565771.636
2022-05-28,63.0,21199917.185999997
2022-05-29,63.6,20088209.9688
2022-05-30,69.1,42292381.29489999
2022-05-31,68.4,30441320.272800002
2022-06-01,62.7,39753066.7281
2022-06-02,64.5,23977408.02
2022-06-03,62.6,17633165.871600002
2022-06-04,63.7,11965474.5665
2022-06-05,63.2,12272574.9816
2022-06-06,64.5,24157074.189
2022-06-07,63.8,31490886.5832
2022-06-08,61.3,28256147.770099998
2022-06-09,60.3,17821459.618199997
2022-06-10,56.7,28648885.4316
2022-06-11,52.2,30729061.463958003
2022-06-12,47.9,36004772.959854
2022-06-13,43.5,68948140.88332501
2022-06-14,46.15,70984943.40275
2022-06-15,50.65,101829451.541
2022-06-16,44.78,73288559.00528
2022-06-17,47.6,57466891.2832
2022-06-18,47.18,90291912.56778
2022-06-19,54.29,133082489.6258
2022-06-20,52.77,104480590.58817
2022-06-21,53.52,73940812.0932
2022-06-22,52.13,48371106.191980004
2022-06-23,55.74,55459804.60728
2022-06-24,55.84,40797528.42176
2022-06-25,58.88,36401206.46656
2022-06-26,56.61,29364686.948969997
2022-06-27,55.86,22177799.40684
2022-06-28,52.68,22576635.51864
2022-06-29,53.68,24257928.28184
2022-06-30,53.84,27196467.753920004
2022-07-01,51.19,31029698.30253
2022-07-02,50.55,19984935.47355
2022-07-03,50.95,16291485.813849999
2022-07-04,52.26,22393364.42928
2022-07-05,49.7,28187253.3635
2022-07-06,50.34,18624994.91238
2022-07-07,52.15,24949413.01755
2022-07-08,51.35,27680682.1148
2022-07-09,54.09,19992898.82061
2022-07-10,52.12,41362807.10764
2022-07-11,48.71,22313495.75471
2022-07-12,47.33,22069245.24301
2022-07-13,49.56,29811284.41536
2022-07-14,51.32,26798595.32212
2022-07-15,51.78,28174443.14034
2022-07-16,55.08,24077728.207799997
2022-07-17,55.76,27232064.673759997
2022-07-18,58.6,41301841.915400006
2022-07-19,57.9,37563459.0495
2022-07-20,57.2,47109245.326
2022-07-21,58.02,28728386.585400004
2022-07-22,56.09,28293502.31389
2022-07-23,56.32,20268862.81728
2022-07-24,58.39,20621513.444590002
2022-07-25,54.0,25929270.396
2022-07-26,53.88,22661085.96336
2022-07-27,59.01,31668237.61731
2022-07-28,63.41,50327511.50763
2022-07-29,60.65,36292424.4605
2022-07-30,60.42,34510488.48024
2022-07-31,59.74,21683009.18278
2022-08-01,59.44,24572921.768719997
2022-08-02,58.05,28996081.05735
2022-08-03,57.77,28757305.82747
2022-08-04,59.65,26154044.9916
2022-08-05,62.47,30481940.07985
2022-08-06,60.83,13498735.66272
2022-08-07,61.1,14812616.0351
2022-08-08,62.61,25291825.34379
2022-08-09,59.16,27684922.987199996
2022-08-10,61.59,42103350.88029
2022-08-11,61.84,27927514.7832
2022-08-12,62.88,22729097.96784
2022-08-13,63.8,32061242.6332
2022-08-14,63.14,28605064.17692
2022-08-15,60.67,31624198.73187
2022-08-16,61.33,22528353.683739997
2022-08-17,60.52,43479331.18968
2022-08-18,60.02,25333499.686
2022-08-19,53.99,43590503.05147
2022-08-20,54.1,35244996.696200006
2022-08-21,55.67,21002124.15659
2022-08-22,57.22,50226378.883039996
2022-08-23,57.08,32089046.321399998
2022-08-24,56.46,24709214.360519998
2022-08-25,56.63,21471519.27837
2022-08-26,52.68,34966932.69348
2022-08-27,53.01,18150435.072359998
2022-08-28,53.41,30546292.27804
2022-08-29,55.8,35475821.7012
2022-08-30,53.01,26799554.57085
2022-08-31,53.84,23748143.78544
2022-09-01,57.58,42980685.02814
2022-09-02,60.99,59219055.63135
2022-09-03,60.15,36369273.442499995
2022-09-04,60.9,25375451.4111
2022-09-05,60.39,33223730.30955
2022-09-06,54.11,48369979.97853
2022-09-07,57.31,45344542.99738
2022-09-08,57.96,30520871.12088
2022-09-09,61.13,39124922.46001
2022-09-10,63.28,40746647.45424
2022-09-11,62.16,30572472.178079996
2022-09-12,61.38,30250433.513520002
2022-09-13,59.1,85104175.9407
2022-09-14,60.18,45340062.08622
2022-09-15,56.34,39251881.6551
2022-09-16,55.95,26259210.6678
2022-09-17,57.83,18167323.35717
2022-09-18,52.63,27592050.950480003
2022-09-19,52.91,62961818.255049996
2022-09-20,52.3,38715690.518699996
2022-09-21,51.09,48457667.29713
2022-09-22,53.57,32947965.846289996
2022-09-23,55.22,34720946.55436
2022-09-24,53.43,25521942.02805
2022-09-25,52.53,20412278.332620002
2022-09-26,53.44,24726860.45088
2022-09-27,52.65,31281961.2768
2022-09-28,53.29,25951158.17823
2022-09-29,53.96,22419700.21192
2022-09-30,53.48,22330888.14152
2022-10-01,52.92,12064769.8668
2022-10-02,51.82,12744378.490939999
2022-10-03,54.17,20452529.69393
2022-10-04,55.28,20978875.59048
2022-10-05,54.63,18599110.132770002
2022-10-06,53.53,20861724.34014
2022-10-07,52.83,18695365.33626
2022-10-08,52.79,12923503.05999
2022-10-09,53.9,10659256.2384
2022-10-10,52.63,20685312.31675
2022-10-11,52.03,16937261.903100003
2022-10-12,52.23,18557967.43545
2022-10-13,51.1,30602745.618200004
2022-10-14,51.31,16462327.542989999
2022-10-15,50.39,11603875.56363
2022-10-16,51.43,11891106.95078
2022-10-17,51.82,11371647.4139
2022-10-18,51.86,13862062.352200001
2022-10-19,50.94,11856714.6789
2022-10-20,51.22,13905789.09824
2022-10-21,51.63,15786437.90013
2022-10-22,52.18,9765561.8783
2022-10-23,54.03,13571181.10875
2022-10-24,52.54,18367718.20014
2022-10-25,55.92,31338127.42368
2022-10-26,56.39,29132741.339520004
2022-10-27,54.75,23513122.84725
2022-10-28,54.92,23852642.62848
2022-10-29,56.6,31232092.872600004
2022-10-30,55.35,20793376.39995
2022-10-31,55.01,26103993.93293
2022-11-01,55.1,19317120.2144
2022-11-02,60.95,128265452.5817
2022-11-03,61.84,85019883.40888
2022-11-04,67.58,97311696.24732001
2022-11-05,69.23,76889648.80723001
2022-11-06,68.26,54976881.408640005
2022-11-07,67.42,93908039.58196
2022-11-08,57.82,126632703.4189
2022-11-09,50.68,106614888.53092
2022-11-10,60.56,125373406.28592
2022-11-11,61.49,118067568.81920001
2022-11-12,59.94,46068639.10614
2022-11-13,57.37,33615998.19918
2022-11-14,56.7,82522266.99570002
2022-11-15,58.01,45589563.71062
2022-11-16,57.49,40743757.61907
2022-11-17,62.59,70431083.86237
2022-11-18,62.62,51379755.524739996
2022-11-19,63.98,37481765.142919995
2022-11-20,62.12,45852095.59084
2022-11-21,61.31,74778813.83931
2022-11-22,70.66,156306494.55969998
2022-11-23,79.02,242008371.94932
2022-11-24,78.66,133568932.51691999
2022-11-25,74.1,114630729.53279999
2022-11-26,76.47,97426681.4994
2022-11-27,74.92,74545219.51772
2022-11-28,73.97,109048706.62907
2022-11-29,75.8,92085520.77219999
2022-11-30,79.16,87756799.11471999
2022-12-01,77.57,75106714.69491999
2022-12-02,77.94,45364302.819
2022-12-03,76.47,33079517.32257
2022-12-04,77.07,30134238.05616
2022-12-05,80.19,136187706.55940998
2022-12-06,79.88,64126153.62895999
2022-12-07,76.89,66485077.11846
2022-12-08,78.27,71365472.29617
2022-12-09,76.31,47458804.330079995
2022-12-10,76.36,22998431.84988
2022-12-11,76.5,26639613.819
2022-12-12,76.23,50014019.091960005
2022-12-13,77.39,78794933.26182
2022-12-14,75.3,68666983.31369999
2022-12-15,72.42,43369222.05708
2022-12-16,66.25,76893853.6575
2022-12-17,64.89,87252333.85323
2022-12-18,64.37,41139419.552080005
2022-12-19,63.37,54883041.06714
2022-12-20,65.55,55767581.183249995
2022-12-21,65.4,37492736.5182
2022-12-22,66.21,33487879.916309997
2022-12-23,65.75,25454889.80475
2022-12-24,65.76,14389627.925760001
2022-12-25,69.15,38965030.34640001
2022-12-26,70.78,51297522.09234
2022-12-27,68.67,47281643.44533
2022-12-28,66.32,45971013.575519994
2022-12-29,66.66,33217188.34896
2022-12-30,67.94,32373733.0547
2022-12-31,70.14,39558574.01958
2023-01-01,70.91,35300729.905839995
2023-01-02,74.74,78999827.30194
2023-01-03,75.57,54848562.49257
2023-01-04,75.46,58345505.45977999
2023-01-05,74.25,41734897.974
2023-01-06,75.91,60562514.30225
2023-01-07,76.4,29695735.772400003
2023-01-08,78.68,49322854.03976001
2023-01-09,81.62,96254540.84554
2023-01-10,80.83,68537804.90888
2023-01-11,84.08,81446283.88152
2023-01-12,86.09,122874199.19073
2023-01-13,86.23,76855812.27011001
2023-01-14,87.84,153473598.34704
2023-01-15,87.37,51253624.31779
2023-01-16,85.91,64438866.53236999
2023-01-17,87.02,64453055.36495999
2023-01-18,82.62,77319266.37048
2023-01-19,84.21,40784952.75561
2023-01-20,90.28,68380279.07516001
2023-01-21,87.91,63349791.846269995
2023-01-22,87.58,43945020.19078
2023-01-23,89.9,62139596.862600006
2023-01-24,87.19,43567739.52336
2023-01-25,89.38,47309651.55886
2023-01-26,87.52,41658674.031679995
2023-01-27,88.89,37231587.70014
2023-01-28,89.67,35154825.88527
2023-01-29,94.84,120288512.98840001
2023-01-30,91.37,90194819.80099
2023-01-31,94.09,98409389.81818
2023-02-01,100.33,132879473.06323001
2023-02-02,98.64,72059879.1852
2023-02-03,99.86,56814157.36782
2023-02-04,98.51,35176104.57411
2023-02-05,96.63,40360638.23325
2023-02-06,95.93,35629931.41199
2023-02-07,100.86,67848973.24764
2023-02-08,99.22,55547301.38407999
2023-02-09,92.05,85635731.2139
2023-02-10,93.34,59858352.557900004
2023-02-11,94.28,33897730.63328
2023-02-12,92.51,28363399.66702
2023-02-13,91.05,67395355.4979
2023-02-14,95.82,59608915.90242
2023-02-15,102.82,78599336.35602
2023-02-16,98.55,67754031.0687
2023-02-17,100.12,57026878.033360004
2023-02-18,99.71,43352731.023159996
2023-02-19,97.43,42281030.28908
2023-02-20,95.9,89693498.0557
2023-02-21,93.8,69381610.1132
2023-02-22,95.28,66041616.29304
2023-02-23,94.59,44857495.72314
2023-02-24,91.55,45900961.813999996
2023-02-25,93.15,39714283.69065
2023-02-26,95.27,32740114.646330003
2023-02-27,94.07,36734808.1721
2023-02-28,93.8,35675388.6692
2023-03-01,97.78,56577858.6312
2023-03-02,95.39,50731945.54772001
2023-03-03,90.56,84484218.39232
2023-03-04,89.34,31090244.150340002
2023-03-05,89.93,32229022.66063
2023-03-06,87.36,54940696.399679996
2023-03-07,86.29,55474528.52910001
2023-03-08,82.76,51778200.6108
2023-03-09,76.68,84200907.97656001
2023-03-10,71.37,139790014.47333
2023-03-11,69.21,131301597.36932999
2023-03-12,76.26,106259162.53674002
2023-03-13,81.46,150173426.02065998
2023-03-14,83.94,114911431.69974
2023-03-15,76.43,101238199.84886001
2023-03-16,78.86,62496921.58832
2023-03-17,85.51,79966328.63871
2023-03-18,83.02,82226668.68388
2023-03-19,83.98,51450815.776360005
2023-03-20,78.05,73616237.68939999
2023-03-21,82.48,74779645.01288001
2023-03-22,87.27,153603838.07187
2023-03-23,93.61,174869585.89947
2023-03-24,93.58,124085871.78862
2023-03-25,91.5,62653663.6095
2023-03-26,93.32,54898798.00736
2023-03-27,89.23,68177944.23865001
2023-03-28,89.13,78600241.87361999
2023-03-29,91.31,64737426.102529995
2023-03-30,89.06,66910787.7966
2023-03-31,89.57,43870172.41607
2023-04-01,92.57,63626253.627359994
2023-04-02,92.77,59486780.09787
2023-04-03,92.97,84533343.35733
2023-04-04,92.58,46787276.8056
2023-04-05,92.64,63942555.168
2023-04-06,90.97,35059142.716290005
2023-04-07,90.6,27320285.5836
2023-04-08,89.91,17900457.74388
2023-04-09,90.58,22991264.60442
2023-04-10,93.78,48960661.08708
2023-04-11,94.22,71534260.43498
2023-04-12,92.06,65688050.32788
2023-04-13,94.17,57204888.835140005
2023-04-14,96.33,100630270.99788
2023-04-15,96.68,33182730.707160003
2023-04-16,100.01,90253148.71243
2023-04-17,98.84,68491391.19788
2023-04-18,101.95,83351877.78775
2023-04-19,90.47,113862552.50932
2023-04-20,90.22,83326448.85786
2023-04-21,85.32,69259544.24904
2023-04-22,87.0,35936202.426
2023-04-23,86.75,34282044.9195
2023-04-24,88.31,57527104.72596
2023-04-25,91.03,69871982.21305001
2023-04-26,88.13,86853657.09874
2023-04-27,89.73,60075146.74653
2023-04-28,89.63,41634002.25988
2023-04-29,91.08,31987825.6302
2023-04-30,88.22,34978751.8476
2023-05-01,86.75,46663399.285
2023-05-02,88.2,37507479.2694
2023-05-03,88.88,49910764.95768
2023-05-04,88.38,28024673.153399996
2023-05-05,88.61,41005786.43969
2023-05-06,83.26,67340679.17444
2023-05-07,83.42,33823596.74502
2023-05-08,77.71,85011491.79970999
2023-05-09,79.9,52127699.624000005
2023-05-10,80.93,69822114.54814
2023-05-11,80.88,63723370.11648
2023-05-12,80.45,62014812.42805
2023-05-13,80.26,30363302.74046
2023-05-14,83.5,39669295.063
2023-05-15,86.89,96495871.53455
2023-05-16,89.99,109106384.83120999
2023-05-17,93.88,153207863.86343998
2023-05-18,90.43,70436880.76521
2023-05-19,91.8,61929696.6576
2023-05-20,92.42,30679901.97756
2023-05-21,92.18,40050868.04356
2023-05-22,90.83,42009440.59841
2023-05-23,91.7,40128679.5511
2023-05-24,85.82,106535399.80719998
2023-05-25,86.57,72391491.03637
2023-05-26,87.08,59627549.23132
2023-05-27,88.55,29710510.02535
2023-05-28,91.45,53301790.61705001
2023-05-29,90.86,44055116.38374
2023-05-30,92.25,51036062.973749995
2023-05-31,90.42,66035721.750240006
2023-06-01,94.19,127798029.0319
2023-06-02,95.45,68152823.76380001
2023-06-03,96.03,57290622.590519994
2023-06-04,94.19,46385190.56492
2023-06-05,87.71,115811789.31560001
2023-06-06,90.92,76087290.37932
2023-06-07,88.85,61455514.42209999
2023-06-08,88.5,35912469.0735
2023-06-09,89.3,39072815.7397
2023-06-10,77.13,148944070.43594998
2023-06-11,77.68,46704667.32240001
2023-06-12,77.5,48396690.7475
2023-06-13,77.5,43423779.635000005
2023-06-14,73.15,49653721.92165
2023-06-15,74.6,38267630.706599995
2023-06-16,76.13,31916036.00781
2023-06-17,76.86,23196235.47696
2023-06-18,77.19,22694353.01253
2023-06-19,77.48,24529821.43196
2023-06-20,80.33,44209371.77878
2023-06-21,85.05,104556888.5445
2023-06-22,85.93,68477675.00275001
2023-06-23,91.26,94409736.41502
2023-06-24,89.71,74831960.09462999
2023-06-25,88.2,49966054.1982
2023-06-26,87.21,57254502.04397999
2023-06-27,88.07,41423280.01070999
2023-06-28,83.02,53114098.499699995
2023-06-29,84.73,41062175.167109996
2023-06-30,108.7,595101552.3491
2023-07-01,107.1,279974865.23999995
2023-07-02,113.58,261147426.4845
2023-07-03,107.27,154960841.59015
2023-07-04,104.27,97551505.39989999
2023-07-05,102.6,144709893.9216
2023-07-06,95.25,162271318.42725
2023-07-07,98.23,85148131.14654
2023-07-08,97.79,42150035.37591
2023-07-09,95.08,44561183.533599995
2023-07-10,96.72,107207888.91071999
2023-07-11,96.77,75069160.57175
2023-07-12,96.21,65537691.0957
2023-07-13,101.85,181390696.86255
2023-07-14,95.13,139898797.77194998
2023-07-15,94.78,44959049.10266
2023-07-16,92.89,45815128.51552
2023-07-17,92.2,76082980.383
2023-07-18,91.56,50085903.91476
2023-07-19,91.99,56166215.81688
2023-07-20,92.37,70557305.10111
2023-07-21,94.09,52916037.60536001
2023-07-22,92.09,48183714.45993
2023-07-23,93.16,42788085.60264
2023-07-24,89.14,66344354.200519994
2023-07-25,89.45,39158846.1943
2023-07-26,90.64,47481718.498720005
2023-07-27,90.6,44630929.6002
2023-07-28,91.44,36632063.327039994
2023-07-29,94.32,45629967.841199994
2023-07-30,94.03,105605763.99808
2023-07-31,92.28,69371337.92255999
2023-08-01,93.94,111897042.55114
2023-08-02,87.54,133054420.25988
2023-08-03,82.55,93419703.97175
2023-08-04,82.2,78662520.3696
2023-08-05,83.12,29414654.467920005
2023-08-06,82.57,31067125.24547
2023-08-07,82.49,43853649.57172
2023-08-08,83.86,61713960.03808001
2023-08-09,84.08,32084288.65568
2023-08-10,83.14,28065266.58842
2023-08-11,83.58,15605414.702639999
2023-08-12,83.47,14904487.254290001
2023-08-13,81.92,27134086.43072
2023-08-14,82.11,27139795.55553
2023-08-15,79.26,47565435.268920004
2023-08-16,74.56,78342252.98752001
2023-08-17,64.77,110753249.18394
2023-08-18,63.98,82104003.53441998
2023-08-19,64.18,32800531.3247
2023-08-20,65.25,21417786.91125
2023-08-21,67.0,53316596.499
2023-08-22,64.83,47120675.05962
2023-08-23,65.64,36012884.641679995
2023-08-24,64.88,22899163.794479996
2023-08-25,65.13,26079854.27736
2023-08-26,65.01,13363450.20417
2023-08-27,65.39,15172698.55192
2023-08-28,65.52,26337926.61864
2023-08-29,68.86,65633575.85532
2023-08-30,67.65,28579306.430400003
2023-08-31,63.89,43960029.38951
2023-09-01,62.98,35838759.678959996
2023-09-02,64.59,19086547.87719
2023-09-03,63.93,16460711.231759999
2023-09-04,63.75,24817966.35375
2023-09-05,63.15,30037642.930499997
2023-09-06,62.87,29164087.12723
2023-09-07,63.71,23728340.08966
2023-09-08,62.61,23190600.6231
2023-09-09,63.06,9655709.55318
2023-09-10,61.11,29758269.33072
2023-09-11,58.85,46663786.14095
2023-09-12,59.96,37014495.98748
2023-09-13,61.98,31724675.033579998
2023-09-14,62.83,40090870.99984
2023-09-15,65.89,35621765.304620005
2023-09-16,65.38,25580927.21002
2023-09-17,63.55,31597395.2898
2023-09-18,65.89,52080268.88493001
2023-09-19,67.28,35458131.39168
2023-09-20,64.55,60104241.782299995
2023-09-21,64.69,29051100.3482
2023-09-22,64.37,28486647.591110002
2023-09-23,65.07,25240755.224969998
2023-09-24,63.58,13210223.235
2023-09-25,64.33,16623881.53069
2023-09-26,63.8,23673389.5794
2023-09-27,63.53,22315930.75884
2023-09-28,65.21,29105814.57582
2023-09-29,65.55,22968782.665799998
2023-09-30,65.97,11837274.305939998
2023-10-01,68.19,29325656.86113
2023-10-02,65.97,36876429.58599
2023-10-03,65.5,17347141.633500002
2023-10-04,64.4,25076006.634
2023-10-05,64.8,24095921.472
2023-10-06,65.5,16963802.2285
2023-10-07,65.45,11604605.63955
2023-10-08,65.34,20668556.9079
2023-10-09,63.07,28311895.00195
2023-10-10,63.61,14932012.59843
2023-10-11,61.55,17667877.706049997
2023-10-12,61.12,17441889.638720002
2023-10-13,61.58,22052548.9681
2023-10-14,61.62,7490258.475179999
2023-10-15,61.63,8641015.03405
2023-10-16,63.19,42968972.01048
2023-10-17,62.07,17747920.8972
2023-10-18,60.23,19292973.09996
2023-10-19,61.78,17142411.060200002
2023-10-20,63.38,27731789.64142
2023-10-21,64.75,21820727.92025
2023-10-22,65.26,37182123.00322
2023-10-23,69.02,54455844.364879996
2023-10-24,69.15,64121927.0292
2023-10-25,68.71,38186348.204239994
2023-10-26,68.76,40893865.97112
2023-10-27,66.99,28870331.951999996
2023-10-28,67.73,26642612.1273
2023-10-29,68.79,17517379.34715
2023-10-30,69.21,27079040.442329995
2023-10-31,68.89,42450668.3216
2023-11-01,69.97,53076969.79421999
2023-11-02,69.43,45716971.32221
2023-11-03,69.45,25459706.96085
2023-11-04,70.41,20163436.888979997
2023-11-05,71.6,43300290.67079999
2023-11-06,74.46,38539578.72725999
2023-11-07,73.41,43158331.56552
2023-11-08,73.07,33182079.290599998
2023-11-09,73.83,76583972.32905
2023-11-10,73.28,48318627.737600006
2023-11-11,75.26,52787160.72274
2023-11-12,74.88,56859221.50271999
2023-11-13,71.1,48875329.289699994
2023-11-14,70.61,43268291.2972
2023-11-15,74.03,40447398.28492001
2023-11-16,70.97,36637127.83164
2023-11-17,70.29,49277460.65715
2023-11-18,69.86,22352903.07306
2023-11-19,70.54,18880482.24438
2023-11-20,69.51,25247195.31936
2023-11-21,66.15,50692040.8785
2023-11-22,68.7,28294448.9424
2023-11-23,69.51,33886513.769430004
2023-11-24,70.73,30511075.80554
2023-11-25,71.87,21601790.39346
2023-11-26,70.03,26173856.48168
2023-11-27,69.22,22297882.00094
2023-11-28,69.77,44197541.88921
2023-11-29,70.0,21327495.139999997
2023-11-30,69.42,14742828.141600002
2023-12-01,71.57,34241968.76407
2023-12-02,72.2,20678664.098
2023-12-03,72.31,20626160.16993
2023-12-04,72.93,73530286.46535
2023-12-05,74.34,40374116.742960006
2023-12-06,72.41,46348051.67291
2023-12-07,74.02,41785454.63068
2023-12-08,78.5,67307429.5725
2023-12-09,76.32,56210064.271199994
2023-12-10,77.18,43195036.9301
2023-12-11,72.67,71846298.48526
2023-12-12,72.37,34514600.96362
2023-12-13,73.12,52414999.03712001
2023-12-14,72.93,49127949.74373
2023-12-15,70.93,27529955.568950005
2023-12-16,72.19,19719899.45284
2023-12-17,71.18,28851787.580920003
2023-12-18,70.85,36601301.011599995
2023-12-19,70.73,24247330.27134
2023-12-20,69.83,51565812.73703
2023-12-21,70.93,41213975.80200001
2023-12-22,73.58,39670263.27342
2023-12-23,72.45,34247643.95745
2023-12-24,71.12,36115338.742
2023-12-25,72.22,26340999.349439997
2023-12-26,73.24,62339160.908599995
2023-12-27,75.98,70589937.31492001
2023-12-28,76.51,75061504.49343
2023-12-29,73.25,66588913.75425
2023-12-30,73.22,33747906.42202
2023-12-31,72.83,29354667.310310002
2024-01-01,74.72,23041925.704
2024-01-02,72.97,44386254.57311
2024-01-03,65.24,98721970.25627999
2024-01-04,66.41,48407901.14798
2024-01-05,66.0,43519809.762
2024-01-06,65.64,26537687.758559998
2024-01-07,64.27,22972920.60986
2024-01-08,67.73,62576184.06169
2024-01-09,66.99,54434909.57982
2024-01-10,70.1,59726195.27979999
2024-01-11,71.88,87085430.36423999
2024-01-12,72.97,126530424.16839
2024-01-13,71.98,45340970.0266
2024-01-14,69.78,33690315.16536
2024-01-15,69.13,26718325.93394
2024-01-16,69.44,32075504.60576
2024-01-17,69.46,26591250.592299998
2024-01-18,68.11,50605066.472380005
2024-01-19,71.29,46149961.26183001
2024-01-20,71.36,43845723.87232
2024-01-21,71.75,22368304.51275
2024-01-22,67.36,51902153.306080006
2024-01-23,65.5,45948438.050500005
2024-01-24,66.13,25487878.36369
2024-01-25,65.5,18018205.115500003
2024-01-26,67.05,21531643.2621
2024-01-27,68.06,16938092.13194
2024-01-28,68.35,20575099.965049997
2024-01-29,68.43,29795261.636100005
2024-01-30,67.47,20216507.10807
2024-01-31,66.76,40871284.86976
2024-02-01,67.54,19534941.55822
2024-02-02,68.05,14259330.99045
2024-02-03,68.81,14858506.06632
2024-02-04,66.94,19290823.622220002
2024-02-05,67.7,18443594.5418
2024-02-06,68.29,21672772.058170002
2024-02-07,68.62,24393823.50486
2024-02-08,70.53,32518353.948090002
2024-02-09,70.64,54718019.28408
2024-02-10,70.8,26158484.991599996
2024-02-11,71.55,43928011.52595
2024-02-12,72.82,35507735.95094
2024-02-13,68.97,73751458.84359
2024-02-14,69.81,73536919.17429
2024-02-15,69.76,62270131.16736001
2024-02-16,70.59,39844083.6066
2024-02-17,69.97,30521910.79262
2024-02-18,70.8,27830523.845999997
2024-02-19,71.3,37189414.5571
2024-02-20,69.65,54487328.17080001
2024-02-21,68.9,32538169.896700002
2024-02-22,68.8,35554665.584
2024-02-23,68.8,27157834.392
2024-02-24,70.41,25939144.756709997
2024-02-25,70.16,23345584.946399998
2024-02-26,71.93,54292145.18621001
2024-02-27,73.97,113336431.01144
2024-02-28,74.48,134358623.1428
2024-02-29,79.92,195298128.7776
2024-03-01,84.87,109696051.54512
2024-03-02,94.49,210325544.42218
2024-03-03,90.7,119737967.8907
2024-03-04,88.95,142354008.9651
2024-03-05,81.93,243671922.37188002
2024-03-06,85.87,122766356.94866002
2024-03-07,88.0,112145831.42400001
2024-03-08,88.32,114777913.7664
2024-03-09,90.67,82042357.71493
2024-03-10,87.43,62692485.06913
2024-03-11,103.86,321578324.58222
2024-03-12,97.52,238070879.24176
2024-03-13,97.24,110276876.46404
2024-03-14,94.08,135481015.55519998
2024-03-15,89.75,146074168.49575
2024-03-16,84.12,96678684.71676
2024-03-17,85.93,73368731.80494002
2024-03-18,86.77,84911447.16545999
2024-03-19,78.45,153890448.46005
2024-03-20,84.65,115388781.1368
2024-03-21,85.75,80149714.148
2024-03-22,83.4,60478654.0812
2024-03-23,85.26,68511175.1814
2024-03-24,89.65,94354622.48795
2024-03-25,90.58,99200604.21628
2024-03-26,95.77,169277799.49435
2024-03-27,93.55,167745355.1824
2024-03-28,94.11,104660814.95898
2024-03-29,109.06,358759302.3588
2024-03-30,102.84,127767172.25304
2024-03-31,105.01,108587956.90035
2024-04-01,99.2,248236299.06239998
2024-04-02,106.75,307330815.99325
2024-04-03,98.33,183719812.80695
2024-04-04,98.38,175740669.60134
2024-04-05,97.82,121759130.87226
2024-04-06,101.6,78378142.456
2024-04-07,101.21,94956017.20696999
2024-04-08,103.27,104626325.77041
2024-04-09,97.53,89206842.07608
2024-04-10,96.71,86243548.74151
2024-04-11,98.78,79240879.78752
2024-04-12,86.08,180279160.11584
2024-04-13,77.33,203614041.0744
2024-04-14,79.72,129976170.56264
2024-04-15,78.1,110149787.1133
2024-04-16,79.94,61665543.24966
2024-04-17,80.19,52387362.388349995
2024-04-18,80.75,70126691.0155
2024-04-19,80.87,60017012.62255
2024-04-20,85.04,36993161.193040006
2024-04-21,84.16,30444496.6512
2024-04-22,85.39,50358461.14932
2024-04-23,85.02,37122396.1017
2024-04-24,83.25,77545908.55125
2024-04-25,83.78,56200069.79338
2024-04-26,88.1,93589548.35440001
2024-04-27,83.88,58698842.34599999
2024-04-28,83.99,32252184.18912
2024-04-29,83.51,43349791.72265001
2024-04-30,79.49,49002432.66507
2024-05-01,80.17,57226187.38415
2024-05-02,80.02,31918329.26792
2024-05-03,81.85,34875961.528799996
2024-05-04,81.66,24065348.661359996
2024-05-05,81.32,27376337.7466
2024-05-06,80.79,46921264.189260006
2024-05-07,80.84,39859462.14972
2024-05-08,81.7,39722739.1846
2024-05-09,83.08,29263830.4362
2024-05-10,80.22,33728657.51472
2024-05-11,81.39,21008315.9907
2024-05-12,81.41,15187987.83418
2024-05-13,80.62,36128868.46856
2024-05-14,78.79,38039439.08693
2024-05-15,82.45,38323511.614199996
2024-05-16,82.43,28658513.853170004
2024-05-17,84.14,27462994.86294
2024-05-18,83.84,18070829.41632
2024-05-19,82.4,18765543.22
2024-05-20,88.64,53114175.52416
2024-05-21,88.26,79932587.44776
2024-05-22,85.78,46142993.7656
2024-05-23,85.45,84137119.45415
2024-05-24,85.0,50300779.375
2024-05-25,84.98,21331451.51368
2024-05-26,83.9,23440689.6965
2024-05-27,85.24,29532746.83776
2024-05-28,83.44,39651327.23384
2024-05-29,83.59,27937645.567780003
2024-05-30,84.42,37285095.40308
2024-05-31,83.21,29604830.90772
2024-06-01,83.48,14366616.2374
2024-06-02,83.11,23694108.069170002
2024-06-03,82.82,31405403.630399995
2024-06-04,83.65,28471057.870850004
2024-06-05,85.44,25826508.0048
2024-06-06,84.19,24936894.80256
2024-06-07,80.13,62725227.20913
2024-06-08,79.97,20587183.94986
2024-06-09,80.49,13177711.965269998
2024-06-10,79.66,19558230.02406
2024-06-11,77.32,52090529.696119994
2024-06-12,78.5,37265821.597
2024-06-13,79.15,29709446.316850003
2024-06-14,77.61,39884362.23915
2024-06-15,79.23,18559029.313500002
2024-06-16,78.98,14966209.187820002
2024-06-17,76.59,34688176.31079
2024-06-18,72.66,53148328.13388
2024-06-19,73.77,23377726.94253
2024-06-20,74.69,27780990.16462
2024-06-21,74.17,38831406.15247
2024-06-22,74.61,13361633.61804
2024-06-23,73.37,13428986.08414
2024-06-24,69.68,49668087.18872
2024-06-25,71.35,26335538.4352
2024-06-26,71.02,20368402.34036
2024-06-27,73.28,22049636.23648
2024-06-28,72.9,30092683.9122
2024-06-29,74.95,26113727.85925
2024-06-30,75.31,23921300.00684
2024-07-01,74.38,20129967.638539996
2024-07-02,76.04,18541907.49312
2024-07-03,72.08,28365596.12464
2024-07-04,65.42,34941801.6645
2024-07-05,61.85,88936273.99795
2024-07-06,65.39,20925150.751960002
2024-07-07,62.05,17860318.364199996
2024-07-08,64.92,35242821.768
2024-07-09,65.3,15517273.3478
2024-07-10,66.96,19329831.941039998
2024-07-11,67.36,19843405.98416
2024-07-12,69.25,27833504.305
2024-07-13,69.82,18067246.48314
2024-07-14,69.92,16007817.9688
2024-07-15,72.29,31514170.98634
2024-07-16,73.21,31874842.160639998
2024-07-17,71.38,24569146.611799996
2024-07-18,71.63,17112168.40047
2024-07-19,73.4,26203374.867200002
2024-07-20,73.03,14600100.125389999
2024-07-21,73.98,19562098.321080003
2024-07-22,71.26,26459262.7096
2024-07-23,72.92,25761466.58196
2024-07-24,71.29,18659146.25135
2024-07-25,68.79,28249409.331510004
2024-07-26,71.31,16757486.67555
2024-07-27,71.32,18191234.15964
2024-07-28,71.07,10611285.51747
2024-07-29,73.69,42523687.80019
2024-07-30,71.69,17389598.55034
2024-07-31,70.14,18038955.40902
2024-08-01,69.59,28420204.01378
2024-08-02,65.06,25753969.836260002
2024-08-03,64.65,24260324.126550004
2024-08-04,62.46,19598773.627079997
2024-08-05,56.08,121910633.52559999
2024-08-06,58.25,28678788.16575
2024-08-07,55.99,34726701.60773
2024-08-08,61.16,22803502.330399998
2024-08-09,60.72,17383524.06384
2024-08-10,61.16,12220438.25244
2024-08-11,59.73,18290095.441859998
2024-08-12,61.5,27330286.595999997
2024-08-13,63.44,18802892.84744
2024-08-14,64.06,21429281.3746
2024-08-15,65.33,37391396.845
2024-08-16,66.49,28273400.012459997
2024-08-17,67.59,14761039.444020001
2024-08-18,66.33,19302983.36109
2024-08-19,66.32,21616253.191279996
2024-08-20,64.41,27304994.37129
2024-08-21,64.27,29167934.44574
2024-08-22,63.77,20489380.266110003
2024-08-23,66.1,28245570.612299997
2024-08-24,66.57,20442508.453289997
2024-08-25,64.82,17711394.50192
2024-08-26,63.01,20529525.96275
2024-08-27,60.38,24271983.87548
2024-08-28,61.82,24331815.64968
2024-08-29,62.47,40359213.961569995
2024-08-30,64.94,28943410.37618
2024-08-31,64.97,21651902.589819998
2024-09-01,63.59,17493635.77139
2024-09-02,65.33,22096486.39339
2024-09-03,64.36,20628846.700039998
2024-09-04,65.42,27838868.53796
2024-09-05,66.08,48645810.22672
2024-09-06,63.05,31743457.1532
2024-09-07,62.07,19595539.71792
2024-09-08,60.95,23997494.5003
2024-09-09,61.42,36598383.73754
2024-09-10,61.51,23198246.09279
2024-09-11,62.19,30457483.4691
2024-09-12,62.84,24103704.634760004
2024-09-13,64.91,26426445.19346
2024-09-14,65.91,27295116.56781
2024-09-15,63.24,18697201.77348
2024-09-16,62.62,18232198.30086
2024-09-17,63.77,19037692.947630003
2024-09-18,64.84,19645809.807480004
2024-09-19,65.4,22573361.3874
2024-09-20,65.33,23450798.91762
2024-09-21,66.84,14892865.10124
2024-09-22,68.68,21037635.49272
2024-09-23,66.96,20887449.702479996
2024-09-24,66.7,20747085.958800003
2024-09-25,66.55,16728681.8853
2024-09-26,68.54,20112979.381200004
2024-09-27,71.13,26825878.07829
2024-09-28,69.95,22678078.96345
2024-09-29,69.27,15096118.32996
2024-09-30,66.82,23436330.332739998
2024-10-01,63.41,30232505.852229998
2024-10-02,62.95,20978240.53145
2024-10-03,63.44,21475094.63736
2024-10-04,64.95,15113874.807450002
2024-10-05,66.29,13893078.948770002
2024-10-06,67.02,13779014.297159998
2024-10-07,64.77,22216474.52556
2024-10-08,65.69,15626838.02056
2024-10-09,64.59,19437717.57114
2024-10-10,64.32,14079672.441599999
2024-10-11,65.58,13982268.8451
2024-10-12,66.19,10365396.75874
2024-10-13,64.8,11005174.4472
2024-10-14,66.83,26228941.652609996
2024-10-15,70.87,74577574.32615
2024-10-16,70.08,46201393.93728
2024-10-17,72.8,41694587.989599995
2024-10-18,73.11,34059736.106520005
2024-10-19,74.9,23233000.6825
2024-10-20,74.3,21916756.550499998
2024-10-21,70.77,28748724.70428
2024-10-22,70.04,49061838.075
2024-10-23,70.04,21046624.764280003
2024-10-24,71.18,18891003.161040004
2024-10-25,68.84,28258611.00176
2024-10-26,68.47,17012412.03859
2024-10-27,71.06,13407746.686180001
2024-10-28,70.8,23697816.9732
2024-10-29,73.98,31947137.468280002
2024-10-30,71.76,20856256.505760003
2024-10-31,69.33,25510058.29059
2024-11-01,70.27,27998939.20325
2024-11-02,69.2,15797821.900799999
2024-11-03,66.86,21950289.705339998
2024-11-04,65.56,24127881.52324
2024-11-05,65.39,25321431.74574
2024-11-06,71.01,59739046.53732
2024-11-07,71.45,32789280.61975
2024-11-08,72.78,30527880.460559998
2024-11-09,73.98,28789286.81616
2024-11-10,76.58,85528956.1567
2024-11-11,80.03,119280248.44567001
2024-11-12,76.69,139423920.20977998
2024-11-13,75.39,98323164.32462999
2024-11-14,82.38,203608689.30606
2024-11-15,83.7,134274389.3154
2024-11-16,95.42,269269980.9267
2024-11-17,87.2,152413145.224
2024-11-18,89.22,149102398.46778
2024-11-19,86.68,86875131.50228001
2024-11-20,83.38,74021706.45539999
2024-11-21,89.51,130298351.99762
2024-11-22,92.2,113567483.3212
2024-11-23,99.5,313570186.7185
2024-11-24,96.92,145045610.68664
2024-11-25,92.26,95867720.7397
2024-11-26,92.82,79058757.78528
2024-11-27,97.23,80287288.44150001
2024-11-28,95.54,50586549.10402
2024-11-29,104.77,85674356.30344999
2024-11-30,102.74,85211537.8466
2024-12-01,119.55,237123212.058
2024-12-02,132.93,596539358.76906
2024-12-03,130.89,321237218.10192
2024-12-04,133.69,235393570.97461998
2024-12-05,135.78,365209785.8013
2024-12-06,135.93,158236934.56092
2024-12-07,133.79,106995117.44174999
2024-12-08,134.91,85517453.27637
2024-12-09,110.44,233112903.60776
2024-12-10,109.8,283600408.57379997
2024-12-11,117.3,148673395.47210002
2024-12-12,119.24,178101536.53864
2024-12-13,124.52,132019232.31595999
2024-12-14,118.21,84699625.05133
2024-12-15,121.11,79650798.70869
2024-12-16,117.99,120138597.54602998
2024-12-17,125.63,227975232.52622
2024-12-18,108.35,232755927.63775
2024-12-19,99.36,229029962.54688
2024-12-20,101.38,193796128.9217
2024-12-21,101.56,104196064.24348
2024-12-22,99.78,80042123.27076
2024-12-23,106.77,101965190.27207999
2024-12-24,108.35,73922104.31539999
2024-12-25,109.82,49993341.46807999
2024-12-26,102.23,59201740.88869001
2024-12-27,100.58,50889417.17148
2024-12-28,100.74,31110633.5844
2024-12-29,98.51,37679740.657060005
2024-12-30,99.4,62853970.078200005
2024-12-31,103.28,55179491.94208
2025-01-01,105.24,57889615.16639999
2025-01-02,105.14,69485638.67770001
2025-01-03,112.71,72225507.09972
2025-01-04,111.21,40227556.91196
2025-01-05,115.72,42994136.43096
2025-01-06,114.01,75585247.77934001
2025-01-07,102.72,85091495.69951999
2025-01-08,101.43,74066175.44802
2025-01-09,102.23,67668869.48661001
2025-01-10,103.96,53873138.213759996
2025-01-11,104.39,32437089.667840004
2025-01-12,102.34,29989701.3192
2025-01-13,98.37,74086806.85677001
2025-01-14,102.45,43881279.2961
2025-01-15,116.96,119843247.74416
2025-01-16,124.41,371597719.02825004
2025-01-17,137.04,357397625.93064
2025-01-18,125.4,229476128.89740002
2025-01-19,115.57,265197864.62987998
2025-01-20,118.58,225264118.07746
2025-01-21,119.11,131548652.65470998
2025-01-22,115.38,74150492.1309
2025-01-23,116.42,76206018.02652
2025-01-24,118.71,117207742.87520999
2025-01-25,123.92,172358645.90992
2025-01-26,117.11,66536308.12374
2025-01-27,115.06,139406094.00608
2025-01-28,109.92,76048568.92656
2025-01-29,115.9,92650153.56040001
2025-01-30,130.15,249106633.5424
2025-01-31,128.09,147182736.61991
2025-02-01,118.04,139669765.39723998
2025-02-02,109.12,171259260.7792
2025-02-03,106.91,386453566.63275
2025-02-04,101.07,131789765.11545
2025-02-05,103.38,108333828.27954
2025-02-06,101.66,113792388.94634001
2025-02-07,103.11,87849712.36986
2025-02-08,104.69,51346703.58878
2025-02-09,107.2,80230670.41759999
2025-02-10,120.21,223965723.11865
2025-02-11,119.27,294692176.4541
2025-02-12,122.04,195005442.02868003
2025-02-13,126.61,175796958.82595
2025-02-14,124.91,196939394.46904
2025-02-15,133.86,179368644.55770004
2025-02-16,125.71,173890931.41225
2025-02-17,122.31,164999655.77616
2025-02-18,129.75,196103322.58424997
2025-02-19,134.88,282336917.43168
2025-02-20,130.82,218871808.46853998
2025-02-21,128.1,341950267.58759993
2025-02-22,125.9,118529388.7098
2025-02-23,129.85,76076043.39825
2025-02-24,114.77,165616035.94638
2025-02-25,114.55,234411410.87100002
2025-02-26,124.68,314343710.10684
2025-02-27,126.86,284878020.5357
2025-02-28,128.04,327104133.57996
2025-03-01,124.31,107929660.23640999
2025-03-02,127.89,254685686.83425
2025-03-03,109.89,251676553.15836
2025-03-04,103.66,261377851.18327996
2025-03-05,104.73,100889040.96963
2025-03-06,103.39,120794380.93681
2025-03-07,103.71,120988867.9734
2025-03-08,102.34,59263137.56622001
2025-03-09,94.62,85625207.44488001
2025-03-10,87.48,108267334.74792
2025-03-11,90.46,114411559.07394
2025-03-12,91.51,63099307.76862001
2025-03-13,88.08,55223775.6744
2025-03-14,91.31,46487799.06408001
2025-03-15,92.47,45519947.0593
2025-03-16,90.22,44418831.07584
2025-03-17,92.3,78418514.3638
2025-03-18,90.03,61401917.22558
2025-03-19,94.09,69986035.18489
2025-03-20,93.29,56820202.80430001
2025-03-21,90.84,40410933.69492
2025-03-22,91.37,25313617.913860004
2025-03-23,91.48,25119976.488840003
2025-03-24,93.77,64543166.92839
2025-03-25,94.36,47953718.78528
2025-03-26,92.42,53108617.333680004
2025-03-27,92.79,39656656.173690006
2025-03-28,87.35,55245723.062599994
2025-03-29,85.46,40233536.9251
2025-03-30,86.1,21524550.7302
2025-03-31,82.97,50766197.77323999
2025-04-01,84.48,36045189.05856
2025-04-02,81.54,64041523.17552
2025-04-03,83.45,45717986.86630001
2025-04-04,84.41,37227514.91845
2025-04-05,82.67,14220040.98963
2025-04-06,70.62,64013350.274280004
2025-04-07,70.99,131517386.17915998
2025-04-08,69.15,51739314.945300005
2025-04-09,76.03,85663470.94143
2025-04-10,73.81,42476295.567420006
2025-04-11,76.19,34555755.834699996
2025-04-12,78.62,35808320.70572
2025-04-13,77.85,28411980.68925
2025-04-14,77.18,35747962.57872
2025-04-15,75.27,23487491.889809996
2025-04-16,74.33,30434009.23902
2025-04-17,74.95,23731187.429150004
2025-04-18,76.0,17631455.004
2025-04-19,76.1,16743779.522399997
2025-04-20,77.79,16587851.93067
2025-04-21,78.15,36375030.739350006
2025-04-22,83.49,43986415.20339
2025-04-23,83.28,54328113.656880006
2025-04-24,84.29,35309078.72417
2025-04-25,86.28,36927433.707480006
2025-04-26,87.06,24178044.10944
2025-04-27,85.39,22074226.9652
2025-04-28,85.67,34860886.859629996
2025-04-29,85.57,36579959.050299995
2025-04-30,83.51,35872992.77485
2025-05-01,88.85,42282485.93795
2025-05-02,87.97,28544676.78962
2025-05-03,86.55,15898652.778149998
2025-05-04,85.05,24391177.28145
2025-05-05,83.25,51878733.75225
2025-05-06,91.6,74077385.6028
2025-05-07,89.53,82174386.82901001
2025-05-08,94.99,86576248.68627
2025-05-09,100.52,101435931.90724
2025-05-10,105.27,91166234.47272
2025-05-11,100.12,66636217.21952001
2025-05-12,103.84,102792161.35936001
2025-05-13,103.41,85371166.8387
2025-05-14,100.95,77456913.981
2025-05-15,99.26,61207995.39638001
2025-05-16,99.48,43785939.653160006
2025-05-17,96.06,40990470.946440004
2025-05-18,100.94,53109537.19204
2025-05-19,98.25,55118320.9365
2025-05-20,94.46,81556023.9059
2025-05-21,97.09,74196668.11032
2025-05-22,100.26,86947935.8895
2025-05-23,95.26,75758817.1879
2025-05-24,95.63,31501860.05496
2025-05-25,95.6,32413873.195599996
2025-05-26,95.02,29879654.34952
2025-05-27,95.9,46173567.675900005
2025-05-28,95.37,35880699.083790004
2025-05-29,93.21,52597453.65614999
2025-05-30,85.64,75457608.93652001
2025-05-31,87.03,37805456.0304
2025-06-01,88.39,21139892.462899998
2025-06-02,89.52,28051535.840159997
2025-06-03,89.5,29322959.822
2025-06-04,87.99,25996131.11046
2025-06-05,83.58,38921103.29436
2025-06-06,87.25,37858466.5435
2025-06-07,88.31,18341942.756690003
2025-06-08,87.18,25507476.6072
2025-06-09,90.73,42324182.96124
2025-06-10,93.33,37784951.30259
2025-06-11,91.56,43049775.106800005
2025-06-12,86.13,30196051.936379995
2025-06-13,86.55,48493759.44375
2025-06-14,85.18,18735804.123660002
2025-06-15,86.3,14316180.656799998
2025-06-16,86.67,27801753.94377
2025-06-17,84.22,31799187.700939998
2025-06-18,85.08,21706499.36664
2025-06-19,85.11,24605530.797000002
2025-06-20,82.91,29189204.06228
2025-06-21,80.23,24997220.1827
2025-06-22,80.21,38944244.193399996
2025-06-23,84.91,31541011.97604
2025-06-24,84.84,22403048.84076
2025-06-25,84.67,25857600.67103
2025-06-26,84.27,23491643.6853
2025-06-27,84.83,20431737.70885
2025-06-28,86.31,18264310.34841
2025-06-29,87.96,16204928.06196
2025-06-30,86.0,24074300.092
2025-07-01,83.22,24766461.658379998
2025-07-02,87.32,37999963.879599996
2025-07-03,89.08,61029508.8292
2025-07-04,86.84,33088560.00996
2025-07-05,87.55,14417821.112249998
2025-07-06,87.35,17834488.57695
2025-07-07,86.05,25265490.80955
2025-07-08,87.75,20459014.20225
2025-07-09,90.61,45674321.92011
2025-07-10,94.85,45638987.2099
2025-07-11,94.26,71428285.39566
2025-07-12,92.77,34168628.10007
2025-07-13,94.62,29864056.370640002
2025-07-14,95.64,48184949.90244
2025-07-15,96.35,53574439.83655
2025-07-16,97.47,59975182.50281999
2025-07-17,101.6,93058690.184
2025-07-18,101.73,186861699.42564002
2025-07-19,113.16,150368360.48832
2025-07-20,116.59,198198903.26058
2025-07-21,115.43,121231390.5985
2025-07-22,119.65,127625138.41710001
2025-07-23,112.05,125319955.3317
2025-07-24,112.26,82733817.32892
2025-07-25,113.78,88313152.13212
2025-07-26,113.91,34074791.46831
2025-07-27,114.78,39484473.346080005
2025-07-28,109.02,58868014.32095999
2025-07-29,108.52,49865566.1604
2025-07-30,110.5,59889612.4515
2025-07-31,106.09,52001151.951790005
2025-08-01,106.59,97979233.22682
2025-08-02,106.09,79613169.30493
2025-08-03,110.39,47022844.196159996
2025-08-04,121.22,128815407.36636
2025-08-05,120.27,187558149.29439
2025-08-06,119.22,83372685.16445999
2025-08-07,122.89,110803524.07179001
2025-08-08,123.78,99057109.66464001
2025-08-09,120.18,75700939.25688
2025-08-10,123.75,88657735.0725
2025-08-11,120.05,129474378.789
2025-08-12,130.46,152290842.29194
2025-08-13,130.91,114652208.29218
2025-08-14,121.29,138420728.27427
2025-08-15,119.14,81915260.4053
2025-08-16,121.05,40047236.1153
2025-08-17,120.71,55910752.935949996
2025-08-18,117.77,61887533.90191999
2025-08-19,112.67,56200812.62141
2025-08-20,116.06,53351466.34384
2025-08-21,114.76,29431328.02512
2025-08-22,122.96,79688475.53024
2025-08-23,121.45,40204991.875300005
2025-08-24,118.19,56088040.394829996
2025-08-25,109.13,96919845.78927
2025-08-26,113.48,51729369.922520004
2025-08-27,112.18,46181351.94712
2025-08-28,113.64,31704947.59404
2025-08-29,109.91,52744843.9902
2025-08-30,110.84,25182190.49712
2025-08-31,108.89,23399569.73535
2025-09-01,108.73,41536843.45266
2025-09-02,111.76,47416550.988400005
2025-09-03,112.98,30816947.558459997
2025-09-04,111.05,24784982.42475
2025-09-05,112.05,41644870.18785
2025-09-06,112.13,14912110.84092
2025-09-07,114.9,25931659.895400003
2025-09-08,112.75,56489023.28575
2025-09-09,111.92,54001218.13
2025-09-10,117.66,63724466.44973999
2025-09-11,115.83,62584058.30391
2025-09-12,118.03,56486641.482370004
2025-09-13,119.22,72429532.15217999
2025-09-14,115.1,74649754.0377
2025-09-15,113.72,48815830.550119996
2025-09-16,115.03,49642336.33227
2025-09-17,117.0,58042157.588999994
2025-09-18,118.19,63732262.182639994
2025-09-19,114.04,44062983.208960004
2025-09-20,113.92,20291383.92064
2025-09-21,114.0,23880686.256
2025-09-22,105.65,81104941.29710001
2025-09-23,106.07,34982940.12366
2025-09-24,105.52,45459862.388960004
2025-09-25,102.28,49690739.75564
2025-09-26,104.55,25689003.18735
2025-09-27,104.46,15737020.278059999
2025-09-28,106.88,19251106.32192
2025-09-29,106.76,28615639.08784
2025-09-30,106.88,29346671.6576
2025-10-01,115.1,64631714.42239999
2025-10-02,119.54,136360647.80886
2025-10-03,120.56,106036595.89248
2025-10-04,120.51,35032033.21293
2025-10-05,118.85,60258819.86705
2025-10-06,118.32,54967980.49512
2025-10-07,116.91,49414850.30862
2025-10-08,118.6,41422056.5582
2025-10-09,125.9,115392027.185
2025-10-10,96.88,425286067.35328
2025-10-11,93.34,223348158.18042
2025-10-12,98.98,125148599.25008
2025-10-13,99.45,131856468.705
2025-10-14,97.33,125126937.40682
2025-10-15,95.5,64423388.2615
2025-10-16,91.79,77667525.63350001
2025-10-17,90.12,99046914.19332
2025-10-18,91.69,29531545.824459996
2025-10-19,93.33,33291994.70439
2025-10-20,94.01,35862627.95136
2025-10-21,92.46,55204783.8459
2025-10-22,91.88,56334215.3408
2025-10-23,94.04,31794226.787440002
2025-10-24,96.45,42149010.723
2025-10-25,96.97,17338035.36907
2025-10-26,100.02,33738258.002340004
2025-10-27,99.39,65774182.80642
2025-10-28,96.65,109800928.32090001
2025-10-29,98.53,62738799.55482
2025-10-30,93.39,64372876.2171
2025-10-31,95.38,35007237.75174
2025-11-01,101.38,59488304.8658
2025-11-02,99.42,46341936.03366
2025-11-03,87.43,90287589.48559001
2025-11-04,85.21,96435812.33858
2025-11-05,89.39,53450454.887269996
2025-11-06,87.0,43151948.844000004
2025-11-07,101.87,167061377.86738
2025-11-08,106.95,116536438.6515
2025-11-09,110.31,216912976.41252002
2025-11-10,104.25,111736388.38575
2025-11-11,99.68,92870581.29216002
2025-11-12,97.59,114507730.25958
2025-11-13,96.55,94824675.2513
2025-11-14,97.7,104748486.38599999
2025-11-15,101.71,110810205.96877
2025-11-16,95.79,69260776.82847
2025-11-17,91.24,66535088.62928
2025-11-18,95.66,69629853.89588
2025-11-19,92.9,56044147.4467
2025-11-20,87.24,53744455.17048
2025-11-21,82.64,91654314.50896001
2025-11-22,82.12,32101419.1592
2025-11-23,83.09,33495701.866410002
2025-11-24,85.46,43331809.06361999
2025-11-25,85.3,42775155.9985
2025-11-26,86.87,34556072.72306
2025-11-27,86.59,23487207.418920003
2025-11-28,84.22,30841838.07438
2025-11-29,83.95,15824172.711600002
2025-11-30,82.38,14298118.457159998
2025-12-01,77.55,59632476.8457
2025-12-02,82.79,34487872.19174
2025-12-03,85.83,43072736.05659
2025-12-04,83.54,38221107.01852
2025-12-05,80.38,32529297.45036
2025-12-06,81.68,22152833.68544
2025-12-07,81.43,22712968.771860003
2025-12-08,83.87,29910683.0663
2025-12-09,85.82,37631475.696499996
2025-12-10,84.3,28978871.813699998
2025-12-11,82.93,37085515.87749
2025-12-12,81.95,24623211.646
2025-12-13,81.47,12266483.867689999
2025-12-14,78.96,19431220.36632
2025-12-15,77.51,29223184.57451
2025-12-16,79.08,31542649.56408
2025-12-17,76.01,28599696.58689
2025-12-18,74.29,35312372.90047
2025-12-19,77.49,28056685.507829998
2025-12-20,77.84,12290190.37064
2025-12-21,76.79,15999129.308750002
2025-12-22,77.05,23718433.8719
2025-12-23,77.01,20062957.860600002
2025-12-24,75.79,20170573.024030004
2025-12-25,75.71,15482169.345469998
2025-12-26,76.87,19564140.88341
2025-12-27,80.33,16970366.86818
2025-12-28,78.73,17305511.08058
2025-12-29,78.32,24278038.82768
2025-12-30,78.89,18825338.621880002
2025-12-31,76.85,17915272.461099997
2026-01-01,79.97,15546387.27774
2026-01-02,81.93,23370967.384440005
2026-01-03,82.08,20475485.307359997
2026-01-04,82.26,20898940.39272
2026-01-05,83.46,35713656.370079994
2026-01-06,83.96,29900040.31428
2026-01-07,81.71,22596573.90513
2026-01-08,81.31,20513745.51491
2026-01-09,81.49,20500615.48138
2026-01-10,81.19,12125458.49181
2026-01-11,78.79,25485451.69194
2026-01-12,76.12,58315885.425160006
2026-01-13,78.18,85388977.48728001
2026-01-14,76.67,132525680.30558999
2026-01-15,72.21,108550001.23493999
2026-01-16,75.22,63693817.04968
2026-01-17,74.92,24510016.64052
2026-01-18,72.29,27266670.974920005
2026-01-19,70.8,70338448.64039999
2026-01-20,67.12,46975901.569280006
2026-01-21,68.48,46427410.38976
2026-01-22,68.19,27342415.150679998
2026-01-23,68.07,26653170.700469997
2026-01-24,68.19,12301115.411279999
2026-01-25,67.3,42248284.745799996
2026-01-26,69.72,29828175.06228
2026-01-27,70.03,22809933.42797
2026-01-28,69.42,20896612.6356
2026-01-29,66.24,31440227.523839995
2026-01-30,65.47,44914206.15254
2026-01-31,59.53,78720287.48712
2026-02-01,58.49,35941137.69238
2026-02-02,60.02,38993103.6701
2026-02-03,59.48,36132934.72732
2026-02-04,58.89,35964813.603029996
2026-02-05,50.79,80804098.32765
2026-02-06,55.02,92357252.15724
2026-02-07,55.19,44542331.05424
2026-02-08,54.53,20403590.27161
2026-02-09,54.45,21440673.752850004
2026-02-10,53.38,15479615.96942
2026-02-11,52.32,22442870.1408
2026-02-12,53.15,18085074.651499998
2026-02-13,55.03,20722751.271789998
2026-02-14,55.99,18029472.54031
2026-02-15,55.08,20666320.37208
2026-02-16,55.13,21686132.84228
2026-02-17,53.96,19292799.313800003
2026-02-18,53.32,13879345.34932
2026-02-19,52.7,14052974.3585
2026-02-20,55.19,25572940.44631
2026-02-21,54.9,13313875.3659
2026-02-22,53.48,12365077.80284
2026-02-23,51.35,17970969.9754
2026-02-24,51.15,19239749.590049997
2026-02-25,56.76,38800329.38364
2026-02-26,55.62,18890759.16846
2026-02-27,54.56,16666457.767520001
2026-02-28,54.4,20856842.387199998
2026-03-01,53.24,15932411.21516
2026-03-02,54.61,25242281.674340002
2026-03-03,54.76,24093084.1172
2026-03-04,56.77,30016431.394740004
2026-03-05,55.46,21644220.24304
2026-03-06,53.81,16129799.65366
2026-03-07,53.58,14053392.70098
2026-03-08,52.59,20960246.78709
2026-03-09,53.77,17595179.6834
2026-03-10,53.87,18765392.0169
2026-03-11,54.8,14940913.2296
2026-03-12,54.56,14798209.7736
2026-03-13,55.3,18684136.4556
2026-03-14,54.98,12398838.39638
2026-03-15,56.27,13899544.741300002
2026-03-16,58.7,34468452.629599996
2026-03-17,58.09,23398807.274570003
2026-03-18,56.08,19921052.37704
2026-03-19,55.54,14776617.777099999
2026-03-20,56.17,12418321.13945
2026-03-21,54.81,10671491.05029
2026-03-22,53.51,16235500.72441
2026-03-23,55.72,20133925.701959997
2026-03-24,56.38,14159274.94778
2026-03-25,56.65,17501134.4398
2026-03-26,54.59,20881395.47882
2026-03-27,53.72,14128347.96672
2026-03-28,53.85,14533999.16865
2026-03-29,53.32,9686188.72728
2026-03-30,53.34,22098186.51474
2026-03-31,53.95,17952688.52845
2026-04-01,53.82,21460862.40246
2026-04-02,52.29,18118688.931
2026-04-03,53.24,10410656.82536
2026-04-04,53.59,8024437.93041
2026-04-05,54.11,8341843.962830001
2026-04-06,53.53,13449114.3379
2026-04-07,55.36,17329362.99936
2026-04-08,53.95,14141280.2349
2026-04-09,54.55,13544893.57435
2026-04-10,54.96,12508149.093600001
2026-04-11,55.06,10007014.321700001
2026-04-12,53.48,11162167.56508
2026-04-13,54.62,18064676.11412
2026-04-14,54.28,17543425.132120002
2026-04-15,55.15,14430993.729600001
2026-04-16,56.36,18580145.06544
2026-04-17,56.39,19215195.20152
2026-04-18,55.65,12837606.560099998
2026-04-19,54.06,12343861.13484
2026-04-20,55.03,14596542.41
2026-04-21,55.57,14099150.15952
2026-04-22,55.49,14845020.847439999
2026-04-23,56.21,13109968.078130001
2026-04-24,56.54,13221692.304920001
2026-04-25,56.05,7939024.17915
2026-04-26,56.28,8521480.81092
2026-04-27,55.57,14188511.99867
2026-04-28,55.71,10141839.205650002
2026-04-29,55.32,22568887.01256
2026-04-30,55.19,10804947.75206
2026-05-01,55.4,13842096.912999999
2026-05-02,55.39,9199916.36167
2026-05-03,55.29,8592924.432540001
2026-05-04,54.96,23509285.47912
2026-05-05,56.34,19631930.24844
2026-05-06,56.73,21701428.336469997
2026-05-07,56.42,17329274.81376
2026-05-08,58.32,19622714.20776
2026-05-09,58.0,14040332.02
2026-05-10,60.43,20765880.39341
2026-05-11,58.52,19289193.8624
2026-05-12,58.12,17680211.75448
2026-05-13,57.01,19998011.81172
2026-05-14,58.21,20508810.600250002
2026-05-15,57.5,18133361.4025
2026-05-16,56.14,12245272.74376
2026-05-17,54.57,14956543.58091
2026-05-18,54.37,20976987.674829997
2026-05-19,54.5,13062628.2885
2026-05-20,53.96,15927720.37864
2026-05-21,54.18,16646601.60828
2026-05-22,52.65,18269063.46135
2026-05-23,53.49,15011010.333630001
2026-05-24,52.76,10437635.049800001
2026-05-25,52.73,12677369.95939
2026-05-26,51.92,12067377.34224
2026-05-27,51.97,12912559.746
2026-05-28,51.67,17328548.73043
2026-05-29,51.89,12438669.53463
2026-05-30,52.45,10597502.72635
2026-05-31,52.07,8909223.96714
2026-06-01,50.79,16358135.311020002
2026-06-02,46.91,24331937.650949996
2026-06-03,47.14,21877280.89954
2026-06-04,45.64,24670269.05896
2026-06-05,43.32,27526958.94624
2026-06-06,41.39,18420998.34267
2026-06-07,42.83,21291504.192149997
2026-06-08,43.03,16386226.3305
2026-06-09,43.03,14421852.01028
2026-06-10,41.74,14061629.61234
2026-06-11,42.47,11289822.566629998
2026-06-12,43.07,12964596.10005
2026-06-13,44.33,9846071.40088
2026-06-14,45.41,11306030.67552
2026-06-15,45.76,20338789.327999998
2026-06-16,45.69,12557081.29902
2026-06-17,44.92,10363099.16176
2026-06-18,43.86,11490563.15184
2026-06-19,44.07,8718929.46366
2026-06-20,44.53,7017007.43131
2026-06-21,44.47,9037291.41188
2026-06-22,44.56,8785057.87304
2026-06-23,42.17,13744812.249370001
2026-06-24,41.19,15612659.08284
2026-06-25,40.92,14932536.26172
2026-06-26,41.91,19062899.49795
2026-06-27,42.17,13882023.73027
2026-06-28,42.53,9657516.46429
2026-06-29,43.2,13260682.0656
2026-06-30,41.93,12255097.710380001
2026-07-01,42.71,14727752.46809
2026-07-02,43.54,15690125.080559999
2026-07-03,44.82,13866489.810899999
2026-07-04,44.86,12458555.895480001
2026-07-05,45.82,13614312.724340001
2026-07-06,44.84,15238652.08684
2026-07-07,43.91,10714825.46208
2026-07-08,43.66,17264975.278759997
2026-07-09,43.8,9460256.3106
2026-07-10,44.78,9574869.406820001
2026-07-11,44.65,7638848.76135
2026-07-12,44.01,6572609.063370001
2026-07-13,43.57,10400358.37632
2026-07-14,45.41,12726136.061579999
2026-07-15,45.18,19976202.31842
2026-07-16,44.94,18883795.190399997
2026-07-17,45.17,16983429.002100002
2026-07-18,47.01,21067267.72689
2026-07-19,47.07,12284477.10585
2026-07-20,47.37,19359891.197669998
2026-07-21,46.87,11130614.4828
2026-07-22,47.14,9475977.06498
2026-07-23,46.96,15352573.11384
2026-07-24,46.36,12178710.897519998
2026-07-25,46.56,8635107.367680002
2026-07-26,47.84,13365368.650400002
2026-07-27,46.05,11608417.683149999
2026-07-28,46.21,9288404.91378
2026-07-29,45.45,14741367.67035
2026-07-30,45.58,9961799.982719999
2026-07-31,44.31,8379126.63504
2026-08-01,44.25,7478296.9935
2026-08-02,44.69,5409169.49489
2026-08-03,44.3,7728925.577799999
2026-08-04,44.85,9228364.4349
2026-08-05,45.33,8552193.65199
2026-08-06,45.45,8039308.125150001
2026-08-07,45.54,9235003.72806
2026-08-08,46.02,4804311.7434
2026-08-09,45.46,5887988.33746
2026-08-10,45.14,8552143.32856
2026-08-11,45.5,7315426.2545
2026-08-12,44.89,9967753.214680001
2026-08-13,44.82,6766053.6438
2026-08-14,43.86,9699517.24464
2026-08-15,44.12,5911909.917399999
2026-08-16,44.16,5018309.5008
2026-08-17,44.57,8371428.66495
2026-08-18,44.38,8136881.145260001
2026-08-19,46.8,16909576.7724
2026-08-20,47.82,18083326.47972
2026-08-21,53.17,42428489.7283
2026-08-22,52.45,49807733.168500006
2026-08-23,52.28,19967805.05884
2026-08-24,51.66,33742453.89312
2026-08-25,49.95,20463943.6719
2026-08-26,50.51,22671886.98074
2026-08-27,49.92,18007972.5696
2026-08-28,49.33,17512170.12664
2026-08-29,49.02,10819233.95514
2026-08-30,47.94,9977942.953259999
2026-08-31,48.55,12026644.18285
2026-09-01,49.57,16387282.30513
2026-09-02,49.69,17622162.91791
2026-09-03,51.49,18185002.94219
2026-09-04,50.76,13849211.55132
2026-09-05,54.69,37410408.19785
2026-09-06,54.97,19879055.83098
2026-09-07,55.21,37773281.874400005
2026-09-08,54.3,22545434.8254
2026-09-09,53.2,19618400.4632
2026-09-10,52.12,17003069.917239998
2026-09-11,53.29,18746479.353189997
2026-09-12,53.67,6572888.04456
2026-09-13,53.76,13055887.595519999
2026-09-14,53.15,13117295.682149999
2026-09-15,51.27,17332559.2245
2026-09-16,51.69,18908686.38699
2026-09-17,53.95,14123661.837350002
2026-09-18,58.15,33190681.387
2026-09-19,58.28,28034275.7064
2026-09-20,58.74,22406308.679700002
2026-09-21,62.02,48328688.25806
2026-09-22,62.98,43743340.43136
2026-09-23,61.84,52253176.3908
2026-09-24,71.95,155286658.56715
2026-09-25,72.59,62031737.171320006
2026-09-26,72.58,43990033.17562
2026-09-27,71.28,23742843.521759998
