time,PriceUSD,volume_reported_spot_usd_1d
2017-11-20,35.582,1079640.78606
2017-11-21,35.0,1003714.915
2017-11-22,35.005,242918.28265500002
2017-11-23,34.69,350735.84675
2017-11-24,34.5,278725.293
2017-11-25,37.831,915530.0234440002
2017-11-26,37.81,396674.99432000006
2017-11-27,39.102,517403.92032
2017-11-28,37.611,571292.096445
2017-11-29,32.482,3932007.32857
2017-11-30,32.438,5347236.75773
2017-12-01,35.343,7163566.817715001
2017-12-02,35.046,4680975.028553999
2017-12-03,36.589,6094834.006387
2017-12-04,41.808,7963650.635616001
2017-12-05,38.661,6051236.769501
2017-12-06,34.634,5894774.197764
2017-12-07,33.215,5740229.4199250005
2017-12-08,35.594,7068812.49828
2017-12-09,35.097,5721960.426750001
2017-12-10,32.598,6067235.239542
2017-12-11,35.777,6383299.8187069995
2017-12-12,38.836,8792095.6326
2017-12-13,43.906,12944782.446383998
2017-12-14,50.273,8673739.192115001
2017-12-15,47.833,4711655.828266
2017-12-16,49.116,3854227.31388
2017-12-17,67.187,14793463.573913999
2017-12-18,77.038,11803432.252169998
2017-12-19,69.75,13219606.66725
2017-12-20,76.879,15593952.696069002
2017-12-21,70.75,10367207.69825
2017-12-22,55.365,20159279.294925
2017-12-23,56.497,9006217.843349999
2017-12-24,58.34,8334743.108220001
2017-12-25,65.476,5940999.693232001
2017-12-26,65.231,5798660.365133
2017-12-27,66.3,6476187.3813000005
2017-12-28,64.48,8072261.1944
2017-12-29,73.133,7646600.356515
2017-12-30,70.783,10570173.892734
2017-12-31,74.853,9308933.833256999
2018-01-01,78.299,6374466.129954001
2018-01-02,89.696,17996864.392352
2018-01-03,103.505,16330771.31604
2018-01-04,97.669,10971803.483068999
2018-01-05,95.134,13010031.333468
2018-01-06,100.491,6787274.589429
2018-01-07,103.096,5302769.04948
2018-01-08,101.361,9785578.153766999
2018-01-09,126.7,20771606.860900003
2018-01-10,122.239,26588682.477773003
2018-01-11,107.701,18570553.86494
2018-01-12,123.111,10453517.024076002
2018-01-13,139.777,16034417.915559998
2018-01-14,170.0,41133592.87
2018-01-15,189.382,76517320.362204
2018-01-16,137.502,163820870.75187
2018-01-17,142.0,224109021.958
2018-01-18,139.501,108811947.06536601
2018-01-19,139.523,58641398.584496
2018-01-20,149.999,47867344.282244
2018-01-21,132.589,40006864.559824996
2018-01-22,123.314,38899377.623712
2018-01-23,122.77,35366836.26333
2018-01-24,138.0,50421938.37
2018-01-25,138.024,30111563.040984
2018-01-26,137.621,34684959.865765005
2018-01-27,141.959,15676300.834871002
2018-01-28,154.101,25502661.140958
2018-01-29,168.289,47715202.984636
2018-01-30,146.185,64403657.42239001
2018-01-31,146.488,35700522.656056
2018-02-01,126.5,50253768.488000005
2018-02-02,121.155,92561621.58855
2018-02-03,124.601,43175807.999732
2018-02-04,107.025,38098097.657400005
2018-02-05,82.136,79650961.35688
2018-02-06,103.534,170815064.239944
2018-02-07,102.337,118028648.43133001
2018-02-08,109.2,3980519.3064
2018-02-09,114.52,35546941.80744
2018-02-10,107.3,51949000.032299995
2018-02-11,101.707,56786706.199233994
2018-02-12,111.89,54991980.2817
2018-02-13,108.5,27019322.4105
2018-02-14,122.001,44330053.754118
2018-02-15,121.003,43685934.888499
2018-02-16,127.415,34077007.327175006
2018-02-17,134.999,40228884.581055
2018-02-18,125.121,37445986.661231995
2018-02-19,136.391,32091181.838529
2018-02-20,124.66,37520101.35349999
2018-02-21,117.697,49065213.227556
2018-02-22,111.478,46333600.805566
2018-02-23,118.336,43569019.481599994
2018-02-24,115.25,32611074.88375
2018-02-25,116.789,18831225.952215
2018-02-26,134.402,62891949.170973994
2018-02-27,139.856,71234698.803088
2018-02-28,131.7,48264454.32659999
2018-03-01,128.555,46149677.271775
2018-03-02,123.58,21178413.99676
2018-03-03,121.379,20458958.327271
2018-03-04,119.3,27151997.8426
2018-03-05,111.183,24826721.614026003
2018-03-06,104.357,42235573.962713994
2018-03-07,100.1,78040583.1205
2018-03-08,90.402,39962168.843219995
2018-03-09,91.64,64481804.29004
2018-03-10,84.73,31641227.87404
2018-03-11,90.445,30180693.529289994
2018-03-12,85.25,24732858.556999996
2018-03-13,83.0,26000734.961000003
2018-03-14,71.2,31835766.217600003
2018-03-15,69.06,44734272.24402
2018-03-16,67.288,26915246.159567997
2018-03-17,60.2,20871864.342000004
2018-03-18,65.2,90685177.792
2018-03-19,72.53,82790884.88471
2018-03-20,75.713,70572614.48961899
2018-03-21,72.58,53861636.65306
2018-03-22,69.289,46115351.529159
2018-03-23,68.847,39737602.889886
2018-03-24,65.225,25420431.653674997
2018-03-25,65.521,18812316.922732
2018-03-26,58.879,37789840.128676
2018-03-27,55.365,38137331.06163
2018-03-28,57.165,18312893.38317
2018-03-29,51.606,33958791.700812
2018-03-30,50.296,39585218.287464
2018-03-31,49.918,19346715.516149998
2018-04-01,47.25,19773892.29375
2018-04-02,48.816,15671348.783856
2018-04-03,53.273,22816007.040717002
2018-04-04,47.537,20246060.685774
2018-04-05,46.954,14001253.499578001
2018-04-06,44.748,8486420.387939999
2018-04-07,46.592,10233775.878144
2018-04-08,49.37,8012237.305149999
2018-04-09,53.02,54363308.83478
2018-04-10,52.734,19208733.594996
2018-04-11,58.293,33729162.923556
2018-04-12,67.15,71977364.3462
2018-04-13,62.269,46749491.393224
2018-04-14,64.179,25252962.821802
2018-04-15,70.617,29975228.471232004
2018-04-16,66.801,34248992.340591006
2018-04-17,65.66,21673430.0167
2018-04-18,72.91,24869959.27974
2018-04-19,73.949,26369194.752524998
2018-04-20,79.14,38510807.09682
2018-04-21,74.748,42513018.584496
2018-04-22,73.615,21731837.33086
2018-04-23,76.2,18478429.362600002
2018-04-24,82.412,41602569.84048
2018-04-25,71.549,60476945.57950701
2018-04-26,76.879,27485293.589688003
2018-04-27,72.318,22199293.02132
2018-04-28,76.613,20478908.565642998
2018-04-29,90.6,69819162.5298
2018-04-30,84.0,48765614.352000006
2018-05-01,84.104,35317886.91648
2018-05-02,84.801,16871696.842743
2018-05-03,87.707,33418308.657565996
2018-05-04,84.205,21053961.56941
2018-05-05,84.5,13561853.6105
2018-05-06,83.766,26367573.32496
2018-05-07,79.129,24464003.614739005
2018-05-08,76.853,14737657.520984998
2018-05-09,76.158,12651880.721868
2018-05-10,69.638,12830872.739674
2018-05-11,63.429,28057586.63415
2018-05-12,64.559,23687461.155765
2018-05-13,67.34,16187237.14608
2018-05-14,66.043,19355290.628677
2018-05-15,62.85,11548577.135400001
2018-05-16,61.723,12300877.093321001
2018-05-17,57.5,12185052.5275
2018-05-18,59.69,12927803.03817
2018-05-19,59.09,7705369.03131
2018-05-20,63.703,11357564.488257
2018-05-21,62.133,16226136.587844001
2018-05-22,56.854,10760908.891866
2018-05-23,51.65,16202127.90895
2018-05-24,55.15,12793736.2668
2018-05-25,52.726,10255644.203992
2018-05-26,52.14,6250840.1373000005
2018-05-27,52.93,4578198.82257
2018-05-28,47.65,7701478.280549999
2018-05-29,52.094,12098638.700106
2018-05-30,51.462,8822289.729042
2018-05-31,53.012,8830921.268268
2018-06-01,55.5,9854820.315
2018-06-02,56.792,10322001.542576
2018-06-03,56.389,9104932.494885
2018-06-04,53.399,10133662.688682001
2018-06-05,54.511,8404279.595817002
2018-06-06,53.709,5702693.8462890005
2018-06-07,53.517,3970735.8793619997
2018-06-08,52.195,3845441.4148150003
2018-06-09,50.799,4517672.517288
2018-06-10,45.324,11677376.160575999
2018-06-11,45.593,7773088.791485
2018-06-12,41.17,8787063.24699
2018-06-13,37.885,12923574.459584998
2018-06-14,40.656,16033010.716799999
2018-06-15,37.82,6823525.77508
2018-06-16,37.96,5674320.66292
2018-06-17,38.56,5021607.37392
2018-06-18,39.51,7223382.40356
2018-06-19,39.85,6048371.90995
2018-06-20,38.866,5661940.231206
2018-06-21,37.623,5320796.092575
2018-06-22,32.91,10592451.664169999
2018-06-23,33.847,5965749.016919999
2018-06-24,31.08,12923100.14604
2018-06-25,31.56,7247274.47736
2018-06-26,30.001,4060922.0695570004
2018-06-27,30.32,4072843.7583999997
2018-06-28,28.181,6199039.132671
2018-06-29,29.534,8707321.708634
2018-06-30,30.813,11010681.584480999
2018-07-01,31.273,9729218.876190001
2018-07-02,36.159,23230814.735535
2018-07-03,35.92,29340420.48792
2018-07-04,40.56,29400443.523360003
2018-07-05,40.217,30628453.167703
2018-07-06,37.518,22656280.134462003
2018-07-07,38.72,11433344.86624
2018-07-08,39.045,26615815.45788
2018-07-09,36.435,22052931.928650003
2018-07-10,33.239,29211583.801223997
2018-07-11,33.814,21837806.341229998
2018-07-12,32.123,20070562.541393
2018-07-13,33.123,21051402.178322997
2018-07-14,32.415,12458100.937155
2018-07-15,33.564,16944935.363952
2018-07-16,36.85,24766861.5634
2018-07-17,39.221,36708041.932471
2018-07-18,37.639,32895197.729947004
2018-07-19,35.984,19975773.846704002
2018-07-20,33.138,19302846.924438
2018-07-21,34.148,14527679.903212002
2018-07-22,33.129,12376295.245584
2018-07-23,32.11,13857293.72872
2018-07-24,33.734,22106699.64733
2018-07-25,34.144,17525468.239488
2018-07-26,33.038,16577454.926312
2018-07-27,33.447,13839184.141389001
2018-07-28,33.916,12729571.946031999
2018-07-29,33.395,10905931.149335
2018-07-30,31.913,11782437.760828
2018-07-31,29.729,12508644.540475998
2018-08-01,29.664,12468205.797984
2018-08-02,28.17,11660841.32643
2018-08-03,27.899,11861157.097982999
2018-08-04,26.729,11325136.584921999
2018-08-05,27.576,10581259.677912
2018-08-06,26.064,11193318.24768
2018-08-07,25.098,12383650.536006
2018-08-08,21.74,14329243.19028
2018-08-09,22.296,11819223.019752001
2018-08-10,19.759,11051122.827386
2018-08-11,18.342,12878066.568438
2018-08-12,18.497,8285245.992187
2018-08-13,15.672,9548908.429656
2018-08-14,16.006,15387949.934106
2018-08-15,15.576,17676845.507112
2018-08-16,15.996,14148635.380644001
2018-08-17,20.67,28335995.28279
2018-08-18,18.731,21544344.970715
2018-08-19,19.505,17908417.503314998
2018-08-20,17.087,12706025.726772001
2018-08-21,17.838,10947580.082010001
2018-08-22,16.375,14277912.7
2018-08-23,17.77,11254950.79937
2018-08-24,17.718,10709942.49663
2018-08-25,17.595,11514535.119675
2018-08-26,17.513,9809841.223711
2018-08-27,20.74,21417560.348699998
2018-08-28,21.267,22479581.262078
2018-08-29,19.746,18813230.632584
2018-08-30,19.56,14851732.95756
2018-08-31,20.03,13665446.688830001
2018-09-01,22.567,22129973.503389
2018-09-02,22.116,22508326.516608
2018-09-03,23.005,20779969.83492
2018-09-04,24.191,29697456.901245
2018-09-05,19.298,34395642.631703995
2018-09-06,20.456,34928483.9676
2018-09-07,19.518,23141214.600396004
2018-09-08,17.901,14608343.780901
2018-09-09,18.42,16415223.30732
2018-09-10,18.494,12325724.272386
2018-09-11,17.73,15262292.821139999
2018-09-12,17.655,16100297.451480001
2018-09-13,18.243,20131185.125214
2018-09-14,17.735,15235436.76152
2018-09-15,17.967,11176724.700837
2018-09-16,17.96,9719316.91644
2018-09-17,16.491,16499608.63182
2018-09-18,16.863,10604021.030526
2018-09-19,17.093,11791504.551766
2018-09-20,18.186,15199562.09541
2018-09-21,19.846,29810494.572488
2018-09-22,18.84,13030142.6544
2018-09-23,19.562,17155636.536882002
2018-09-24,18.448,13202299.282592
2018-09-25,18.209,11819663.036613999
2018-09-26,17.814,11261635.084926
2018-09-27,19.006,14239428.242
2018-09-28,19.272,24382465.531512
2018-09-29,19.16,11191240.1778
2018-09-30,18.936,10724312.139120001
2018-10-01,18.713,10334881.303917
2018-10-02,18.451,10093866.092262
2018-10-03,18.026,9820647.683548
2018-10-04,17.996,9580421.662196
2018-10-05,18.207,8511879.229434
2018-10-06,17.961,8563957.091318998
2018-10-07,18.207,8327317.219137
2018-10-08,18.558,11770106.573502
2018-10-09,18.329,10344117.818658
2018-10-10,18.267,9439846.960971
2018-10-11,15.57,14715301.75902
2018-10-12,15.747,7291510.705473
2018-10-13,15.958,6602129.062682001
2018-10-14,15.814,8350825.350016001
2018-10-15,16.656,19204998.479567997
2018-10-16,16.867,7378470.415025
2018-10-17,17.179,9481664.960877
2018-10-18,16.922,12667779.468046
2018-10-19,16.737,5906836.852244999
2018-10-20,16.903,7336983.7750969995
2018-10-21,16.795,7622557.907790001
2018-10-22,17.05,7112916.52775
2018-10-23,16.827,3340906.433703
2018-10-24,16.934,4435234.809736
2018-10-25,16.709,2932973.227569
2018-10-26,16.386,4364128.965852
2018-10-27,16.134,2614956.884538
2018-10-28,16.217,2295287.090271
2018-10-29,15.465,4459654.700370001
2018-10-30,15.248,2659589.522624
2018-10-31,15.468,3935471.607816
2018-11-01,15.84,2786145.3417599997
2018-11-02,16.296,4038043.3974719997
2018-11-03,15.984,2944440.004608
2018-11-04,16.897,6148067.093173999
2018-11-05,16.415,3733462.0058399998
2018-11-06,17.118,5190522.390756
2018-11-07,16.832,5582766.375488001
2018-11-08,16.409,3476722.084366
2018-11-09,16.008,2196170.7686159997
2018-11-10,15.991,1575007.175841
2018-11-11,16.18,2323550.0958
2018-11-12,15.923,2126977.031699
2018-11-13,15.571,2660279.797989
2018-11-14,13.946,7924305.512838
2018-11-15,13.269,7743468.789596999
2018-11-16,12.873,4105821.015345
2018-11-17,12.59,2019762.081
2018-11-18,12.686,2176622.536326
2018-11-19,10.271,8419877.534114001
2018-11-20,9.127,14751484.032488002
2018-11-21,9.357,10170324.709424999
2018-11-22,8.429,6064027.660712
2018-11-23,8.742,7895295.487014
2018-11-24,7.586,5309905.58734
2018-11-25,7.841,9440059.212102
2018-11-26,7.28,7704277.09688
2018-11-27,7.358,4568517.795426
2018-11-28,8.365,10872857.649360001
2018-11-29,8.462,7046834.2018099995
2018-11-30,7.772,5028009.356188
2018-12-01,8.139,4320583.120097999
2018-12-02,8.011,4095391.4710549996
2018-12-03,7.363,3118022.0092920004
2018-12-04,7.626,3570085.041228
2018-12-05,7.038,2548965.029868
2018-12-06,6.01,4249637.54233
2018-12-07,6.065,6566532.9479600005
2018-12-08,5.915,4127231.5429800004
2018-12-09,6.305,3834358.1341
2018-12-10,6.034,3158466.04388
2018-12-11,5.795,2550626.0540699996
2018-12-12,5.978,2441854.068892
2018-12-13,5.718,2445871.921182
2018-12-14,5.63,1940689.6454399999
2018-12-15,5.588,1404126.43228
2018-12-16,5.675,2619860.03855
2018-12-17,6.468,5467271.58978
2018-12-18,6.737,5473110.942505
2018-12-19,6.495,9231861.911415
2018-12-20,7.118,10653572.434066
2018-12-21,6.804,9452643.688152
2018-12-22,6.989,4073694.3020189996
2018-12-23,7.547,10422954.489567999
2018-12-24,8.325,21488747.99175
2018-12-25,7.551,9638685.053307
2018-12-26,7.695,6523884.491445
2018-12-27,6.799,6400462.983005
2018-12-28,7.801,8602257.201314
2018-12-29,7.663,6401883.668191
2018-12-30,7.955,5933610.34862
2018-12-31,7.409,4454657.6121809995
2019-01-01,7.756,2518723.298084
2019-01-02,7.899,4957967.881376999
2019-01-03,7.522,3415743.32163
2019-01-04,7.455,2645230.40943
2019-01-05,7.722,3466552.05468
2019-01-06,8.463,9386550.204759
2019-01-07,8.36,9463063.970359998
2019-01-08,9.006,13962594.989195999
2019-01-09,8.999,14749322.421287
2019-01-10,7.775,14778989.170500001
2019-01-11,7.735,6100973.522735001
2019-01-12,7.563,3254587.514364
2019-01-13,6.984,4695052.518936
2019-01-14,7.812,6525690.547824
2019-01-15,7.418,5420602.637454
2019-01-16,7.551,4131453.23388
2019-01-17,7.664,3885619.8961119996
2019-01-18,7.505,2217355.4396249996
2019-01-19,7.901,4519188.902226
2019-01-20,7.452,5106445.389756
2019-01-21,7.41,3020045.45349
2019-01-22,7.6,4113783.3355999994
2019-01-23,7.461,3076555.153302
2019-01-24,7.642,2211811.7181700002
2019-01-25,7.493,1833823.887082
2019-01-26,7.438,1607472.36998
2019-01-27,7.336,2772922.513592
2019-01-28,6.921,4285664.114940001
2019-01-29,6.979,2970154.846631
2019-01-30,7.048,2689209.43672
2019-01-31,6.861,1849743.040662
2019-02-01,6.967,1723183.390888
2019-02-02,7.237,2209491.814595
2019-02-03,7.016,1945034.5245599998
2019-02-04,7.051,1570714.209944
2019-02-05,6.991,1477317.6853069998
2019-02-06,6.869,2432711.817175
2019-02-07,6.933,1181668.860399
2019-02-08,7.54,5487950.086060001
2019-02-09,7.662,2928330.884418
2019-02-10,7.967,5065876.336018
2019-02-11,8.128,5390988.147136001
2019-02-12,8.189,8814251.981874
2019-02-13,8.224,5159501.908384
2019-02-14,7.888,4988454.355296
2019-02-15,8.087,4214123.100454
2019-02-16,7.887,4106355.2952509997
2019-02-17,8.381,10487118.832802
2019-02-18,8.777,11414059.655779999
2019-02-19,8.881,11421530.378669001
2019-02-20,9.107,8093336.221572
2019-02-21,8.585,8071261.864305001
2019-02-22,8.678,4796184.688108
2019-02-23,10.14,19015893.5538
2019-02-24,8.908,33052091.452219997
2019-02-25,9.204,15245604.377328001
2019-02-26,9.053,7451632.809258001
2019-02-27,8.857,7062846.995847
2019-02-28,8.813,5844510.503307
2019-03-01,8.947,4636587.079109999
2019-03-02,8.697,3757322.6599739995
2019-03-03,8.62,2542205.1848999998
2019-03-04,8.163,5632419.022065001
2019-03-05,8.739,5899168.066923
2019-03-06,8.705,3950099.5710199997
2019-03-07,9.175,6356997.775775
2019-03-08,8.765,6315650.831480001
2019-03-09,8.963,4768363.288787999
2019-03-10,8.764,3373780.4130799994
2019-03-11,8.724,3589626.46146
2019-03-12,8.826,2955274.309884
2019-03-13,8.911,5647245.965606
2019-03-14,9.267,7473954.9052949995
2019-03-15,9.223,4573460.031636001
2019-03-16,9.416,6512111.230768
2019-03-17,9.186,4954178.13345
2019-03-18,9.108,5199033.596724
2019-03-19,9.164,3898476.631024
2019-03-20,9.306,4519470.374298
2019-03-21,8.921,4456395.670925
2019-03-22,9.151,2662554.022512
2019-03-23,9.354,3226099.5352979996
2019-03-24,9.124,3519120.020868
2019-03-25,8.917,5306419.250980999
2019-03-26,8.867,2939912.0441210005
2019-03-27,9.274,4901998.735202
2019-03-28,9.181,2050829.2773689998
2019-03-29,9.941,6248319.241592001
2019-03-30,9.941,8880240.654323
2019-03-31,10.095,4014961.9582200004
2019-04-01,10.04,4279738.47088
2019-04-02,11.505,18480195.462690003
2019-04-03,12.123,29001919.758345
2019-04-04,12.771,24270878.973528
2019-04-05,13.467,14067959.582469
2019-04-06,13.079,9684767.177723
2019-04-07,12.844,7801444.700920001
2019-04-08,12.59,10779073.46126
2019-04-09,12.06,7391857.422060001
2019-04-10,12.424,5971413.315071999
2019-04-11,11.152,10145655.486095998
2019-04-12,11.238,5924585.741316
2019-04-13,11.015,3007245.9495600006
2019-04-14,11.267,4358452.729024
2019-04-15,10.677,5619993.467544
2019-04-16,10.85,4267175.6029
2019-04-17,10.923,4114230.0800369997
2019-04-18,11.231,4501000.374101
2019-04-19,11.028,2974701.299784
2019-04-20,10.881,2612551.918509
2019-04-21,10.503,4561795.045728
2019-04-22,10.756,4056908.411872
2019-04-23,10.215,6129530.7918300005
2019-04-24,9.89,8275442.38808
2019-04-25,9.584,5253699.405152
2019-04-26,9.489,5919576.653652
2019-04-27,9.544,2768214.637984
2019-04-28,9.36,1700120.38248
2019-04-29,9.44,6148981.264959999
2019-04-30,9.729,3957526.3502879995
2019-05-01,9.703,3478487.5321609997
2019-05-02,9.831,2844520.798929
2019-05-03,9.929,4689427.798178
2019-05-04,9.447,4382370.133686
2019-05-05,9.235,2554732.0285749994
2019-05-06,9.158,4175107.0338159995
2019-05-07,8.914,4021122.265288
2019-05-08,9.043,2335834.065172
2019-05-09,8.663,3989728.467516
2019-05-10,8.775,4625331.96645
2019-05-11,9.637,9519118.201867
2019-05-12,9.323,7577167.608215
2019-05-13,9.707,6076038.534191001
2019-05-14,11.051,14480937.482193999
2019-05-15,12.85,11946166.60735
2019-05-16,12.089,25614849.398215003
2019-05-17,11.265,16725301.745550003
2019-05-18,10.7,8982414.2041
2019-05-19,11.655,14099046.46038
2019-05-20,11.998,17717988.801618
2019-05-21,12.079,12164433.281283
2019-05-22,11.154,8512786.662666
2019-05-23,11.411,6978165.349644999
2019-05-24,11.519,6409362.216411999
2019-05-25,11.416,3673213.6897440003
2019-05-26,11.836,6620898.235248
2019-05-27,12.363,11364281.650176
2019-05-28,12.662,10231316.31509
2019-05-29,13.633,26450739.388142996
2019-05-30,12.575,26725181.89805
2019-05-31,13.543,13207506.899252
2019-06-01,13.709,16501058.468937
2019-06-02,14.11,7667899.484619999
2019-06-03,12.418,9855335.997234
2019-06-04,11.475,12722456.91195
2019-06-05,11.575,6989935.434825
2019-06-06,11.628,6080885.33274
2019-06-07,12.167,9735904.174293
2019-06-08,11.971,4951604.761024
2019-06-09,11.475,4203437.61285
2019-06-10,12.292,9408997.357956
2019-06-11,12.268,6766020.529884
2019-06-12,12.903,9918537.545136
2019-06-13,13.042,11347782.080953998
2019-06-14,13.442,10440016.165722
2019-06-15,13.945,14720234.81873
2019-06-16,13.985,10496163.420529999
2019-06-17,14.197,12001609.439117
2019-06-18,13.668,9468655.434479998
2019-06-19,13.719,4330203.177558
2019-06-20,13.538,4333254.317154
2019-06-21,14.01,6254297.490660001
2019-06-22,17.481,52259238.766545005
2019-06-23,16.859,26794774.300908003
2019-06-24,17.971,18400882.350132
2019-06-25,19.606,31053855.329848003
2019-06-26,19.367,46162832.071091
2019-06-27,17.201,25045628.252123002
2019-06-28,18.227,17340664.898843
2019-06-29,18.434,15802549.947158001
2019-06-30,16.747,10605899.349655999
2019-07-01,16.956,14700718.55628
2019-07-02,17.937,20214264.820653
2019-07-03,17.904,11227751.246448
2019-07-04,17.011,7253822.675863
2019-07-05,17.029,5599552.921370001
2019-07-06,16.853,4559049.881535
2019-07-07,17.188,4219210.343343999
2019-07-08,17.524,6381678.700176001
2019-07-09,17.245,8173330.745985
2019-07-10,16.195,8973919.389675
2019-07-11,14.645,9132296.309845
2019-07-12,15.322,5746541.549842
2019-07-13,14.156,6727552.577620001
2019-07-14,12.021,9470259.862755
2019-07-15,12.281,9606621.710285
2019-07-16,10.202,9188869.363678
2019-07-17,10.764,9050306.077799998
2019-07-18,13.01,19237363.52964
2019-07-19,12.961,10058524.313942
2019-07-20,13.322,6361219.803276
2019-07-21,12.954,6379184.112828
2019-07-22,12.07,7542747.9365300005
2019-07-23,11.228,6558927.966444
2019-07-24,11.765,6342800.577815
2019-07-25,11.935,4862917.44477
2019-07-26,11.962,3058162.072116
2019-07-27,11.37,4528038.45279
2019-07-28,11.238,2834422.141746
2019-07-29,11.268,2643828.5307600005
2019-07-30,11.248,1798711.0185439999
2019-07-31,11.727,4808264.386752
2019-08-01,11.862,3145430.2060260004
2019-08-02,11.66,2612710.89706
2019-08-03,12.121,2646102.0075560003
2019-08-04,11.88,2510234.57916
2019-08-05,12.004,4714252.809972
2019-08-06,11.355,3966603.1909950003
2019-08-07,11.31,2389283.35074
2019-08-08,10.887,3231166.382298
2019-08-09,10.367,2031122.5757410002
2019-08-10,10.596,3503371.374
2019-08-11,11.1,2335494.0015
2019-08-12,10.691,1322996.581948
2019-08-13,10.494,2340437.813802
2019-08-14,9.453,3251667.4138169996
2019-08-15,9.897,2043057.909777
2019-08-16,9.803,2918564.1683930005
2019-08-17,9.663,1385990.286393
2019-08-18,9.839,2200088.773898
2019-08-19,10.137,1995172.6219290001
2019-08-20,9.898,1515440.495744
2019-08-21,9.468,2249954.093916
2019-08-22,9.794,2165834.464952
2019-08-23,9.88,1417311.67812
2019-08-24,10.102,2014476.9448499999
2019-08-25,9.662,1563261.0194300003
2019-08-26,9.826,1147820.416816
2019-08-27,9.594,1441861.402644
2019-08-28,9.145,1695603.49452
2019-08-29,8.761,1422715.87395
2019-08-30,8.727,859283.3632830001
2019-08-31,8.791,687522.686333
2019-09-01,8.763,551252.936862
2019-09-02,9.122,1190027.02082
2019-09-03,9.255,1140345.6718050002
2019-09-04,9.053,1100254.191333
2019-09-05,8.999,1430396.386407
2019-09-06,8.687,2157343.9135499997
2019-09-07,9.059,1372635.025946
2019-09-08,9.262,1672972.9793920002
2019-09-09,9.089,1356986.9728800002
2019-09-10,8.834,1450751.114554
2019-09-11,8.798,1115009.990232
2019-09-12,9.015,1114369.84275
2019-09-13,8.941,612554.2938740001
2019-09-14,9.104,825813.3066719999
2019-09-15,9.062,706760.6766559999
2019-09-16,9.082,1369808.81596
2019-09-17,9.505,3230466.89734
2019-09-18,10.107,3841232.3594099996
2019-09-19,9.715,3700167.720295
2019-09-20,9.549,1676378.562345
2019-09-21,9.419,931461.6381440001
2019-09-22,9.068,1332105.7309639999
2019-09-23,8.617,1835726.3606290002
2019-09-24,7.231,4794796.674695999
2019-09-25,7.454,2784763.027032
2019-09-26,7.147,2573379.130427
2019-09-27,7.338,1674573.301854
2019-09-28,7.305,1323790.66713
2019-09-29,7.126,935051.893062
2019-09-30,7.599,2132380.671873
2019-10-01,7.472,3503270.5500000003
2019-10-02,7.617,1472199.310551
2019-10-03,7.342,1134620.022392
2019-10-04,7.346,887997.651378
2019-10-05,7.334,1100875.5778339999
2019-10-06,7.14,1484559.58854
2019-10-07,7.445,1694865.0452500002
2019-10-08,7.498,1511680.2152500001
2019-10-09,7.75,2772449.6832500002
2019-10-10,7.468,1385849.784192
2019-10-11,7.219,1448576.5163210002
2019-10-12,7.24,465032.59927999997
2019-10-13,7.296,890909.518464
2019-10-14,7.529,930640.8223260001
2019-10-15,7.367,1672730.2376930001
2019-10-16,6.995,2036949.94575
2019-10-17,7.252,1411834.175836
2019-10-18,7.111,1092522.6410669999
2019-10-19,7.105,782996.93325
2019-10-20,7.303,703788.6494
2019-10-21,7.398,1426203.2556539997
2019-10-22,7.264,988249.831776
2019-10-23,6.907,1543643.523668
2019-10-24,6.966,998356.580442
2019-10-25,7.786,3192591.582382
2019-10-26,9.12,10463530.88496
2019-10-27,11.502,46320894.415458
2019-10-28,10.675,35608508.02215
2019-10-29,10.784,12942651.429472001
2019-10-30,11.255,17349971.923
2019-10-31,10.536,13187034.6048
2019-11-01,10.609,6114646.132187
2019-11-02,10.946,8050549.46709
2019-11-03,11.05,4485426.851100001
2019-11-04,11.412,7924264.605648
2019-11-05,11.14,6038512.562620001
2019-11-06,11.085,3539482.567575
2019-11-07,11.123,3804379.546247
2019-11-08,10.637,3493928.943978
2019-11-09,10.68,1643908.84332
2019-11-10,11.016,4052793.582432
2019-11-11,11.147,5300255.606607
2019-11-12,12.116,16515713.345767999
2019-11-13,13.159,14069067.136587001
2019-11-14,12.674,9573783.443645999
2019-11-15,12.012,7770312.253704
2019-11-16,12.394,5547240.311252
2019-11-17,12.055,3696396.429245
2019-11-18,11.32,5385647.07632
2019-11-19,11.72,6535601.31036
2019-11-20,11.501,6371092.3498599995
2019-11-21,11.05,7043157.400500001
2019-11-22,9.671,9210001.253653
2019-11-23,10.003,5577352.934069
2019-11-24,8.971,5046931.258697
2019-11-25,9.06,6862223.723220001
2019-11-26,9.27,3179762.45442
2019-11-27,9.452,4873178.282951999
2019-11-28,9.264,2406663.914688
2019-11-29,9.705,3042025.9902749998
2019-11-30,9.316,2991591.5380080002
2019-12-01,9.246,2504218.252074
2019-12-02,8.937,2264278.0072049997
2019-12-03,8.937,1666820.9324969999
2019-12-04,8.6,2869705.5426
2019-12-05,8.731,1826043.7901219998
2019-12-06,8.746,1217949.2960360001
2019-12-07,8.911,2763936.3117239997
2019-12-08,9.031,1621160.878832
2019-12-09,8.721,1828912.2794370002
2019-12-10,8.535,1551292.606605
2019-12-11,8.537,867012.1538760001
2019-12-12,8.644,871316.8769360001
2019-12-13,8.894,2295590.165802
2019-12-14,8.804,2103751.905204
2019-12-15,8.914,1203474.611688
2019-12-16,8.362,2112322.8632920003
2019-12-17,7.882,1377654.8182599999
2019-12-18,8.78,2550951.2179799997
2019-12-19,8.585,1110522.95983
2019-12-20,8.601,660321.227211
2019-12-21,8.503,536861.087532
2019-12-22,8.88,1384893.4358400002
2019-12-23,8.558,1637358.340156
2019-12-24,8.695,1053138.913005
2019-12-25,8.601,736211.049783
2019-12-26,8.525,1615235.5521500001
2019-12-27,8.723,1799189.8511730002
2019-12-28,8.766,1350701.860518
2019-12-29,9.201,3076688.9719680003
2019-12-30,8.943,1981716.0273569997
2019-12-31,8.678,1198535.4153200001
2020-01-01,8.85,937759.0271999999
2020-01-02,8.462,1229391.9640859999
2020-01-03,8.888,1696324.243944
2020-01-04,9.077,1022214.2066050001
2020-01-05,9.02,1138067.2998199998
2020-01-06,9.757,4002415.194041
2020-01-07,9.801,2999846.210724
2020-01-08,9.448,3090899.3114400003
2020-01-09,9.387,1193173.422084
2020-01-10,9.862,2369000.842824
2020-01-11,9.696,2168786.609952
2020-01-12,10.271,3738822.7975680004
2020-01-13,10.0,1960361.9
2020-01-14,11.204,9978387.011748001
2020-01-15,11.412,8080493.436324
2020-01-16,11.271,5330204.677200001
2020-01-17,11.848,5822777.488752001
2020-01-18,11.876,6216212.425191999
2020-01-19,11.245,5484496.38971
2020-01-20,11.114,2254066.660552
2020-01-21,11.226,1885528.7827500002
2020-01-22,11.247,1639758.4232009999
2020-01-23,10.621,2915824.5943839997
2020-01-24,10.511,2387100.486824
2020-01-25,10.35,922866.9201
2020-01-26,10.797,1631608.2191640001
2020-01-27,11.082,3291401.065254
2020-01-28,11.36,3100729.7783999997
2020-01-29,11.201,4153246.1540430007
2020-01-30,11.735,4728197.010439999
2020-01-31,11.453,3629673.043581
2020-02-01,11.422,2585819.087168
2020-02-02,12.016,9817714.807936
2020-02-03,11.88,5275659.434760001
2020-02-04,12.177,5668733.701026
2020-02-05,12.762,9432754.53507
2020-02-06,12.914,8411164.49503
2020-02-07,12.792,8369215.172448
2020-02-08,12.688,6644879.920432
2020-02-09,14.201,14312579.727974001
2020-02-10,13.551,11706391.345866
2020-02-11,13.791,12013283.019051
2020-02-12,14.822,16353758.112921998
2020-02-13,15.141,17131266.023403
2020-02-14,16.676,14593615.317247998
2020-02-15,15.127,18019430.387441
2020-02-16,14.625,22299194.984625
2020-02-17,15.027,21657943.417496998
2020-02-18,15.5,17850464.655500002
2020-02-19,14.043,11102386.896738
2020-02-20,14.03,10972077.37612
2020-02-21,14.017,7575260.630667999
2020-02-22,13.72,5333179.41772
2020-02-23,14.294,6732814.740372
2020-02-24,13.361,9788171.171588
2020-02-25,12.393,8617376.194425
2020-02-26,11.007,16827208.70373
2020-02-27,11.51,9715822.1208
2020-02-28,11.311,8684637.909776999
2020-02-29,11.103,5452444.085865
2020-03-01,11.31,8815593.28689
2020-03-02,12.088,7516242.100543999
2020-03-03,11.556,6466662.301104
2020-03-04,11.755,4127996.8377300003
2020-03-05,12.073,6153779.669403001
2020-03-06,12.377,4641226.97108
2020-03-07,11.589,5505177.555504
2020-03-08,10.05,8289441.180900001
2020-03-09,9.902,10547456.532821998
2020-03-10,9.87,7214578.249829999
2020-03-11,9.43,8508151.273109999
2020-03-12,5.706,16771746.179952003
2020-03-13,6.216,16893840.815544
2020-03-14,5.752,3408371.8619359997
2020-03-15,5.979,4176452.676393
2020-03-16,5.394,6713053.975998
2020-03-17,5.626,3644145.0084740003
2020-03-18,5.726,3668717.2040259996
2020-03-19,6.472,8677754.699416
2020-03-20,6.273,11742414.021179998
2020-03-21,6.236,5816380.520343999
2020-03-22,5.947,4770157.637623999
2020-03-23,6.683,6316900.2210180005
2020-03-24,6.897,6101909.950092
2020-03-25,6.93,4535895.069089999
2020-03-26,7.03,2441572.8568300004
2020-03-27,6.503,2385572.3424540004
2020-03-28,6.628,3927836.783388
2020-03-29,6.179,2534926.6740470002
2020-03-30,6.568,2660912.604776
2020-03-31,6.772,3362591.3291800003
2020-04-01,6.812,3979308.00176
2020-04-02,6.976,6163343.2624
2020-04-03,7.02,2914886.3795999996
2020-04-04,7.188,2812646.516256
2020-04-05,7.017,1907829.900144
2020-04-06,7.823,5644281.951908
2020-04-07,7.721,6935564.690292
2020-04-08,7.995,3799565.298555
2020-04-09,8.019,3593479.227723
2020-04-10,7.299,4674724.634628
2020-04-11,7.306,2064394.947316
2020-04-12,7.356,2703420.464088
2020-04-13,7.281,2660853.8277
2020-04-14,7.257,2373316.224657
2020-04-15,6.993,2232245.047473
2020-04-16,7.616,5838953.228863999
2020-04-17,7.468,2064193.0627600001
2020-04-18,7.877,3022036.41394
2020-04-19,7.614,3422379.8102760003
2020-04-20,7.205,4224357.894075
2020-04-21,7.227,1864782.8605890002
2020-04-22,7.534,3165323.1425719997
2020-04-23,7.854,5299276.908156
2020-04-24,8.07,5592021.57132
2020-04-25,8.428,6102409.192292
2020-04-26,8.631,4397382.469620001
2020-04-27,8.426,3205936.10788
2020-04-28,8.457,2707536.009879
2020-04-29,9.207,8549582.423679
2020-04-30,8.897,8181243.983626001
2020-05-01,9.011,4385514.786424
2020-05-02,9.225,2773833.5621249997
2020-05-03,9.069,4146981.366999001
2020-05-04,9.005,4020716.0658750003
2020-05-05,9.101,2799838.1563160005
2020-05-06,9.148,5836162.7971560005
2020-05-07,9.891,9108140.198409
2020-05-08,11.301,16430098.021815
2020-05-09,10.994,16641154.402900001
2020-05-10,9.725,17505760.6895
2020-05-11,9.629,9201903.914006
2020-05-12,10.001,5661886.121998999
2020-05-13,10.285,5585016.62983
2020-05-14,10.186,6347596.775454
2020-05-15,10.033,3932135.2863359996
2020-05-16,10.008,3147261.1062479997
2020-05-17,10.156,4654027.390412
2020-05-18,10.245,5282697.089939999
2020-05-19,10.328,3868506.4834319996
2020-05-20,10.14,3316889.69118
2020-05-21,9.537,4138210.2179220007
2020-05-22,10.388,9939717.660768
2020-05-23,10.203,4619658.254109
2020-05-24,9.631,4900429.923721001
2020-05-25,9.923,3694977.746155
2020-05-26,9.935,5616733.92986
2020-05-27,10.009,3876624.8751450004
2020-05-28,10.429,4851013.672391
2020-05-29,10.242,3426315.090048
2020-05-30,11.03,8816464.37018
2020-05-31,10.945,14714877.904925
2020-06-01,12.413,24526409.352771
2020-06-02,12.135,24486850.302105002
2020-06-03,12.393,9047485.409292001
2020-06-04,12.164,8496097.071503999
2020-06-05,11.803,3568523.410716
2020-06-06,11.813,3974258.2217000006
2020-06-07,11.776,4437662.740991999
2020-06-08,11.656,2370532.507608
2020-06-09,12.026,5275892.209952
2020-06-10,11.935,5265407.047285
2020-06-11,10.679,10505981.020516
2020-06-12,10.917,4838645.436471
2020-06-13,11.08,3396582.66456
2020-06-14,10.615,2922001.951605
2020-06-15,10.43,7636553.511510001
2020-06-16,10.56,3332167.9776000003
2020-06-17,10.588,4032377.690792
2020-06-18,10.413,2764999.429569
2020-06-19,10.268,2725751.0323400004
2020-06-20,10.264,2646396.3826639997
2020-06-21,10.298,3701073.4777840003
2020-06-22,10.8,4992554.1132000005
2020-06-23,10.941,6289482.53745
2020-06-24,10.491,7065438.478487999
2020-06-25,10.335,4109702.66304
2020-06-26,10.196,3991268.24672
2020-06-27,9.703,3455602.0266579995
2020-06-28,10.045,2944465.29552
2020-06-29,10.213,2956767.1517369994
2020-06-30,10.034,1840948.56587
2020-07-01,10.138,2873077.8837180003
2020-07-02,9.922,3966923.2537000002
2020-07-03,9.78,2074836.56484
2020-07-04,9.973,2370544.2325190003
2020-07-05,10.07,3886472.8163400004
2020-07-06,10.575,6523354.8198
2020-07-07,10.56,5632910.722560001
2020-07-08,11.08,12500921.70348
2020-07-09,10.768,8533641.378304001
2020-07-10,10.499,7144232.471601
2020-07-11,10.741,7295755.07796
2020-07-12,10.797,5412500.016426
2020-07-13,10.677,8798448.869529
2020-07-14,10.83,6055793.72868
2020-07-15,10.989,8266196.744784
2020-07-16,10.694,7294154.355242001
2020-07-17,10.591,2555129.364389
2020-07-18,10.545,2772403.2648899998
2020-07-19,10.651,2560786.496511
2020-07-20,10.386,2736523.9585259994
2020-07-21,11.184,11273103.420095999
2020-07-22,11.559,8157343.641107999
2020-07-23,11.432,5736306.684464
2020-07-24,11.101,5954044.251363
2020-07-25,11.608,7235317.985952
2020-07-26,11.62,7496649.565299999
2020-07-27,11.619,15746053.497777
2020-07-28,11.738,11760399.320212
2020-07-29,11.67,9342877.3644
2020-07-30,11.774,5783364.898779999
2020-07-31,12.245,7827849.860109999
2020-08-01,13.396,22665908.68982
2020-08-02,12.16,16375281.42528
2020-08-03,12.4,9893366.151600001
2020-08-04,12.561,6420465.9669
2020-08-05,12.868,8016713.415892
2020-08-06,12.951,9641544.560928
2020-08-07,12.856,11183388.208392
2020-08-08,13.123,4448596.595927
2020-08-09,12.997,5333545.071806
2020-08-10,14.526,27048952.84545
2020-08-11,13.686,12293597.404602
2020-08-12,14.344,12173456.438616
2020-08-13,14.545,16020149.725585
2020-08-14,14.813,15393224.706358
2020-08-15,15.103,9945712.197212001
2020-08-16,15.49,11005235.01068
2020-08-17,16.56,21482249.837039996
2020-08-18,16.12,15613437.430760002
2020-08-19,15.834,15631531.98789
2020-08-20,17.842,16341037.967495998
2020-08-21,16.387,39795653.028397
2020-08-22,18.936,37302501.106584
2020-08-23,18.17,22222588.540480003
2020-08-24,18.074,15103511.314332003
2020-08-25,17.023,19007722.532812
2020-08-26,17.322,17374740.916992
2020-08-27,17.649,20148964.595271
2020-08-28,18.294,17784160.708848
2020-08-29,21.141,47226213.45111599
2020-08-30,20.662,44116541.059126005
2020-08-31,20.443,24322359.864315003
2020-09-01,21.517,27263727.933881
2020-09-02,20.33,23148907.30028
2020-09-03,17.725,22500930.048675
2020-09-04,18.904,23243354.465272
2020-09-05,16.964,24661142.744763996
2020-09-06,17.156,12105378.371691998
2020-09-07,18.204,20844960.372912
2020-09-08,17.122,14992058.728149999
2020-09-09,17.282,7896909.301478
2020-09-10,18.462,10597906.928741999
2020-09-11,20.319,29152577.396748
2020-09-12,21.725,22545791.377725
2020-09-13,20.339,21861642.401070997
2020-09-14,22.018,24743764.65789
2020-09-15,20.27,20691474.96134
2020-09-16,20.997,19890637.435376998
2020-09-17,23.833,39811992.38613
2020-09-18,25.307,41584288.642138
2020-09-19,24.5,18082417.913
2020-09-20,23.579,27400386.139966004
2020-09-21,20.112,54430053.92102399
2020-09-22,20.205,32399067.410189997
2020-09-23,19.685,46144163.87290499
2020-09-24,21.813,32166229.069425
2020-09-25,21.311,58211152.091611
2020-09-26,21.004,24294425.077276
2020-09-27,21.147,19964347.152225
2020-09-28,20.11,27648071.51395
2020-09-29,19.691,17151302.354073998
2020-09-30,19.078,20806994.230387997
2020-10-01,18.786,19898785.478808
2020-10-02,18.089,13411201.639837999
2020-10-03,17.806,6941488.066398
2020-10-04,18.125,6834467.101875001
2020-10-05,17.664,10471869.747456001
2020-10-06,16.569,17234107.015419
2020-10-07,16.764,10622547.257784
2020-10-08,17.019,12042623.109230999
2020-10-09,17.39,10427554.81386
2020-10-10,17.534,11622000.692631999
2020-10-11,17.787,7458114.055160999
2020-10-12,17.983,13741671.14621
2020-10-13,17.591,11441952.558414001
2020-10-14,16.959,11683817.169623999
2020-10-15,17.24,9333333.1874
2020-10-16,17.021,7725714.284890001
2020-10-17,17.191,5442043.902094999
2020-10-18,17.428,9444000.5362
2020-10-19,17.569,15379835.433713
2020-10-20,16.948,13083038.17426
2020-10-21,18.332,15582002.766012002
2020-10-22,18.653,10149338.893656
2020-10-23,18.136,7276088.20764
2020-10-24,18.312,4480744.198896
2020-10-25,17.865,5247103.7995649995
2020-10-26,17.084,7072646.639952
2020-10-27,17.007,5737870.5891390005
2020-10-28,15.87,9540356.987699999
2020-10-29,15.276,7399635.449916
2020-10-30,14.788,9642143.156464
2020-10-31,14.702,6330621.406966
2020-11-01,14.941,4175967.784728
2020-11-02,15.215,11327672.14877
2020-11-03,14.676,9748811.403719999
2020-11-04,14.049,11616948.064953
2020-11-05,14.401,10669093.552226
2020-11-06,15.712,16078047.036192
2020-11-07,14.813,23035178.541211
2020-11-08,15.45,8804665.8069
2020-11-09,15.378,8475799.45377
2020-11-10,15.585,6664586.416515001
2020-11-11,15.391,6010509.572896
2020-11-12,15.456,6478564.487136
2020-11-13,16.007,7154046.318534001
2020-11-14,15.684,5431491.723408
2020-11-15,15.317,7771622.3249699995
2020-11-16,15.72,6595055.8518
2020-11-17,16.15,14662271.916099997
2020-11-18,15.718,11710151.884302
2020-11-19,16.095,7640030.723265
2020-11-20,16.444,13674848.669284
2020-11-21,18.32,28359059.38712
2020-11-22,17.18,23381723.794660002
2020-11-23,19.093,27653075.677609
2020-11-24,20.499,60288075.615798
2020-11-25,19.711,52941598.013486
2020-11-26,17.192,54734172.995992005
2020-11-27,17.12,15522929.14512
2020-11-28,17.533,14235130.312401
2020-11-29,17.684,14650226.915092
2020-11-30,18.577,20711220.484123
2020-12-01,17.53,27611899.721430004
2020-12-02,18.026,13919165.784354
2020-12-03,18.853,17861943.508525003
2020-12-04,17.298,14533451.993177999
2020-12-05,17.975,6400542.511725
2020-12-06,17.89,6349621.3097
2020-12-07,17.442,5769927.182304
2020-12-08,16.456,9857477.941607999
2020-12-09,16.899,11285619.355956
2020-12-10,16.238,5785016.082326
2020-12-11,15.898,6782012.270175999
2020-12-12,16.463,5601852.053619
2020-12-13,17.261,10267444.552981999
2020-12-14,17.398,5631305.774866
2020-12-15,17.103,8096469.263349001
2020-12-16,17.952,12212030.787264002
2020-12-17,17.773,21620905.490737
2020-12-18,17.918,10343820.599998
2020-12-19,17.835,8926069.271625
2020-12-20,17.541,13984998.196473
2020-12-21,16.514,15408854.005817998
2020-12-22,16.516,9938774.159687998
2020-12-23,13.456,18804736.748032
2020-12-24,15.269,16549716.99686
2020-12-25,15.173,11976963.877418999
2020-12-26,14.984,12911436.525008
2020-12-27,15.112,18093035.13136
2020-12-28,15.63,13690609.1247
2020-12-29,15.054,13942190.126826001
2020-12-30,14.722,6381289.191922001
2020-12-31,14.256,6138676.524816
2021-01-01,14.461,7334441.0549409995
2021-01-02,14.426,10764002.269162001
2021-01-03,16.024,32018840.582384
2021-01-04,16.372,37934181.040400006
2021-01-05,16.868,30159019.015455995
2021-01-06,19.535,65748159.094365
2021-01-07,20.889,88358543.867088
2021-01-08,19.724,47674539.86514
2021-01-09,21.338,47718777.682366006
2021-01-10,24.921,134511619.420503
2021-01-11,23.658,190190437.58022
2021-01-12,22.148,54728835.089572
2021-01-13,23.229,44175693.095621996
2021-01-14,23.104,36224892.761407994
2021-01-15,23.493,72821450.99173799
2021-01-16,23.58,41211704.05955999
2021-01-17,23.841,34746006.575826
2021-01-18,27.055,100664353.82947999
2021-01-19,26.273,65702808.267083
2021-01-20,26.072,58535862.542904
2021-01-21,22.096,44430957.147808
2021-01-22,23.469,40336761.789207004
2021-01-23,24.425,38942813.299325
2021-01-24,24.401,28867903.499513
2021-01-25,23.313,23008388.192286
2021-01-26,23.158,20714542.520794
2021-01-27,21.033,22804184.576169003
2021-01-28,22.245,21092783.78769
2021-01-29,22.549,36178229.654368
2021-01-30,22.864,20065951.077072
2021-01-31,22.276,31286812.723264
2021-02-01,23.119,39128598.815112
2021-02-02,23.74,23248283.042179998
2021-02-03,24.662,32564955.138738
2021-02-04,23.75,31227098.048750002
2021-02-05,26.07,48524994.29943
2021-02-06,24.834,35237093.177172
2021-02-07,24.526,35685615.139276
2021-02-08,27.38,59053665.477299996
2021-02-09,31.065,129751179.717675
2021-02-10,33.39,167696685.01026002
2021-02-11,36.297,120327197.457897
2021-02-12,37.572,79090744.16490002
2021-02-13,42.415,147182282.852845
2021-02-14,43.942,152062028.12704998
2021-02-15,41.575,144590955.742475
2021-02-16,40.945,76693801.360615
2021-02-17,42.551,64924475.36625
2021-02-18,43.783,67288814.980711
2021-02-19,47.847,120604657.725003
2021-02-20,43.866,97248460.547142
2021-02-21,54.9,224626760.93699998
2021-02-22,46.879,183231909.283577
2021-02-23,38.65,175648959.1324
2021-02-24,40.619,97924695.248805
2021-02-25,38.541,56394322.37835
2021-02-26,37.68,71270527.20192
2021-02-27,37.28,39642020.537599996
2021-02-28,35.261,61454954.37249001
2021-03-01,38.12,48499753.73352
2021-03-02,37.733,44871905.160643
2021-03-03,39.6,58540154.86440001
2021-03-04,37.827,43416327.884597994
2021-03-05,37.408,33595060.841664
2021-03-06,38.079,22298504.199939
2021-03-07,39.279,24230165.918631002
2021-03-08,40.113,35781458.466195
2021-03-09,42.587,54280722.00997001
2021-03-10,40.867,48869741.206148
2021-03-11,41.937,45592807.063482
2021-03-12,39.895,40072072.84044
2021-03-13,42.044,43892662.739503995
2021-03-14,39.616,32317532.355968
2021-03-15,38.597,44704360.091014
2021-03-16,40.793,38750177.52839
2021-03-17,46.428,117118136.521128
2021-03-18,43.643,62889279.495072
2021-03-19,44.023,32366634.303115003
2021-03-20,43.08,36258897.87168
2021-03-21,42.421,33862050.719477996
2021-03-22,40.695,41442907.68576
2021-03-23,41.081,36950063.359667
2021-03-24,39.529,80102376.97225401
2021-03-25,38.632,61205085.360759996
2021-03-26,41.652,38385390.376476005
2021-03-27,41.106,31497921.459732004
2021-03-28,44.763,84609648.196848
2021-03-29,45.499,59890813.85094701
2021-03-30,44.947,37079095.74470501
2021-03-31,50.778,131572222.889562
2021-04-01,52.326,112325684.08665599
2021-04-02,52.958,66184076.73574
2021-04-03,50.709,85890365.67042
2021-04-04,54.567,52799196.338721
2021-04-05,59.068,104668389.500396
2021-04-06,63.036,177210069.347304
2021-04-07,59.778,187093282.794588
2021-04-08,63.351,73747366.060221
2021-04-09,60.801,50822893.290702
2021-04-10,61.685,61652117.021885
2021-04-11,63.922,94799831.48248
2021-04-12,64.65,74648532.18705001
2021-04-13,66.587,95107375.840999
2021-04-14,69.12,130137776.61696002
2021-04-15,74.829,99718977.642237
2021-04-16,86.833,341327049.99171996
2021-04-17,93.96,406966245.3345599
2021-04-18,119.841,763023687.693042
2021-04-19,109.129,871102425.874019
2021-04-20,108.138,445965200.15709007
2021-04-21,96.846,211177424.33934602
2021-04-22,89.828,280194930.466848
2021-04-23,86.096,308278789.79131204
2021-04-24,79.544,168276918.664168
2021-04-25,79.596,139676747.757624
2021-04-26,90.206,168266158.73578203
2021-04-27,94.117,130322873.43585001
2021-04-28,91.795,124317153.81937501
2021-04-29,89.448,77896968.38292
2021-04-30,96.965,130872140.08880001
2021-05-01,102.2,120462645.6586
2021-05-02,106.817,200747058.655503
2021-05-03,107.046,147513491.929548
2021-05-04,96.468,198990860.131704
2021-05-05,114.883,263923777.302184
2021-05-06,122.794,487554674.409978
2021-05-07,117.784,471566874.71976805
2021-05-08,116.473,161518913.066063
2021-05-09,119.599,174566155.387357
2021-05-10,104.943,171893223.037671
2021-05-11,115.724,166568398.2746
2021-05-12,94.286,154047141.599534
2021-05-13,96.686,166129495.45524
2021-05-14,100.862,90546923.74787599
2021-05-15,92.735,85869208.758405
2021-05-16,92.911,112582167.835228
2021-05-17,85.634,144409860.22447398
2021-05-18,87.421,81065991.5997
2021-05-19,55.124,223908927.49136
2021-05-20,71.705,164077151.181335
2021-05-21,57.851,142441271.255618
2021-05-22,51.385,85861694.06792499
2021-05-23,43.103,143385057.098863
2021-05-24,54.04,117099301.72303998
2021-05-25,56.599,126470877.14452699
2021-05-26,62.5,80033475.375
2021-05-27,62.947,98266483.708667
2021-05-28,54.421,73859913.503101
2021-05-29,50.092,43339366.223579995
2021-05-30,51.579,37923745.136607006
2021-05-31,55.865,37897516.189045005
2021-06-01,53.951,34970643.710287996
2021-06-02,57.8,56152328.635
2021-06-03,61.321,81871743.245097
2021-06-04,56.25,56784173.793749996
2021-06-05,55.635,44033617.768755
2021-06-06,56.7,28681234.4259
2021-06-07,51.08,32858403.382039998
2021-06-08,48.735,52396338.663765006
2021-06-09,51.297,38121950.643581994
2021-06-10,50.561,51665043.524192
2021-06-11,47.443,26838095.477138
2021-06-12,46.25,24734760.71125
2021-06-13,49.201,22609821.980287
2021-06-14,50.735,33691655.88345
2021-06-15,50.139,27666082.236825004
2021-06-16,48.639,27359432.538822003
2021-06-17,48.623,19841200.814035
2021-06-18,45.422,21291867.327042
2021-06-19,44.445,12140023.303949999
2021-06-20,44.679,26126839.106472004
2021-06-21,32.046,59801106.422483996
2021-06-22,30.115,97095269.11895
2021-06-23,33.453,51318932.563647
2021-06-24,34.978,25738394.699786
2021-06-25,31.229,31086053.593330998
2021-06-26,31.167,29922388.055118002
2021-06-27,31.961,38483962.103222
2021-06-28,33.171,39650689.117119
2021-06-29,35.148,52571578.791504
2021-06-30,36.648,65899819.56276001
2021-07-01,34.097,27307964.299119
2021-07-02,35.438,28953228.446896
2021-07-03,36.348,24204048.072984003
2021-07-04,37.545,26408870.999505
2021-07-05,35.916,27841682.700684
2021-07-06,36.88,18823494.35656
2021-07-07,36.998,17380079.956434
2021-07-08,34.018,25365131.479522
2021-07-09,34.674,19073059.080264
2021-07-10,34.062,13463045.931593997
2021-07-11,34.203,9209306.225223001
2021-07-12,33.747,17777268.687864
2021-07-13,33.463,16480283.755508002
2021-07-14,32.839,17637074.23012
2021-07-15,31.406,13484691.082696
2021-07-16,29.665,15969175.792555
2021-07-17,29.589,11719041.679694999
2021-07-18,29.733,12160812.669291
2021-07-19,27.702,11988244.331316002
2021-07-20,25.845,19630086.009135
2021-07-21,27.907,23752529.784456
2021-07-22,28.93,17146281.92816
2021-07-23,29.568,16047208.472064001
2021-07-24,30.712,22255531.511136
2021-07-25,30.759,13980093.242127
2021-07-26,32.451,54563968.1064
2021-07-27,34.072,25468464.697184004
2021-07-28,34.555,25548512.338165
2021-07-29,35.231,15798124.965567
2021-07-30,41.66,94468598.73042
2021-07-31,45.81,154564773.36201
2021-08-01,42.102,58671416.486484
2021-08-02,43.389,59063686.49299501
2021-08-03,41.473,24252174.131343
2021-08-04,43.64,30508087.90336
2021-08-05,43.891,30036812.477540996
2021-08-06,44.473,38052884.702261
2021-08-07,46.954,60165506.940258004
2021-08-08,45.051,41266695.952305004
2021-08-09,46.501,30578488.89277
2021-08-10,46.681,47537637.42928
2021-08-11,48.741,56467987.350852
2021-08-12,48.611,57089064.6493
2021-08-13,55.424,61096631.15840001
2021-08-14,55.809,64920774.08618099
2021-08-15,58.913,67983514.182193
2021-08-16,56.34,71417478.84822
2021-08-17,51.863,53512615.672614
2021-08-18,51.556,53145747.098376
2021-08-19,54.334,45233039.78648
2021-08-20,56.542,45558796.450388
2021-08-21,55.368,38381122.681704
2021-08-22,55.495,39062904.63933
2021-08-23,60.763,133737190.05435699
2021-08-24,55.528,92748778.49908
2021-08-25,56.304,69511614.9624
2021-08-26,51.39,45655725.37392
2021-08-27,55.52,49336847.58512001
2021-08-28,54.51,24865317.304050002
2021-08-29,54.45,31732606.0062
2021-08-30,51.58,29957055.355999995
2021-08-31,52.09,39517977.9663
2021-09-01,55.19,56074976.06519999
2021-09-02,55.41,42833675.415
2021-09-03,57.27,63282908.391030006
2021-09-04,57.95,48557611.193
2021-09-05,65.78,132560334.48372
2021-09-06,63.62,101071659.30538
2021-09-07,49.84,127418224.33088002
2021-09-08,49.14,66851085.482999995
2021-09-09,50.62,42779145.750599995
2021-09-10,48.09,50390561.640300006
2021-09-11,49.03,20112859.5911
2021-09-12,51.56,31138238.944000002
2021-09-13,48.43,47416021.089999996
2021-09-14,51.83,48141779.2732
2021-09-15,52.79,25532510.1173
2021-09-16,50.62,30437105.4192
2021-09-17,48.77,23092770.084300004
2021-09-18,49.65,22432288.053
2021-09-19,48.16,17975099.2176
2021-09-20,41.57,37156930.96164
2021-09-21,37.49,31684548.620810002
2021-09-22,42.93,28228875.2163
2021-09-23,43.9,21758495.908
2021-09-24,39.74,29889686.3374
2021-09-25,39.01,16726736.667399999
2021-09-26,38.72,24436345.5248
2021-09-27,37.45,14352184.455000002
2021-09-28,35.93,13589525.8018
2021-09-29,37.08,19904328.676439997
2021-09-30,39.25,17478692.25
2021-10-01,42.37,25970973.6842
2021-10-02,42.33,19035865.7649
2021-10-03,44.47,34048607.1427
2021-10-04,43.01,21094728.9003
2021-10-05,46.81,53185477.998600006
2021-10-06,46.32,40507846.9968
2021-10-07,46.08,25573521.2544
2021-10-08,46.82,23347093.5844
2021-10-09,48.74,33859450.3842
2021-10-10,45.31,17452393.8843
2021-10-11,45.12,17233307.4144
2021-10-12,44.28,19143566.2008
2021-10-13,44.83,16760520.372
2021-10-14,44.91,15006303.297899999
2021-10-15,44.73,20912211.1989
2021-10-16,44.49,12527354.9463
2021-10-17,43.26,13869905.2632
2021-10-18,42.94,11912356.831
2021-10-19,42.91,11115694.755199999
2021-10-20,45.51,24645574.1445
2021-10-21,45.01,24819308.8766
2021-10-22,44.4,16685542.2
2021-10-23,44.74,10959221.379600001
2021-10-24,43.79,13119142.438000001
2021-10-25,44.55,13403611.485
2021-10-26,44.37,18468912.2238
2021-10-27,39.23,37420557.0492
2021-10-28,41.33,19678736.0105
2021-10-29,43.28,14197840.8344
2021-10-30,42.57,14876788.905
2021-10-31,44.67,40783527.746400006
2021-11-01,45.18,41327932.4172
2021-11-02,46.39,21746385.0368
2021-11-03,46.99,31277300.539
2021-11-04,46.4,23116223.408
2021-11-05,45.17,14388350.6192
2021-11-06,45.0,17223456.599999998
2021-11-07,46.33,15546369.245699998
2021-11-08,50.59,54618250.5037
2021-11-09,52.54,70015413.464
2021-11-10,48.22,55795819.125599995
2021-11-11,48.52,28572602.189600002
2021-11-12,47.31,23849339.5449
2021-11-13,49.05,20023399.952999998
2021-11-14,48.48,13160400.676799998
2021-11-15,47.07,18034055.7183
2021-11-16,42.83,36980958.7404
2021-11-17,43.28,17784207.7384
2021-11-18,39.84,21296421.8016
2021-11-19,41.51,13061649.0921
2021-11-20,42.08,13194516.432
2021-11-21,41.57,12714236.0468
2021-11-22,40.23,16577199.5472
2021-11-23,40.28,14051966.002000002
2021-11-24,39.15,13931167.319999998
2021-11-25,41.14,16903224.712
2021-11-26,37.14,26100289.873800002
2021-11-27,37.53,10511033.4801
2021-11-28,38.04,13500653.5308
2021-11-29,38.39,11277419.526999999
2021-11-30,37.5,15856275.75
2021-12-01,37.36,13736095.16
2021-12-02,36.53,11252637.2725
2021-12-03,35.04,22640540.020320002
2021-12-04,29.63,54145278.70382
2021-12-05,28.22,22641023.3952
2021-12-06,29.37,25755517.5108
2021-12-07,29.67,13405429.378800001
2021-12-08,31.14,23720496.408
2021-12-09,27.95,13874139.9095
2021-12-10,26.76,13775009.176800001
2021-12-11,28.03,9721696.1949
2021-12-12,28.13,7034679.2310999995
2021-12-13,25.32,11899532.5368
2021-12-14,26.34,11641618.3392
2021-12-15,27.14,12369489.24
2021-12-16,26.43,15226804.818899998
2021-12-17,25.4,11996142.632
2021-12-18,25.86,6262792.902
2021-12-19,25.31,5806415.188999999
2021-12-20,25.65,12296364.272999998
2021-12-21,26.38,8494164.5242
2021-12-22,27.3,10465843.752
2021-12-23,29.69,16026556.006700002
2021-12-24,28.95,10213292.2125
2021-12-25,29.45,8156535.023
2021-12-26,29.52,7347533.3136
2021-12-27,29.58,9263816.1846
2021-12-28,27.0,12311740.8
2021-12-29,26.06,8207172.222
2021-12-30,26.14,8734573.5646
2021-12-31,25.69,8148377.064100001
2022-01-01,26.38,5594618.4314
2022-01-02,27.01,8163803.8316
2022-01-03,26.63,8523271.5651
2022-01-04,26.03,10663651.2722
2022-01-05,24.44,13897649.584
2022-01-06,24.75,9945009.855
2022-01-07,23.65,12650583.352549998
2022-01-08,23.07,10343051.63028
2022-01-09,23.66,5956755.4046
2022-01-10,22.68,10620335.99844
2022-01-11,23.82,6714039.3066
2022-01-12,24.76,7290261.6056
2022-01-13,23.53,5740209.6193
2022-01-14,24.86,8424659.223199999
2022-01-15,25.32,9165537.425999999
2022-01-16,25.16,4541729.4724
2022-01-17,23.95,5965738.3115
2022-01-18,25.42,20826587.189200003
2022-01-19,23.83,14472775.654099999
2022-01-20,22.71,7318423.994700001
2022-01-21,19.56,15553160.36688
2022-01-22,17.84,21017080.982160002
2022-01-23,18.61,8455025.6561
2022-01-24,18.11,15229482.2575
2022-01-25,18.24,7615313.0879999995
2022-01-26,18.14,11241628.6488
2022-01-27,18.08,7511290.0768
2022-01-28,19.04,5628052.0688
2022-01-29,19.33,5442457.956699999
2022-01-30,19.57,4783373.9617
2022-01-31,19.71,5690988.5309999995
2022-02-01,19.88,4857221.3564
2022-02-02,20.12,13852991.8176
2022-02-03,20.21,6287092.1178
2022-02-04,22.41,17724826.9062
2022-02-05,22.1,9909370.601
2022-02-06,22.55,4954642.4785
2022-02-07,23.74,9892208.4926
2022-02-08,23.02,11821068.3392
2022-02-09,24.02,8768474.0976
2022-02-10,23.78,22744698.2252
2022-02-11,22.21,13573482.0322
2022-02-12,21.52,10467383.0912
2022-02-13,21.74,6737977.117
2022-02-14,21.29,7008136.6016
2022-02-15,22.66,6434576.2008
2022-02-16,25.69,49926839.2413
2022-02-17,23.65,25250350.092
2022-02-18,26.19,79635062.4444
2022-02-19,24.98,40172455.304800004
2022-02-20,23.06,28820514.83
2022-02-21,20.15,29396037.664499998
2022-02-22,20.59,22342611.122700002
2022-02-23,19.5,16073149.95
2022-02-24,21.31,38536349.3568
2022-02-25,21.52,25231797.1456
2022-02-26,20.98,11611084.133
2022-02-27,19.9,11737785.353999998
2022-02-28,23.07,23045128.4637
2022-03-01,24.21,32672456.124300003
2022-03-02,23.95,15671693.756499998
2022-03-03,23.62,20268194.452
2022-03-04,21.52,10465195.368
2022-03-05,21.75,6044370.4575000005
2022-03-06,20.48,5725276.7744
2022-03-07,20.3,8103057.620000001
2022-03-08,20.51,6505683.6019
2022-03-09,21.27,9605710.4553
2022-03-10,20.68,11706688.8796
2022-03-11,20.04,10415229.0804
2022-03-12,20.03,4175442.5832
2022-03-13,19.03,5472310.949600001
2022-03-14,19.59,5618919.1851
2022-03-15,19.48,5370392.694800001
2022-03-16,20.63,9603466.3488
2022-03-17,20.67,6727972.7619
2022-03-18,21.06,5160922.533
2022-03-19,22.04,6412784.186799999
2022-03-20,22.7,24573801.464
2022-03-21,22.59,13051532.211299999
2022-03-22,23.87,15990160.9175
2022-03-23,24.34,20810801.9846
2022-03-24,24.4,12489240.283999998
2022-03-25,24.16,13878408.550399998
2022-03-26,24.73,7865879.7555
2022-03-27,26.05,21310067.8215
2022-03-28,25.33,17890667.654999997
2022-03-29,26.84,42651820.8336
2022-03-30,28.36,37085402.655200005
2022-03-31,26.9,27003527.071
2022-04-01,28.03,16407062.821400002
2022-04-02,27.53,13491492.753600001
2022-04-03,28.0,9784458.6
2022-04-04,27.18,10687358.106
2022-04-05,25.76,8610794.4272
2022-04-06,22.46,17087333.9668
2022-04-07,23.27,9773323.6744
2022-04-08,21.85,8554932.248000002
2022-04-09,22.54,4765835.06
2022-04-10,21.58,4483955.197799999
2022-04-11,19.69,12022771.494800001
2022-04-12,20.39,7079579.0721
2022-04-13,21.26,7144411.094400001
2022-04-14,20.6,6065534.658
2022-04-15,21.09,4880095.0311
2022-04-16,21.57,6448707.405
2022-04-17,20.5,5967657.42
2022-04-18,21.3,8830182.954
2022-04-19,22.1,4983125.68
2022-04-20,21.51,6799776.476400001
2022-04-21,20.82,8859301.207799999
2022-04-22,21.1,6709072.050000001
2022-04-23,20.92,3610511.0444000005
2022-04-24,20.2,3501329.226
2022-04-25,20.03,8047168.8743
2022-04-26,18.59,7332305.1659
2022-04-27,19.03,4661170.7109
2022-04-28,18.83,4790568.921599999
2022-04-29,17.94,6086579.6862
2022-04-30,16.75,7942929.395
2022-05-01,17.66,6463322.8262
2022-05-02,17.58,5442260.1137999995
2022-05-03,17.58,5238002.1372
2022-05-04,19.37,9546855.8718
2022-05-05,17.19,10092205.509300001
2022-05-06,16.92,6892507.342800001
2022-05-07,16.29,4408133.24673
2022-05-08,15.92,7121346.0216
2022-05-09,13.3,12200873.3833
2022-05-10,13.82,13429117.56614
2022-05-11,10.56,24107555.831040002
2022-05-12,9.8,28784441.7238
2022-05-13,10.23,10619722.6938
2022-05-14,10.68,6678585.0624
2022-05-15,11.03,5069197.622199999
2022-05-16,10.26,5801665.5648
2022-05-17,10.99,6731039.2555
2022-05-18,9.89,6524129.377000001
2022-05-19,10.51,6981486.6334999995
2022-05-20,10.13,4723249.8628
2022-05-21,10.37,3209348.9762999997
2022-05-22,10.87,3560866.7768
2022-05-23,11.38,26597212.413200002
2022-05-24,11.27,9899642.6074
2022-05-25,11.66,11833187.729
2022-05-26,10.71,12944783.621700002
2022-05-27,10.29,14640981.308099998
2022-05-28,10.47,5184762.636600001
2022-05-29,10.64,3859613.9288
2022-05-30,11.78,8506482.7762
2022-05-31,11.57,6256672.3388
2022-06-01,11.14,13670433.8444
2022-06-02,11.4,5117517.228
2022-06-03,11.16,4286647.8467999995
2022-06-04,11.31,2262705.9702000003
2022-06-05,11.46,7284344.439000001
2022-06-06,12.15,16276614.943500001
2022-06-07,11.86,7331801.476399999
2022-06-08,12.01,12574146.5707
2022-06-09,12.04,4613271.0819999995
2022-06-10,11.41,5933363.7335
2022-06-11,10.94,7381115.711
2022-06-12,11.63,40864927.3864
2022-06-13,9.85,32955163.813500002
2022-06-14,9.7,13723550.397
2022-06-15,10.0,19953515.6
2022-06-16,8.84,7743820.0216
2022-06-17,9.05,3865976.6470000003
2022-06-18,8.52,7252992.078
2022-06-19,9.08,6244841.278
2022-06-20,9.15,5303628.682500001
2022-06-21,9.22,4993137.007800001
2022-06-22,8.88,4014971.4096000004
2022-06-23,9.31,3588274.165
2022-06-24,9.65,3966040.4725
2022-06-25,9.74,3434667.1402
2022-06-26,9.49,4005637.5164
2022-06-27,9.5,3558542.015
2022-06-28,8.93,3368718.3729999997
2022-06-29,8.63,4989388.415800001
2022-06-30,8.47,4022635.8403000003
2022-07-01,8.21,4689788.7764
2022-07-02,8.25,2365897.2975
2022-07-03,8.3,2660562.9250000003
2022-07-04,8.59,3143931.7536
2022-07-05,8.38,4050631.5496
2022-07-06,8.53,2407888.9175
2022-07-07,9.27,4821455.853
2022-07-08,9.13,3659107.2485
2022-07-09,9.37,2914236.4112
2022-07-10,9.26,2345458.918
2022-07-11,8.36,2627960.7331999997
2022-07-12,8.07,2535471.8202
2022-07-13,8.56,4414870.418400001
2022-07-14,8.71,5322659.660500001
2022-07-15,8.85,3479406.6164999995
2022-07-16,9.26,4287333.0518
2022-07-17,9.32,3747341.9824
2022-07-18,10.39,7587822.714500001
2022-07-19,10.5,6796067.984999999
2022-07-20,9.75,5819970.779999999
2022-07-21,9.87,4210362.563399999
2022-07-22,10.53,13680443.743199999
2022-07-23,10.05,8107835.7915
2022-07-24,10.26,6177999.0816
2022-07-25,9.22,6996783.797200001
2022-07-26,9.28,4765684.0512
2022-07-27,10.05,6129559.8225
2022-07-28,11.01,13504753.147499999
2022-07-29,11.3,13497130.642
2022-07-30,11.35,10557090.248499999
2022-07-31,10.98,5867880.872400001
2022-08-01,11.16,8226231.0768
2022-08-02,10.96,6565758.976
2022-08-03,10.73,4045175.2348
2022-08-04,10.81,3874613.5984000005
2022-08-05,11.81,8654947.871
2022-08-06,11.43,2866747.0985999997
2022-08-07,11.46,2408050.836
2022-08-08,11.67,4685822.3073
2022-08-09,11.01,4282412.0559
2022-08-10,11.69,5170223.156699999
2022-08-11,11.72,7737821.529600001
2022-08-12,12.03,3637864.9022999997
2022-08-13,12.0,2895972.5999999996
2022-08-14,11.5,3745750.3299999996
2022-08-15,11.28,5015740.7736
2022-08-16,11.16,2949470.3736
2022-08-17,10.96,6561720.8736000005
2022-08-18,10.44,3402413.0172
2022-08-19,9.54,6690360.214799999
2022-08-20,9.57,3228213.0738000004
2022-08-21,9.89,1710794.2547000002
2022-08-22,9.68,2759204.0431999997
2022-08-23,9.95,3110877.1514999997
2022-08-24,9.93,4331299.176
2022-08-25,9.99,2691088.5176999997
2022-08-26,9.0,4705998.390000001
2022-08-27,9.13,2935157.8674
2022-08-28,8.88,1971141.8184000002
2022-08-29,9.39,2448681.2877
2022-08-30,9.07,3289152.9630000005
2022-08-31,9.03,2373242.2959000003
2022-09-01,9.15,4029594.12
2022-09-02,9.04,3184615.3584
2022-09-03,9.16,1311565.8064000001
2022-09-04,9.5,2338892.21
2022-09-05,9.36,2118448.9872
2022-09-06,8.54,4708648.56
2022-09-07,8.88,3706014.72
2022-09-08,9.44,5051480.313599999
2022-09-09,9.87,5324316.5241
2022-09-10,9.89,4420517.6738
2022-09-11,9.81,2734177.3748999997
2022-09-12,9.91,6576486.9839
2022-09-13,8.91,6353089.2809999995
2022-09-14,9.1,2424482.424
2022-09-15,9.13,6745282.6199
2022-09-16,8.99,4611227.0352
2022-09-17,9.08,2261509.0195999998
2022-09-18,8.24,3177813.7624000004
2022-09-19,8.38,4268452.470600001
2022-09-20,8.34,3721394.8194
2022-09-21,8.04,4891509.709199999
2022-09-22,8.44,2850313.4184
2022-09-23,8.57,3249544.8332
2022-09-24,8.41,1802093.8749000002
2022-09-25,8.28,1719130.9427999998
2022-09-26,8.4,2463101.844
2022-09-27,8.87,11516311.7235
2022-09-28,8.62,4082766.9731999994
2022-09-29,8.78,2387623.542
2022-09-30,8.84,3169442.8584000003
2022-10-01,8.77,1147687.3654999998
2022-10-02,8.51,1641288.9792000002
2022-10-03,8.73,2145492.8316
2022-10-04,8.92,2688095.2523999996
2022-10-05,8.74,1488852.2702000001
2022-10-06,8.56,1907909.7240000002
2022-10-07,8.5,1569019.08
2022-10-08,8.5,3056587.08
2022-10-09,8.53,712196.6548
2022-10-10,8.18,1342752.3988
2022-10-11,8.03,1545422.0814999999
2022-10-12,8.02,848710.8859999999
2022-10-13,7.89,3705472.2239999995
2022-10-14,7.74,1401043.3290000001
2022-10-15,7.72,768827.6976
2022-10-16,7.88,947633.5128
2022-10-17,8.04,997506.7199999999
2022-10-18,7.9,1557880.7110000001
2022-10-19,7.69,1278165.5891000002
2022-10-20,7.76,1494772.8712
2022-10-21,7.85,1136800.419
2022-10-22,8.02,786165.2318
2022-10-23,8.54,9036249.6644
2022-10-24,8.21,3191677.7290000007
2022-10-25,8.51,3004859.3846
2022-10-26,8.58,2959581.1674
2022-10-27,8.43,3411147.4869
2022-10-28,8.63,2333361.4496
2022-10-29,8.82,4383924.552
2022-10-30,8.59,2169340.934
2022-10-31,8.51,4498022.8783
2022-11-01,8.43,1576610.8868999998
2022-11-02,8.2,3384237.006
2022-11-03,8.36,2191950.4508
2022-11-04,8.98,3736814.174
2022-11-05,9.04,3112954.736
2022-11-06,8.55,2822373.5535
2022-11-07,8.64,2310848.6976000005
2022-11-08,7.42,9133638.033240002
2022-11-09,6.19,7863259.0607199995
2022-11-10,7.15,6466468.2225
2022-11-11,6.82,5744772.849200001
2022-11-12,6.57,1480921.6248
2022-11-13,6.65,13282096.737000002
2022-11-14,6.74,8607827.8246
2022-11-15,6.8,3678243.6240000003
2022-11-16,6.64,2131742.7176
2022-11-17,6.58,1736855.6814000001
2022-11-18,6.64,1250197.6591999999
2022-11-19,6.79,1011112.1405000001
2022-11-20,6.47,2126290.7068
2022-11-21,6.43,4892912.293699999
2022-11-22,6.66,2242128.96
2022-11-23,6.99,2849230.5975
2022-11-24,6.86,3286562.8880000003
2022-11-25,6.87,1836924.7137000002
2022-11-26,6.99,2710374.597
2022-11-27,6.84,952644.1464
2022-11-28,6.61,3219964.5313000004
2022-11-29,6.68,5091012.7688
2022-11-30,7.0,1953126.2799999998
2022-12-01,6.79,1273176.8077
2022-12-02,7.0,2422046.1999999997
2022-12-03,6.81,3809783.1311999997
2022-12-04,6.9,3539090.868
2022-12-05,6.94,1538200.6156000001
2022-12-06,7.14,3550186.9283999996
2022-12-07,6.85,2811802.5905
2022-12-08,7.08,2298068.3136
2022-12-09,7.04,1937915.1615999998
2022-12-10,7.16,3734220.3140000002
2022-12-11,7.23,2553976.7499
2022-12-12,7.46,5324869.0732
2022-12-13,7.3,5264600.641
2022-12-14,7.18,2818805.0313999997
2022-12-15,7.29,2996983.0790999997
2022-12-16,6.72,5709981.0432
2022-12-17,6.69,2716728.0510000004
2022-12-18,6.73,1312552.7749
2022-12-19,6.3,1910387.8079999997
2022-12-20,6.55,1097038.7364999999
2022-12-21,6.46,728831.2827999999
2022-12-22,6.45,959761.9995
2022-12-23,6.42,773767.1616
2022-12-24,6.39,345500.0154
2022-12-25,6.26,811622.2712
2022-12-26,6.25,849530.5625000001
2022-12-27,6.2,1029983.494
2022-12-28,6.06,1886321.1065999998
2022-12-29,6.17,1364176.3258999998
2022-12-30,6.09,1403284.7178
2022-12-31,6.14,501192.1132
2023-01-01,6.4,2689709.7600000002
2023-01-02,6.53,1415654.5679
2023-01-03,6.43,1890405.9826
2023-01-04,6.59,2060193.4780000001
2023-01-05,6.52,1832440.2624
2023-01-06,6.56,1504208.9184
2023-01-07,6.56,612427.8896
2023-01-08,6.74,1086632.8425999999
2023-01-09,6.83,3834347.2471999996
2023-01-10,6.88,2081845.8944
2023-01-11,7.03,1649021.8275000001
2023-01-12,7.18,3601395.5933999997
2023-01-13,7.47,2667055.6332
2023-01-14,7.68,5198199.552
2023-01-15,7.74,2899236.6612
2023-01-16,7.6,3141797.6679999996
2023-01-17,7.6,2394106.932
2023-01-18,7.18,4224833.9882
2023-01-19,7.47,1764788.9193
2023-01-20,7.94,1933229.3738
2023-01-21,7.85,3319861.1624999996
2023-01-22,8.0,2889183.76
2023-01-23,8.09,2886898.2975
2023-01-24,7.76,4034030.0248
2023-01-25,8.01,3147113.781
2023-01-26,8.22,4682365.4226
2023-01-27,8.28,3651542.5967999995
2023-01-28,8.25,2011679.7525
2023-01-29,8.4,2196727.596
2023-01-30,8.06,6726039.6138
2023-01-31,8.18,2580806.5236
2023-02-01,8.43,3668121.1158
2023-02-02,8.85,12676002.529499998
2023-02-03,8.93,5519481.815099999
2023-02-04,8.85,3181426.32
2023-02-05,8.86,9211787.628999999
2023-02-06,8.69,3710782.5963999997
2023-02-07,9.12,4260073.5696
2023-02-08,9.18,6967420.8858
2023-02-09,8.93,31504962.576899998
2023-02-10,9.03,21599394.4656
2023-02-11,8.92,4646261.9988
2023-02-12,8.6,5217866.562
2023-02-13,8.4,4933910.352000001
2023-02-14,8.69,4160972.5652
2023-02-15,9.28,3273197.5199999996
2023-02-16,8.82,5891325.7032
2023-02-17,9.57,7877261.9409
2023-02-18,9.73,7216202.541800001
2023-02-19,10.42,20738282.7734
2023-02-20,14.67,105752404.0161
2023-02-21,13.4,56432988.067999996
2023-02-22,13.52,38380506.642400004
2023-02-23,12.79,13879209.317899998
2023-02-24,11.64,16092787.9488
2023-02-25,11.38,11811700.527600002
2023-02-26,12.45,20852287.373999998
2023-02-27,13.22,34346858.4684
2023-02-28,11.98,11877746.3872
2023-03-01,12.76,15454887.118
2023-03-02,12.34,8816496.372399999
2023-03-03,11.67,9729172.5696
2023-03-04,11.98,18061146.236
2023-03-05,12.06,10316986.169400001
2023-03-06,11.79,6108131.6027999995
2023-03-07,11.56,10868813.3812
2023-03-08,10.51,7346237.76
2023-03-09,9.89,8805321.964200001
2023-03-10,9.81,9470725.7607
2023-03-11,9.53,5847520.991099999
2023-03-12,10.31,8037771.470600001
2023-03-13,11.07,17248701.902400002
2023-03-14,11.52,12958484.313599998
2023-03-15,10.43,10868795.8365
2023-03-16,10.86,7740433.9404
2023-03-17,12.6,21976439.939999998
2023-03-18,11.83,15017704.4654
2023-03-19,13.33,28958936.7221
2023-03-20,12.24,17277083.136
2023-03-21,12.44,9963950.2372
2023-03-22,11.62,8499438.3096
2023-03-23,12.57,10117675.2078
2023-03-24,12.38,14961277.044000002
2023-03-25,12.04,5609756.7456
2023-03-26,12.31,4397716.8481
2023-03-27,12.58,16372070.541
2023-03-28,12.72,10172566.6176
2023-03-29,13.22,9543873.750200002
2023-03-30,12.51,6759032.7789
2023-03-31,12.61,8271839.453799999
2023-04-01,12.46,4485826.6474
2023-04-02,12.11,4107660.2902999995
2023-04-03,11.98,6210392.5858000005
2023-04-04,12.02,3227437.6726
2023-04-05,12.03,4939054.9653
2023-04-06,12.4,20573730.816000003
2023-04-07,12.15,5112470.5605
2023-04-08,12.28,5974450.1272
2023-04-09,12.21,4071003.4992000004
2023-04-10,12.44,4851991.486799999
2023-04-11,12.51,6921752.850899999
2023-04-12,12.19,4734073.4147
2023-04-13,12.46,3546313.8648
2023-04-14,12.97,8227852.0508
2023-04-15,12.96,4582105.329600001
2023-04-16,13.58,22749732.719
2023-04-17,12.92,9223656.6052
2023-04-18,13.04,5735557.936
2023-04-19,11.82,9696535.3452
2023-04-20,11.73,5810689.1616
2023-04-21,11.02,4442465.3806
2023-04-22,11.41,2363399.5105
2023-04-23,11.28,1835495.8128
2023-04-24,10.82,14257610.1898
2023-04-25,10.93,4043937.9080999997
2023-04-26,10.74,7154544.6528
2023-04-27,10.87,6412526.382099999
2023-04-28,10.82,3694283.6364
2023-04-29,10.89,1925785.8576
2023-04-30,10.6,5925005.362
2023-05-01,10.29,3894645.3272999995
2023-05-02,10.3,8092421.291
2023-05-03,10.31,7388150.020900001
2023-05-04,10.07,2601660.4278
2023-05-05,10.45,5119105.97
2023-05-06,10.01,3669965.1989
2023-05-07,9.88,2266752.592
2023-05-08,9.13,5966009.3647
2023-05-09,9.26,5391158.3878
2023-05-10,9.64,12006927.4196
2023-05-11,9.15,5069178.5985
2023-05-12,9.17,4774358.0241
2023-05-13,9.06,1598213.0826
2023-05-14,9.09,1571174.7759
2023-05-15,9.31,4160981.7942000004
2023-05-16,9.33,2149530.7695
2023-05-17,9.54,2852205.9497999996
2023-05-18,9.44,1741635.0655999999
2023-05-19,9.48,1618103.5644
2023-05-20,9.42,667647.3041999999
2023-05-21,9.11,1790079.3798999998
2023-05-22,9.86,14095603.485399999
2023-05-23,10.18,12675153.8336
2023-05-24,10.57,15255880.455900002
2023-05-25,9.89,11011406.5288
2023-05-26,9.75,3825744.6825
2023-05-27,10.65,8138822.016000001
2023-05-28,10.87,12505496.830299998
2023-05-29,10.81,9650836.4573
2023-05-30,10.71,7902138.7368
2023-05-31,10.49,5164834.371
2023-06-01,10.11,4062408.6924
2023-06-02,10.26,4468421.5542
2023-06-03,10.52,5884955.5384
2023-06-04,10.37,2407561.8348
2023-06-05,9.28,7139545.2639999995
2023-06-06,9.69,4989084.9705
2023-06-07,8.96,3741008.8576
2023-06-08,9.03,2358695.9592
2023-06-09,8.99,1900791.9297
2023-06-10,7.67,9538488.239799999
2023-06-11,7.77,1855567.9190999998
2023-06-12,7.8,2192000.772
2023-06-13,7.87,2706464.5106
2023-06-14,7.48,2641306.8572000004
2023-06-15,7.91,5398395.601199999
2023-06-16,7.84,2699610.4688
2023-06-17,7.82,2903266.9632
2023-06-18,7.69,1557244.3019
2023-06-19,7.77,1476509.8677
2023-06-20,8.11,2895822.4532
2023-06-21,8.94,12437980.62
2023-06-22,8.56,7140538.3424
2023-06-23,9.16,8465010.4648
2023-06-24,9.16,5531738.198000001
2023-06-25,9.12,4054236.264
2023-06-26,8.88,4833321.040800001
2023-06-27,9.1,3918925.5559999994
2023-06-28,8.42,4588202.6556
2023-06-29,8.7,3966076.83
2023-06-30,9.57,15809571.4788
2023-07-01,9.9,31857932.799
2023-07-02,9.63,8975681.2719
2023-07-03,9.44,6609693.3472
2023-07-04,9.3,8991701.187
2023-07-05,9.11,5127796.715999999
2023-07-06,8.95,7849148.7469999995
2023-07-07,9.07,3600475.4524000003
2023-07-08,8.96,3466207.4496000004
2023-07-09,8.94,2287206.471
2023-07-10,8.96,4014181.8752
2023-07-11,9.15,5544294.2700000005
2023-07-12,9.1,3796118.7809999995
2023-07-13,9.61,6029490.5357
2023-07-14,9.25,7043323.4225
2023-07-15,9.33,2088647.2947
2023-07-16,9.09,2004676.785
2023-07-17,9.11,3071783.0443999995
2023-07-18,8.96,2187295.936
2023-07-19,8.93,1887916.3932999999
2023-07-20,9.11,2979133.7066999995
2023-07-21,9.19,1311275.3338
2023-07-22,9.15,5145926.9685
2023-07-23,9.09,1418872.4622
2023-07-24,8.69,3082866.3987
2023-07-25,8.65,1236483.592
2023-07-26,8.75,2233852.5124999997
2023-07-27,8.75,1374317.2625
2023-07-28,8.77,1052917.9562
2023-07-29,8.84,1795660.6252
2023-07-30,8.86,3740308.6277999994
2023-07-31,8.71,1291349.6518
2023-08-01,8.88,2753784.5256000003
2023-08-02,8.61,2473157.4945
2023-08-03,8.48,1414603.072
2023-08-04,8.4,987120.3720000001
2023-08-05,8.44,1021338.4103999999
2023-08-06,8.49,1348061.3025
2023-08-07,8.42,2065671.9482
2023-08-08,8.55,1611223.389
2023-08-09,8.49,1630836.459
2023-08-10,8.49,1157257.3821
2023-08-11,8.48,1067013.2992
2023-08-12,8.5,927527.735
2023-08-13,8.47,1184579.0495000002
2023-08-14,8.53,1227489.178
2023-08-15,8.06,2718030.7596
2023-08-16,7.7,3558943.08
2023-08-17,6.92,5047952.1912
2023-08-18,7.0,3560860.52
2023-08-19,7.17,1437921.0579
2023-08-20,7.2,771004.08
2023-08-21,7.1,1323426.297
2023-08-22,7.06,1629501.9384
2023-08-23,7.25,1856763.715
2023-08-24,7.13,1906584.3169
2023-08-25,7.19,1788284.2175
2023-08-26,7.2,645802.488
2023-08-27,7.24,1407306.132
2023-08-28,7.23,1244329.272
2023-08-29,7.48,2301028.1184
2023-08-30,7.38,1163767.698
2023-08-31,7.07,1953686.8239000002
2023-09-01,6.94,1382442.7256
2023-09-02,6.98,1052572.134
2023-09-03,7.0,924913.01
2023-09-04,7.09,2357930.6588
2023-09-05,7.52,16160492.934400002
2023-09-06,7.43,4940296.903
2023-09-07,7.47,1929304.4642999999
2023-09-08,7.38,3178794.9276
2023-09-09,7.29,1603465.5348
2023-09-10,7.13,2630480.5255
2023-09-11,6.93,2438478.2961
2023-09-12,7.04,1754094.3552
2023-09-13,7.28,1711529.5288
2023-09-14,7.3,1534352.8360000001
2023-09-15,7.39,1309526.5489
2023-09-16,7.29,1916005.1121
2023-09-17,7.16,1711970.5348
2023-09-18,7.35,2292194.667
2023-09-19,7.7,2636339.629
2023-09-20,7.53,3015146.034
2023-09-21,7.36,2655770.1824000003
2023-09-22,7.57,4986519.484
2023-09-23,7.43,3590182.8356
2023-09-24,7.25,1074312.105
2023-09-25,7.27,1779267.2880999998
2023-09-26,7.19,1438448.5841
2023-09-27,7.19,1847005.5227
2023-09-28,7.33,1481989.8819
2023-09-29,7.33,1489939.4867999998
2023-09-30,7.34,2155071.1962
2023-10-01,7.6,2022708.0799999998
2023-10-02,7.35,4066365.3765
2023-10-03,7.18,5566697.0082
2023-10-04,7.14,3070367.1473999997
2023-10-05,7.04,1218803.3792
2023-10-06,7.14,938269.0422
2023-10-07,7.2,768605.04
2023-10-08,7.17,683834.6630999999
2023-10-09,6.87,1932686.1246000002
2023-10-10,6.78,937371.6798
2023-10-11,6.71,1012044.0033000001
2023-10-12,6.75,810754.4475
2023-10-13,6.8,719441.4280000001
2023-10-14,6.88,486788.89599999995
2023-10-15,6.88,970081.1696
2023-10-16,7.06,1808070.0947999998
2023-10-17,6.9,2230497.795
2023-10-18,6.72,1509581.472
2023-10-19,6.61,2575824.5922000003
2023-10-20,6.8,1367761.452
2023-10-21,7.02,1824296.4557999999
2023-10-22,7.2,1532435.256
2023-10-23,7.7,12980535.106
2023-10-24,7.79,8987274.857800001
2023-10-25,7.77,4205469.6096
2023-10-26,8.31,8265707.783100001
2023-10-27,8.79,29543906.736599997
2023-10-28,9.34,16611506.159
2023-10-29,9.13,6369830.4516
2023-10-30,9.04,11927971.193599999
2023-10-31,9.56,10082664.798
2023-11-01,10.2,13743682.47
2023-11-02,9.57,11445360.4551
2023-11-03,10.03,13202819.087299999
2023-11-04,11.35,34979095.2235
2023-11-05,13.18,95731295.021
2023-11-06,13.13,45275383.1907
2023-11-07,12.57,21014399.042999998
2023-11-08,13.15,20676548.202000003
2023-11-09,12.78,98898939.5526
2023-11-10,13.69,70427444.1098
2023-11-11,12.86,29341404.549200002
2023-11-12,12.53,17656055.0768
2023-11-13,11.61,13234892.410799999
2023-11-14,11.45,14195543.975
2023-11-15,12.05,14315975.990000002
2023-11-16,11.43,11158822.564199999
2023-11-17,11.14,11867297.0686
2023-11-18,11.06,5451008.374000001
2023-11-19,11.31,5270901.2031000005
2023-11-20,11.03,7000552.7179000005
2023-11-21,10.08,12986178.508800002
2023-11-22,10.68,8405639.2116
2023-11-23,10.98,13245849.7092
2023-11-24,11.03,7353057.840699999
2023-11-25,11.3,4787205.45
2023-11-26,10.88,6266391.8144000005
2023-11-27,10.74,6173093.703
2023-11-28,10.92,4408822.8911999995
2023-11-29,10.83,3964703.6906999997
2023-11-30,11.13,5470907.8704
2023-12-01,11.22,4971724.0452
2023-12-02,11.77,9581713.4787
2023-12-03,12.21,35589550.246800005
2023-12-04,12.09,16288253.3463
2023-12-05,12.2,11514859.346
2023-12-06,11.83,14140712.0218
2023-12-07,12.14,10443287.7418
2023-12-08,12.65,10956761.953499999
2023-12-09,12.76,16431348.9252
2023-12-10,12.99,9981486.123
2023-12-11,11.75,12961575.0475
2023-12-12,12.17,8172778.469099999
2023-12-13,12.83,24215835.955000002
2023-12-14,13.07,10829160.524400001
2023-12-15,12.99,16725026.390999999
2023-12-16,13.08,11104834.5876
2023-12-17,12.83,8670581.4858
2023-12-18,12.51,9955954.7721
2023-12-19,12.54,9689982.033599999
2023-12-20,13.42,16172056.7118
2023-12-21,14.54,34264607.769999996
2023-12-22,14.08,12729949.3376
2023-12-23,14.24,8120099.123200001
2023-12-24,13.65,9842699.685
2023-12-25,14.55,16543171.326000001
2023-12-26,13.76,17356979.996799998
2023-12-27,14.35,10005871.281
2023-12-28,13.64,9550998.4812
2023-12-29,13.84,8265631.9216
2023-12-30,13.47,6046963.7148
2023-12-31,13.95,13830692.345999999
2024-01-01,14.22,14811733.4472
2024-01-02,13.9,10580286.074000001
2024-01-03,12.42,13453577.7444
2024-01-04,12.87,11746756.0782
2024-01-05,12.3,7334345.598
2024-01-06,12.06,4366814.2038
2024-01-07,11.28,4561636.8504
2024-01-08,12.01,8671874.7852
2024-01-09,11.61,6326244.1854
2024-01-10,12.37,8882708.7286
2024-01-11,12.98,13374797.3436
2024-01-12,12.33,11118695.7447
2024-01-13,12.34,2871776.2761999997
2024-01-14,11.89,3456851.5156
2024-01-15,11.94,2743854.984
2024-01-16,12.15,3258868.869
2024-01-17,11.9,5622607.319
2024-01-18,11.53,7169527.872399999
2024-01-19,11.47,3887925.9119000006
2024-01-20,11.7,1815991.9829999998
2024-01-21,11.61,2786606.8902
2024-01-22,10.61,7031378.8823
2024-01-23,10.44,9427444.0272
2024-01-24,10.58,2217680.5712
2024-01-25,10.59,1929479.6793
2024-01-26,10.9,2268859.089
2024-01-27,11.01,1833176.7807
2024-01-28,10.81,1894629.8921
2024-01-29,11.25,3063547.6874999995
2024-01-30,11.13,3282558.6570000006
2024-01-31,10.82,28414892.145999998
2024-02-01,11.15,10228732.2535
2024-02-02,11.08,3244934.782
2024-02-03,11.2,4759790.0
2024-02-04,10.84,3758711.1388
2024-02-05,10.93,2574617.8988
2024-02-06,11.17,2087669.9841
2024-02-07,11.47,5200567.2788
2024-02-08,11.6,2391692.408
2024-02-09,11.84,4633203.936000001
2024-02-10,11.8,3045621.0640000002
2024-02-11,11.73,2023772.208
2024-02-12,12.13,4110338.3212
2024-02-13,11.91,5068756.653
2024-02-14,12.18,5392927.5162
2024-02-15,13.08,27938019.5976
2024-02-16,12.99,9157943.1153
2024-02-17,12.7,6740936.353
2024-02-18,12.9,6611816.826
2024-02-19,12.96,5666879.6208
2024-02-20,12.72,8050413.588
2024-02-21,12.35,4704667.1685
2024-02-22,12.5,4602379.875
2024-02-23,12.44,5366952.2532
2024-02-24,12.73,4294433.9296
2024-02-25,12.84,5522671.9776
2024-02-26,13.13,8041051.6225000005
2024-02-27,13.26,12440196.522
2024-02-28,13.38,28854060.8502
2024-02-29,14.24,36794069.568
2024-03-01,15.43,39720540.4816
2024-03-02,16.98,35168911.8156
2024-03-03,16.4,31926304.595999997
2024-03-04,18.09,66588668.9703
2024-03-05,16.35,48461883.796500005
2024-03-06,17.22,14725977.8064
2024-03-07,17.52,14591025.671999998
2024-03-08,17.28,11830376.6784
2024-03-09,17.34,8064208.893
2024-03-10,16.98,9451075.8108
2024-03-11,18.18,19084265.564400002
2024-03-12,17.77,17409302.0522
2024-03-13,18.13,15397498.251799999
2024-03-14,17.26,17045737.9846
2024-03-15,16.2,21216415.373999998
2024-03-16,14.87,8391504.2741
2024-03-17,15.46,7896372.171600001
2024-03-18,14.86,7411304.0396
2024-03-19,13.35,12164456.454
2024-03-20,14.75,9716359.835
2024-03-21,14.91,6877821.5247
2024-03-22,14.41,7540817.845
2024-03-23,14.61,4210419.5211
2024-03-24,15.18,6514188.846
2024-03-25,15.71,6578654.4035
2024-03-26,16.22,8939229.1714
2024-03-27,15.74,8655517.292000001
2024-03-28,16.25,5702455.2
2024-03-29,16.82,10997480.8156
2024-03-30,16.15,5104836.704
2024-03-31,16.54,5899177.7365999995
2024-04-01,15.6,8564024.819999998
2024-04-02,14.46,5926776.0156000005
2024-04-03,14.26,4949821.398
2024-04-04,14.93,3983580.0495
2024-04-05,15.25,6817629.01
2024-04-06,15.36,3936429.9263999998
2024-04-07,15.39,3943833.0894
2024-04-08,21.72,154115832.9624
2024-04-09,18.78,79763125.884
2024-04-10,21.78,67536616.455
2024-04-11,22.02,96694646.5638
2024-04-12,19.72,69115151.16919999
2024-04-13,16.88,56848414.203999996
2024-04-14,20.98,59423952.5688
2024-04-15,20.29,84578850.39119999
2024-04-16,19.33,43765101.90489999
2024-04-17,17.42,32879115.087000005
2024-04-18,18.5,34157376.21
2024-04-19,18.28,54045965.42480001
2024-04-20,18.96,14639938.593600001
2024-04-21,19.24,21645791.341199998
2024-04-22,19.81,19091085.9874
2024-04-23,18.77,18322208.6148
2024-04-24,18.18,18053067.058199998
2024-04-25,17.68,10250445.337599998
2024-04-26,18.31,19859886.3869
2024-04-27,17.78,10091904.530400002
2024-04-28,18.2,18570471.373999998
2024-04-29,19.17,14416468.584300002
2024-04-30,16.99,17625692.912899997
2024-05-01,16.23,18939696.0423
2024-05-02,15.93,8548622.4717
2024-05-03,16.56,7836624.7128
2024-05-04,16.67,5694726.550900001
2024-05-05,16.72,5219353.4887999995
2024-05-06,16.03,9017517.803
2024-05-07,15.63,5723630.6634
2024-05-08,15.23,5938480.5339
2024-05-09,15.5,4401629.705
2024-05-10,14.96,6862714.496
2024-05-11,15.24,3136247.8296000003
2024-05-12,15.25,3604534.835
2024-05-13,15.08,7275413.256800001
2024-05-14,14.39,5201891.6089
2024-05-15,15.4,6332873.47
2024-05-16,15.21,4869088.4736
2024-05-17,15.56,3066833.21
2024-05-18,15.5,2665196.1700000004
2024-05-19,14.78,3744682.5266
2024-05-20,16.34,10815484.399
2024-05-21,15.96,8249268.980400001
2024-05-22,15.63,4422945.9837
2024-05-23,15.15,9183535.6455
2024-05-24,15.24,6042996.1944
2024-05-25,15.55,3588281.6130000004
2024-05-26,15.35,2868537.3899999997
2024-05-27,15.88,3909240.5792
2024-05-28,15.3,4698696.555
2024-05-29,14.87,3752472.6043000002
2024-05-30,14.76,3740262.5232
2024-05-31,14.59,2100506.3969
2024-06-01,14.55,1597073.6205
2024-06-02,14.46,2783464.9752
2024-06-03,14.67,2645013.7629
2024-06-04,15.02,2351123.2568
2024-06-05,15.28,3076429.5128
2024-06-06,14.89,4206115.7347
2024-06-07,14.07,17901741.6312
2024-06-08,13.4,3739329.2279999997
2024-06-09,13.5,3946181.3549999995
2024-06-10,13.39,3116076.7469
2024-06-11,12.92,5133256.5696
2024-06-12,13.56,4605958.8288
2024-06-13,13.04,2883826.644
2024-06-14,12.44,3581557.7308
2024-06-15,12.67,1042682.5913
2024-06-16,12.75,1712645.1524999999
2024-06-17,11.77,10048150.1043
2024-06-18,10.98,7523773.1352
2024-06-19,11.27,2135893.3302
2024-06-20,11.28,3154692.9407999995
2024-06-21,11.35,2876753.6344999997
2024-06-22,11.32,1353431.8784
2024-06-23,10.93,1446883.2332
2024-06-24,11.12,3515250.7304
2024-06-25,11.49,1783533.2966999998
2024-06-26,11.34,1694998.7586
2024-06-27,11.62,1519899.3697999998
2024-06-28,11.4,2113809.318
2024-06-29,11.25,1218812.625
2024-06-30,11.61,1287597.6459
2024-07-01,11.41,1443895.1086000002
2024-07-02,11.54,2087979.3985999997
2024-07-03,11.02,1731469.6732
2024-07-04,9.7,3715781.037
2024-07-05,9.4,8336101.044000001
2024-07-06,10.04,1876510.7383999997
2024-07-07,9.27,1778133.1149
2024-07-08,9.6,2938174.272
2024-07-09,9.81,1703937.159
2024-07-10,9.86,1712559.0458
2024-07-11,9.73,2583378.4396
2024-07-12,10.0,1938992.8
2024-07-13,10.4,2536364.48
2024-07-14,10.77,5842374.436499999
2024-07-15,11.41,3548804.9485
2024-07-16,11.34,2245555.0782
2024-07-17,11.49,3586996.3431
2024-07-18,11.39,2865276.6008
2024-07-19,11.8,3161436.4120000005
2024-07-20,11.79,1510303.8339
2024-07-21,12.03,2991694.7454
2024-07-22,11.5,1736455.035
2024-07-23,11.37,1984984.2644999998
2024-07-24,11.44,2282436.8424
2024-07-25,11.08,3371282.3488
2024-07-26,11.66,1950477.2210000001
2024-07-27,11.75,2128108.535
2024-07-28,11.55,1717726.857
2024-07-29,11.54,2299179.5164
2024-07-30,11.38,1548215.2014000001
2024-07-31,10.97,1898131.9695000001
2024-08-01,10.66,2937462.138
2024-08-02,10.09,2211299.9822
2024-08-03,9.58,2172995.954
2024-08-04,9.15,2637386.85
2024-08-05,8.53,11030944.2229
2024-08-06,8.95,1806711.44
2024-08-07,8.84,1925045.4288
2024-08-08,9.71,2148045.7145000002
2024-08-09,9.64,1898036.2772000001
2024-08-10,9.87,1543657.4390999998
2024-08-11,9.34,2069621.3658
2024-08-12,9.57,4391650.7976
2024-08-13,9.8,1456991.97
2024-08-14,9.63,2361964.7376
2024-08-15,9.23,1994678.9629000002
2024-08-16,9.29,1199680.0359
2024-08-17,9.28,525739.9328
2024-08-18,9.2,967074.3759999999
2024-08-19,9.75,5041589.7675
2024-08-20,10.16,7325320.5792000005
2024-08-21,10.21,2776754.4820000003
2024-08-22,10.38,1746749.2026
2024-08-23,11.01,3799769.2182
2024-08-24,10.92,2152101.6972
2024-08-25,10.72,3517473.5216000006
2024-08-26,10.36,1782478.1968
2024-08-27,9.79,1944745.9064
2024-08-28,9.67,2161937.8555
2024-08-29,9.96,2556517.6608
2024-08-30,10.23,4844820.1758
2024-08-31,9.86,1779841.9109999998
2024-09-01,9.19,1955913.9492
2024-09-02,9.71,1906307.8849000002
2024-09-03,9.35,1841005.1825
2024-09-04,9.61,1919383.3891999999
2024-09-05,9.37,1530122.1243999999
2024-09-06,8.96,2279787.4176000003
2024-09-07,9.09,1045126.1133
2024-09-08,9.35,1092080.935
2024-09-09,9.49,2378334.2622
2024-09-10,9.62,2475769.53
2024-09-11,9.47,1732597.8656000001
2024-09-12,9.66,1787230.7964
2024-09-13,9.78,1301160.6378
2024-09-14,9.66,883289.3412
2024-09-15,9.28,1336573.9936
2024-09-16,9.2,1001231.7679999998
2024-09-17,9.28,1217254.816
2024-09-18,9.54,2667087.4013999994
2024-09-19,9.75,2161337.3925
2024-09-20,10.11,4841728.539
2024-09-21,10.44,5137129.2636
2024-09-22,10.08,2162973.7584
2024-09-23,10.04,2922264.0863999994
2024-09-24,10.57,6076750.3951
2024-09-25,10.32,2727944.5272000004
2024-09-26,10.92,3432450.6215999997
2024-09-27,10.94,4129877.3499999996
2024-09-28,10.88,3298977.1328000003
2024-09-29,10.82,2201361.6763999998
2024-09-30,10.61,12029615.453599999
2024-10-01,9.83,5870930.047699999
2024-10-02,9.67,5781025.3832
2024-10-03,9.65,3043955.0840000003
2024-10-04,9.97,1882455.6400000001
2024-10-05,9.93,1033943.6738999999
2024-10-06,10.36,2882029.8556
2024-10-07,10.18,2266422.5694
2024-10-08,10.28,3303919.012
2024-10-09,10.0,1768101.3
2024-10-10,10.16,2980215.3248000005
2024-10-11,10.7,2010522.5099999998
2024-10-12,10.61,2827594.9202
2024-10-13,10.42,1810049.6556
2024-10-14,10.82,2859034.9266000004
2024-10-15,10.69,4149535.0550999995
2024-10-16,10.62,2454640.0001999997
2024-10-17,10.38,2073621.7344000002
2024-10-18,10.57,1250250.6758
2024-10-19,10.65,2058961.731
2024-10-20,10.97,2907350.9071
2024-10-21,10.56,2847542.1216
2024-10-22,10.46,2806385.3648
2024-10-23,10.11,2367468.1023
2024-10-24,10.14,1928111.2656000003
2024-10-25,9.42,2894589.846
2024-10-26,9.4,1837555.804
2024-10-27,9.56,975601.2504
2024-10-28,9.71,1844443.0474000003
2024-10-29,10.23,2744099.5989
2024-10-30,10.04,2019744.4907999998
2024-10-31,9.53,2739852.2232999997
2024-11-01,9.35,2097207.7115
2024-11-02,9.28,1312957.136
2024-11-03,9.06,3741921.336
2024-11-04,8.82,1946978.5734
2024-11-05,9.26,2159102.2514
2024-11-06,10.04,5705285.8224
2024-11-07,10.31,3973000.6679000002
2024-11-08,10.35,2896608.9599999995
2024-11-09,10.67,3993380.1281
2024-11-10,11.48,14131312.0844
2024-11-11,12.35,12131122.184999999
2024-11-12,11.49,17249067.7815
2024-11-13,11.22,9160963.944
2024-11-14,11.09,14870619.9259
2024-11-15,11.61,7259212.4076
2024-11-16,12.93,17581679.991
2024-11-17,12.06,10016206.5132
2024-11-18,12.98,9293802.012
2024-11-19,12.79,11765045.5957
2024-11-20,12.29,6611831.962999999
2024-11-21,13.26,21359718.3774
2024-11-22,13.85,15113032.329499999
2024-11-23,14.4,25660301.184
2024-11-24,15.4,34765744.552
2024-11-25,14.32,16221720.7736
2024-11-26,14.13,13059484.7769
2024-11-27,15.11,9232628.395899998
2024-11-28,14.8,10196471.1
2024-11-29,15.71,13344170.930700002
2024-11-30,16.01,19444663.8841
2024-12-01,16.33,13076501.758099997
2024-12-02,18.04,68209620.644
2024-12-03,26.09,196136960.4978
2024-12-04,22.03,104511954.62600002
2024-12-05,21.08,45232821.9032
2024-12-06,21.52,35213878.8432
2024-12-07,21.2,20312562.912
2024-12-08,21.28,12430969.488
2024-12-09,17.15,35454588.764
2024-12-10,16.88,27164218.9984
2024-12-11,18.19,19028997.379
2024-12-12,18.54,21637399.7466
2024-12-13,18.79,13358920.925299998
2024-12-14,17.83,9576791.295899998
2024-12-15,18.48,8310077.8992
2024-12-16,17.92,10382849.2544
2024-12-17,17.22,10444970.6046
2024-12-18,15.47,13720969.844400002
2024-12-19,14.05,16997413.496000003
2024-12-20,14.62,18345132.4324
2024-12-21,13.75,7979460.6375
2024-12-22,13.98,7228549.128
2024-12-23,14.9,7180045.078
2024-12-24,15.37,6960256.6992999995
2024-12-25,14.84,6540334.8108
2024-12-26,13.88,4902741.7636
2024-12-27,13.94,5119996.113999999
2024-12-28,14.77,5450484.9231
2024-12-29,14.0,4449067.7
2024-12-30,13.9,5231439.723
2024-12-31,13.55,4734203.877
2025-01-01,14.36,7377209.1828
2025-01-02,14.62,6457017.0066
2025-01-03,16.15,10230656.2955
2025-01-04,15.92,5855898.176
2025-01-05,15.96,4468807.98
2025-01-06,16.52,9207030.310800001
2025-01-07,14.74,10000573.5104
2025-01-08,14.58,12320408.2212
2025-01-09,14.91,20378028.2433
2025-01-10,15.14,12281098.9628
2025-01-11,15.3,9005031.036
2025-01-12,14.81,5315842.3081
2025-01-13,14.37,20611310.4603
2025-01-14,14.88,10429085.769600002
2025-01-15,16.13,12651009.4989
2025-01-16,16.13,14125867.5012
2025-01-17,16.94,13556565.160600001
2025-01-18,15.78,10823830.697399998
2025-01-19,14.15,18374416.9855
2025-01-20,14.38,17257252.3542
2025-01-21,14.57,11134104.785500001
2025-01-22,14.19,4390606.3707
2025-01-23,14.14,6906738.2874
2025-01-24,13.75,5558338.225000001
2025-01-25,13.97,3161676.0109
2025-01-26,13.64,4239490.4112
2025-01-27,13.62,9936564.705599999
2025-01-28,12.68,4681309.038799999
2025-01-29,13.06,5651220.4178
2025-01-30,13.81,5494967.098900001
2025-01-31,14.34,14970415.6536
2025-02-01,13.48,28338377.5844
2025-02-02,11.47,16104955.0831
2025-02-03,11.65,31961405.3455
2025-02-04,11.07,15905929.1679
2025-02-05,10.78,6181590.7076
2025-02-06,10.41,7219142.3109
2025-02-07,10.4,7360814.3440000005
2025-02-08,10.8,4580218.98
2025-02-09,10.48,6029799.104800001
2025-02-10,11.05,6442190.001
2025-02-11,10.89,7615367.6346
2025-02-12,11.63,8917557.545900002
2025-02-13,11.32,4759636.518800001
2025-02-14,11.43,5318085.0204
2025-02-15,10.99,3198534.2158
2025-02-16,10.88,2963906.208
2025-02-17,10.89,4111742.8539000005
2025-02-18,10.48,4193432.9304
2025-02-19,10.64,3908958.844
2025-02-20,10.96,2758776.4528
2025-02-21,10.41,5241406.6848
2025-02-22,10.77,2132300.3885999997
2025-02-23,10.6,2479361.306
2025-02-24,9.4,5696005.858
2025-02-25,9.56,8783543.5876
2025-02-26,9.46,4761068.8158
2025-02-27,9.53,3839619.4647999997
2025-02-28,9.6,6923616.096
2025-03-01,9.62,2613264.9191999994
2025-03-02,10.27,9074669.7704
2025-03-03,8.72,7213961.475200001
2025-03-04,8.75,6308761.899999999
2025-03-05,9.17,3233711.9178000004
2025-03-06,8.98,2662781.1198
2025-03-07,8.89,4227149.1276
2025-03-08,8.74,2030362.5682
2025-03-09,7.96,2911853.2516
2025-03-10,7.43,5134779.4563
2025-03-11,7.73,6781240.9029
2025-03-12,7.9,3358252.238
2025-03-13,7.69,2468216.3129
2025-03-14,7.99,2235092.9570999998
2025-03-15,8.17,1568541.143
2025-03-16,7.76,2130984.3087999998
2025-03-17,8.17,3691805.2695
2025-03-18,8.36,2962755.2416
2025-03-19,8.55,6770132.5635
2025-03-20,8.24,2616066.3472
2025-03-21,8.05,2429748.6465000003
2025-03-22,8.11,1462061.5545999997
2025-03-23,8.09,1437666.5381
2025-03-24,8.21,9251097.3745
2025-03-25,8.0,9369115.36
2025-03-26,7.7,13146889.756000001
2025-03-27,7.43,11020011.6484
2025-03-28,6.79,14665676.4576
2025-03-29,6.4,10882486.592
2025-03-30,5.92,16034059.579199998
2025-03-31,5.32,49900137.638399996
2025-04-01,5.5,25883633.105
2025-04-02,4.6,45611758.712
2025-04-03,4.75,17560599.9
2025-04-04,4.84,15937670.848000001
2025-04-05,4.76,4718207.6284
2025-04-06,4.73,18135112.455900002
2025-04-07,4.79,14698904.9668
2025-04-08,5.19,18814367.7657
2025-04-09,5.59,26246546.0517
2025-04-10,5.31,15921108.458099999
2025-04-11,5.5,8714384.14
2025-04-12,5.59,8650904.0579
2025-04-13,5.25,7529366.25
2025-04-14,5.2,4267699.8
2025-04-15,5.33,6704046.6571
2025-04-16,5.53,7029094.9071
2025-04-17,5.46,3928178.4359999998
2025-04-18,5.53,3370790.5413
2025-04-19,5.61,2132024.8488000003
2025-04-20,5.57,4014678.7069000006
2025-04-21,5.51,3504619.1904
2025-04-22,5.87,6627954.6515
2025-04-23,6.04,7737301.9704
2025-04-24,6.27,11494032.3927
2025-04-25,6.48,10778195.2104
2025-04-26,6.44,4561757.7068
2025-04-27,6.2,8998558.232
2025-04-28,6.31,6177348.5929
2025-04-29,6.11,5648669.032500001
2025-04-30,6.04,6514665.7216
2025-05-01,6.21,4881980.4462
2025-05-02,6.15,3155944.5165000004
2025-05-03,5.85,3589809.3269999996
2025-05-04,5.6,2815952.608
2025-05-05,5.7,2943871.6470000003
2025-05-06,5.37,12514940.73
2025-05-07,5.65,4977249.641000001
2025-05-08,6.3,10431705.375
2025-05-09,6.55,19287314.055
2025-05-10,7.12,14923810.496000001
2025-05-11,7.11,23314328.3358
2025-05-12,7.29,33791923.4076
2025-05-13,7.38,14403944.6676
2025-05-14,7.04,6584204.633599999
2025-05-15,6.7,7800620.457
2025-05-16,6.62,4138713.8432
2025-05-17,6.44,4598937.6944
2025-05-18,6.69,4424065.0887
2025-05-19,6.48,5804675.46
2025-05-20,6.57,4166730.2664
2025-05-21,6.68,7559444.3112
2025-05-22,7.03,7118783.7681
2025-05-23,6.47,8588833.1907
2025-05-24,6.5,3369017.08
2025-05-25,6.52,4239601.312
2025-05-26,6.48,3416197.68
2025-05-27,6.66,4174845.8418
2025-05-28,6.55,3987163.1599999997
2025-05-29,6.43,4235782.3044
2025-05-30,5.78,8339262.793400001
2025-05-31,5.88,6315882.4596
2025-06-01,5.97,3657156.5091
2025-06-02,6.14,4457705.7594
2025-06-03,6.17,3792961.2867
2025-06-04,6.03,3725178.6069
2025-06-05,5.65,4681566.100500001
2025-06-06,5.81,3837783.4152
2025-06-07,6.04,2348424.4196
2025-06-08,5.96,1812308.0388000002
2025-06-09,6.28,4847966.1364
2025-06-10,6.46,6840034.629399999
2025-06-11,6.23,4219163.3967
2025-06-12,5.81,4044533.3691
2025-06-13,5.71,6861284.288699999
2025-06-14,5.57,4481314.4246000005
2025-06-15,5.56,2524583.1075999998
2025-06-16,5.65,3855041.8950000005
2025-06-17,5.43,3569214.6399000003
2025-06-18,5.51,4283433.3913
2025-06-19,5.58,3233923.0938
2025-06-20,5.4,3359641.428
2025-06-21,5.13,4336462.615499999
2025-06-22,5.02,4713632.412
2025-06-23,5.57,6013323.652400001
2025-06-24,5.64,3567603.4884
2025-06-25,5.45,2812266.708
2025-06-26,5.33,2328259.3945
2025-06-27,5.36,3334532.3800000004
2025-06-28,5.5,1495941.4249999998
2025-06-29,5.69,1739222.5838000001
2025-06-30,5.46,2666242.4334
2025-07-01,5.22,2138035.1616
2025-07-02,5.7,4159057.383
2025-07-03,5.68,2375647.2199999997
2025-07-04,5.41,1958574.8883
2025-07-05,5.4,1623268.458
2025-07-06,5.45,1424461.6495
2025-07-07,5.42,1907883.4142
2025-07-08,5.53,2023378.7784000002
2025-07-09,5.91,3495350.1180000002
2025-07-10,6.21,4597731.7929
2025-07-11,6.16,6494029.5112000005
2025-07-12,6.17,4387009.7505
2025-07-13,6.35,3640705.0629999996
2025-07-14,6.37,5418983.0149
2025-07-15,6.53,6701987.531800001
2025-07-16,6.64,4746171.271199999
2025-07-17,6.78,6671445.826800001
2025-07-18,6.86,8835204.3962
2025-07-19,7.17,4559481.7266
2025-07-20,7.52,11569467.5856
2025-07-21,7.43,5344976.9797
2025-07-22,7.38,5509407.4146
2025-07-23,6.67,6677406.1679
2025-07-24,6.53,5061195.0195
2025-07-25,6.56,4276971.6128
2025-07-26,6.61,2552528.9031
2025-07-27,6.81,3397774.8623999995
2025-07-28,6.38,4839382.737199999
2025-07-29,6.5,7314972.534999999
2025-07-30,6.3,4597401.123
2025-07-31,6.02,3605983.3712
2025-08-01,5.77,5435056.9815
2025-08-02,5.66,2716449.5328
2025-08-03,5.84,1835483.0335999997
2025-08-04,6.09,3177138.7493999996
2025-08-05,5.94,5623254.0738
2025-08-06,5.98,3145667.7720000003
2025-08-07,6.33,3458858.4129
2025-08-08,6.43,3641831.9518999998
2025-08-09,6.58,2989571.8734
2025-08-10,6.53,3150598.5139
2025-08-11,6.21,2894006.6181
2025-08-12,6.59,4245712.0833
2025-08-13,6.79,5179876.8434
2025-08-14,6.21,6301476.5913
2025-08-15,6.16,4864701.072
2025-08-16,6.34,2457504.777
2025-08-17,6.3,2422815.759
2025-08-18,6.08,4235080.9696
2025-08-19,5.86,4305790.9932
2025-08-20,6.33,18217388.8116
2025-08-21,6.683,23717886.20253
2025-08-22,7.026,14567538.86262
2025-08-23,7.22,9570133.3206
2025-08-24,7.75,34426982.574999996
2025-08-25,7.281,38255367.56526
2025-08-26,7.037,9708552.0132
2025-08-27,7.072,13900911.456640001
2025-08-28,7.117,7780084.627040001
2025-08-29,6.656,9439215.918079998
2025-08-30,6.926,16016843.128339998
2025-08-31,6.677,5015634.535449999
2025-09-01,6.437,8909748.89629
2025-09-02,6.565,5998287.7981
2025-09-03,6.587,4049984.4760899995
2025-09-04,6.42,4337587.2930000005
2025-09-05,6.507,4966764.85962
2025-09-06,6.466,2102105.39376
2025-09-07,6.641,3736579.7683800003
2025-09-08,6.695,3571958.2437500004
2025-09-09,6.581,4873508.61306
2025-09-10,6.685,4307321.1818
2025-09-11,6.74,3558588.1656
2025-09-12,6.847,3809298.8024900006
2025-09-13,6.939,4648408.96851
2025-09-14,6.731,2210640.7908
2025-09-15,6.532,3159822.40532
2025-09-16,6.654,1941728.8921200002
2025-09-17,6.79,3563286.8908
2025-09-18,6.785,2830501.91035
2025-09-19,6.581,3423933.3287400003
2025-09-20,6.614,1910052.03336
2025-09-21,6.471,2649866.2171199997
2025-09-22,6.001,7169459.5108
2025-09-23,5.921,2605952.94761
2025-09-24,5.962,2944992.2029
2025-09-25,5.559,4417539.56637
2025-09-26,5.734,2323111.00578
2025-09-27,5.665,1439649.22585
2025-09-28,5.835,1935061.7502
2025-09-29,5.775,2148989.4195000003
2025-09-30,5.773,2063876.1918099998
2025-10-01,6.095,3995948.61835
2025-10-02,6.288,4349019.49248
2025-10-03,6.385,4114705.66275
2025-10-04,6.211,3869628.6470800005
2025-10-05,6.209,4210645.1471
2025-10-06,6.338,3070302.25556
2025-10-07,6.048,4190341.86144
2025-10-08,6.287,6682118.90039
2025-10-09,6.084,4238198.23752
2025-10-10,4.381,20182565.601900004
2025-10-11,4.483,9815871.763309998
2025-10-12,5.129,8368555.745629999
2025-10-13,5.563,6719864.790999999
2025-10-14,5.425,7457322.993749999
2025-10-15,5.239,3860177.9762000004
2025-10-16,5.078,3782684.8698400003
2025-10-17,5.006,4534665.77684
2025-10-18,5.066,2115548.6817
2025-10-19,5.169,2576844.76269
2025-10-20,5.206,2921687.5285800006
2025-10-21,5.085,4838927.3919
2025-10-22,5.0,4864400.05
2025-10-23,5.157,2848068.04482
2025-10-24,5.165,2746943.4249500004
2025-10-25,5.185,2044609.5533999999
2025-10-26,5.352,2303825.1312
2025-10-27,5.246,2999127.6030800003
2025-10-28,5.122,3405945.14702
2025-10-29,5.152,4951310.07392
2025-10-30,4.903,6526611.7798
2025-10-31,4.962,2921153.41608
2025-11-01,5.27,4034985.5656999997
2025-11-02,5.273,4825363.218479999
2025-11-03,4.885,7400327.2409
2025-11-04,4.773,9761579.75223
2025-11-05,4.929,5240575.54617
2025-11-06,4.861,3276320.4651299994
2025-11-07,5.763,15152600.45994
2025-11-08,5.464,7976251.470720001
2025-11-09,5.427,3839460.6382199996
2025-11-10,5.387,5846904.99744
2025-11-11,5.066,4405174.44484
2025-11-12,4.999,3903781.23757
2025-11-13,4.834,4627384.2052
2025-11-14,4.735,4091703.23145
2025-11-15,4.824,2549829.3019199995
2025-11-16,4.666,3190850.0258200006
2025-11-17,4.643,3573211.013
2025-11-18,4.773,3291220.6703699995
2025-11-19,4.602,2900073.9097200003
2025-11-20,4.438,3101686.6902
2025-11-21,4.161,5775979.05402
2025-11-22,4.092,2304871.173
2025-11-23,4.123,1886761.1167300001
2025-11-24,4.317,2902997.94825
2025-11-25,4.336,1749010.8024000002
2025-11-26,4.367,1570019.473
2025-11-27,4.378,1775501.4899600002
2025-11-28,4.38,2929801.7976
2025-11-29,4.361,2041688.7158499998
2025-11-30,4.245,1474698.94905
2025-12-01,4.035,2433559.38135
2025-12-02,4.273,1893427.1475199999
2025-12-03,4.318,2411992.1381599996
2025-12-04,4.186,1359456.53662
2025-12-05,4.13,2119875.9708
2025-12-06,4.157,1312425.92476
2025-12-07,4.044,1469830.8246
2025-12-08,4.12,1169224.276
2025-12-09,4.311,1491158.47509
2025-12-10,4.189,1501470.43319
2025-12-11,4.161,2223978.43692
2025-12-12,4.047,1431049.1478
2025-12-13,4.049,1570434.73407
2025-12-14,3.902,853975.7218
2025-12-15,3.698,1668434.8695599998
2025-12-16,3.756,1246175.6709599998
2025-12-17,3.608,1170964.99872
2025-12-18,3.485,1314920.29675
2025-12-19,3.581,1338441.4713299999
2025-12-20,3.616,689790.3296
2025-12-21,3.518,955475.6426799999
2025-12-22,3.598,1327151.73164
2025-12-23,3.556,937724.7031599999
2025-12-24,3.577,567570.49517
2025-12-25,3.517,686805.2465199999
2025-12-26,3.559,605153.78202
2025-12-27,3.751,2884479.27691
2025-12-28,3.709,1400284.77009
2025-12-29,3.747,3015214.12242
2025-12-30,3.757,2086547.632
2025-12-31,3.511,3349132.61277
2026-01-01,3.637,1003046.4115
2026-01-02,3.793,1462476.8718
2026-01-03,3.799,1164729.25562
2026-01-04,3.856,957848.56176
2026-01-05,4.011,1791777.63534
2026-01-06,4.051,3615218.49569
2026-01-07,3.971,1387419.03322
2026-01-08,3.963,1486641.89409
2026-01-09,3.942,1052387.2252800001
2026-01-10,3.937,497783.25639999995
2026-01-11,3.857,645039.08735
2026-01-12,3.712,1298656.192
2026-01-13,4.0,1883775.84
2026-01-14,4.007,2366574.0295799994
2026-01-15,3.836,1389705.65804
2026-01-16,3.922,1176970.66822
2026-01-17,4.05,2636583.129
2026-01-18,3.872,1258972.0105599998
2026-01-19,3.753,2617770.71754
2026-01-20,3.591,1962913.3177500002
2026-01-21,3.648,1603619.97888
2026-01-22,3.653,1065245.22949
2026-01-23,3.66,1063391.772
2026-01-24,3.632,617051.44864
2026-01-25,3.442,1316418.7838400002
2026-01-26,3.54,1116429.2346
2026-01-27,3.586,1807652.82632
2026-01-28,3.548,875193.78164
2026-01-29,3.35,1336496.8380000002
2026-01-30,3.345,1431311.68515
2026-01-31,3.045,3141408.93255
2026-02-01,3.152,2766672.4443200002
2026-02-02,3.277,4074315.33496
2026-02-03,3.195,1680777.4194
2026-02-04,3.12,1146676.3776
2026-02-05,2.682,2413472.3132399996
2026-02-06,2.915,3728335.0214
2026-02-07,2.778,1308585.01176
2026-02-08,2.728,567765.84568
2026-02-09,2.702,610782.39852
2026-02-10,2.633,579163.76385
2026-02-11,2.668,1059801.55596
2026-02-12,2.722,804316.2128399999
2026-02-13,2.833,920343.4798900001
2026-02-14,2.951,563241.2870499999
2026-02-15,2.823,852826.2674400001
2026-02-16,2.852,506367.63752
2026-02-17,2.8,375346.21599999996
2026-02-18,2.718,531320.2934399999
2026-02-19,2.683,413300.23981
2026-02-20,2.786,581140.9059400001
2026-02-21,2.755,706258.9066
2026-02-22,2.682,474799.52898
2026-02-23,2.657,668097.336
2026-02-24,2.594,988785.64108
2026-02-25,2.797,977558.1568600001
2026-02-26,2.783,1055169.05098
2026-02-27,2.718,789275.18196
2026-02-28,2.728,1657510.86688
2026-03-01,2.581,1579195.56115
2026-03-02,2.669,1348001.72368
2026-03-03,2.562,1202306.2228799998
2026-03-04,2.683,1231672.44137
2026-03-05,2.61,662389.9686
2026-03-06,2.548,507543.78948000004
2026-03-07,2.483,510537.079
2026-03-08,2.419,600684.41089
2026-03-09,2.48,492823.3928
2026-03-10,2.486,521562.89944000007
2026-03-11,2.565,752700.40425
2026-03-12,2.632,587018.0920800001
2026-03-13,2.617,710513.58959
2026-03-14,2.553,268419.91806
2026-03-15,2.893,18152795.16292
2026-03-16,2.841,5304380.274510001
2026-03-17,2.876,2463552.78248
2026-03-18,2.702,1588165.59118
2026-03-19,2.72,2886226.1360000004
2026-03-20,2.745,796431.85695
2026-03-21,2.632,489733.50272
2026-03-22,2.601,578345.48505
2026-03-23,2.706,983287.55448
2026-03-24,2.808,3355318.56816
2026-03-25,2.759,1214114.89026
2026-03-26,2.677,524590.11338
2026-03-27,2.586,595347.9373199999
2026-03-28,2.585,442198.03595
2026-03-29,2.545,540469.96845
2026-03-30,2.635,1329195.3684499997
2026-03-31,2.701,1434179.0597700002
2026-04-01,2.785,1635303.2903500001
2026-04-02,2.653,1324615.09656
2026-04-03,2.832,2210525.04816
2026-04-04,2.801,1248392.5913200001
2026-04-05,2.786,754634.069
2026-04-06,2.72,939696.5424
2026-04-07,2.829,635472.8949000001
2026-04-08,2.743,689215.12218
2026-04-09,2.784,545329.58592
2026-04-10,2.861,5838667.23128
2026-04-11,2.873,1272848.66241
2026-04-12,2.705,946320.1755
2026-04-13,2.861,664402.6200100001
2026-04-14,2.821,792469.3959000001
2026-04-15,2.875,671504.86625
2026-04-16,2.95,1017714.8655000002
2026-04-17,3.03,1297933.0118999998
2026-04-18,2.892,999966.2616
2026-04-19,2.788,494796.92652
2026-04-20,2.86,499156.0287999999
2026-04-21,2.839,577380.00677
2026-04-22,2.856,571408.5451199999
2026-04-23,2.873,765818.74941
2026-04-24,2.885,445013.29834999994
2026-04-25,2.872,431459.03784
2026-04-26,2.922,476768.77284000005
2026-04-27,2.871,496655.40969000006
2026-04-28,2.855,542450.1142000001
2026-04-29,2.754,791904.60324
2026-04-30,2.72,474136.5824000001
2026-05-01,2.749,362883.28444
2026-05-02,2.78,323833.55419999996
2026-05-03,2.762,320609.83894
2026-05-04,2.751,539645.7885
2026-05-05,2.853,707721.19983
2026-05-06,2.95,1284112.6685000001
2026-05-07,2.984,1140282.96224
2026-05-08,3.113,1319345.7452999998
2026-05-09,3.062,637404.96564
2026-05-10,3.199,2553548.1027699998
2026-05-11,3.252,2035797.1377599998
2026-05-12,3.288,1692193.72848
2026-05-13,3.15,1629916.092
2026-05-14,3.136,848012.9100800002
2026-05-15,2.986,748221.1304
2026-05-16,2.93,543772.4298
2026-05-17,2.843,567361.90193
2026-05-18,2.892,515580.64116
2026-05-19,2.822,359126.61942
2026-05-20,2.876,354116.50188
2026-05-21,2.91,332114.3424
2026-05-22,2.805,494933.07765000005
2026-05-23,2.908,794917.6776800001
2026-05-24,2.817,408698.95185
2026-05-25,2.843,327965.86444
2026-05-26,2.808,514716.56495999993
2026-05-27,2.76,601796.5547999999
2026-05-28,2.727,1003804.5822299999
2026-05-29,2.738,445297.72394
2026-05-30,2.71,450709.31399999995
2026-05-31,2.727,290383.31331
2026-06-01,2.687,533186.40782
2026-06-02,2.503,712016.37057
2026-06-03,2.479,523104.30096
2026-06-04,2.365,1194684.7874500002
2026-06-05,2.165,1329741.7659500001
2026-06-06,2.141,544265.25857
2026-06-07,2.174,383605.16968
2026-06-08,2.176,462082.30400000006
2026-06-09,2.141,327636.18091
2026-06-10,2.115,440998.12125
2026-06-11,2.177,292874.03054
2026-06-12,2.171,277384.50168
2026-06-13,2.207,176019.13050999996
2026-06-14,2.251,306345.86073
2026-06-15,2.291,395525.82321
2026-06-16,2.286,328057.50492000004
2026-06-17,2.278,327712.94332
2026-06-18,2.21,329718.519
2026-06-19,2.214,180843.32808
2026-06-20,2.217,192355.5663
2026-06-21,2.129,280398.75276
2026-06-22,2.128,327215.87808
2026-06-23,2.074,569304.84918
2026-06-24,2.017,523138.6805799999
2026-06-25,1.919,473823.59068
2026-06-26,1.934,490536.41417999996
2026-06-27,1.903,237744.47323
2026-06-28,1.908,287196.54839999997
2026-06-29,1.928,511908.06143999996
2026-06-30,1.882,819398.82332
2026-07-01,1.92,564543.6864
2026-07-02,1.948,293332.91783999995
2026-07-03,2.004,292667.20608
2026-07-04,1.999,269587.47883000004
2026-07-05,1.997,238009.90881
2026-07-06,2.001,257509.79055
2026-07-07,1.932,299067.35964
2026-07-08,1.909,244848.35908999998
2026-07-09,1.943,163211.16451000003
2026-07-10,1.963,203682.50929000002
2026-07-11,1.952,293627.19904
2026-07-12,1.943,185909.91227
2026-07-13,1.917,233304.28677
2026-07-14,1.982,321918.83822
2026-07-15,1.974,167275.45716
2026-07-16,1.941,138077.14992
2026-07-17,1.947,269085.36864
2026-07-18,2.003,1225116.5023700001
2026-07-19,2.059,2097399.9382
2026-07-20,2.013,634738.93857
2026-07-21,2.045,417908.63349999994
2026-07-22,2.029,487695.61394999997
2026-07-23,2.057,549026.79392
2026-07-24,1.981,405033.79406000004
2026-07-25,1.969,205283.82479
2026-07-26,1.992,209289.53975999999
2026-07-27,1.902,468367.34784
2026-07-28,1.914,247684.80659999998
2026-07-29,1.817,467407.87818
2026-07-30,1.825,231724.28325
2026-07-31,1.848,250537.03751999998
2026-08-01,1.826,131149.30928000002
2026-08-02,1.827,112737.17258999999
2026-08-03,1.872,262327.64688
2026-08-04,1.87,152724.6765
2026-08-05,1.872,231503.87520000004
2026-08-06,1.847,190974.259
2026-08-07,1.839,213478.03464
2026-08-08,1.856,101904.5152
2026-08-09,1.829,136413.14834
2026-08-10,1.785,304331.27235
2026-08-11,1.749,337183.25619000004
2026-08-12,1.67,433524.95259999996
2026-08-13,1.687,342947.41271
2026-08-14,1.692,313194.69899999996
2026-08-15,1.679,196519.2266
2026-08-16,1.658,223781.0061
2026-08-17,1.686,324273.82578
2026-08-18,1.687,215137.84656
2026-08-19,1.812,333490.89900000003
2026-08-20,1.941,1348040.2997400002
2026-08-21,2.159,2187542.95155
2026-08-22,2.112,1766244.3744
2026-08-23,2.191,717254.4363599999
2026-08-24,2.191,744635.2757199999
2026-08-25,2.137,797859.74185
2026-08-26,2.297,1211439.13226
2026-08-27,2.219,875368.60572
2026-08-28,2.109,656293.15101
2026-08-29,2.085,295887.58335000003
2026-08-30,2.013,291879.70580999996
2026-08-31,2.041,285787.71858
2026-09-01,2.028,433936.59504
2026-09-02,2.009,232225.95528999998
2026-09-03,2.101,372759.77717
2026-09-04,2.09,324346.2013
2026-09-05,2.143,343902.70389
2026-09-06,2.176,324186.65984000004
2026-09-07,2.19,505847.36069999996
2026-09-08,2.213,554274.3977
2026-09-09,2.18,679050.4236000001
2026-09-10,2.081,571569.70748
2026-09-11,2.128,671188.71344
2026-09-12,2.192,388212.23104000004
2026-09-13,2.268,1569801.9607199999
2026-09-14,2.22,661957.1802
2026-09-15,2.086,540963.98622
2026-09-16,2.11,411272.6334
2026-09-17,2.136,261172.7784
2026-09-18,2.335,689650.3757999999
2026-09-19,2.426,948838.70666
2026-09-20,2.407,1189579.1155
2026-09-21,2.514,977339.8997399999
2026-09-22,2.641,1107325.32019
2026-09-23,2.48,1176289.4448
2026-09-24,2.611,815393.4198200001
2026-09-25,2.701,751244.0665300001
2026-09-26,2.668,556988.56844
2026-09-27,2.699,709681.94245
