time,PriceUSD,volume_reported_spot_usd_1d
2018-06-11,0.0484,3512364.23076
2018-06-12,0.0433,8225376.011849999
2018-06-13,0.04098,19219355.994546
2018-06-14,0.04505,22000808.75071
2018-06-15,0.04232,17186045.899528
2018-06-16,0.04295,15188870.281220002
2018-06-17,0.04234,13599830.238426
2018-06-18,0.04509,20033198.865881998
2018-06-19,0.04965,33864760.153184995
2018-06-20,0.0498,31248727.467539996
2018-06-21,0.0487,23742081.508670002
2018-06-22,0.0427,30073644.7578
2018-06-23,0.044,18047950.126799997
2018-06-24,0.04205,28365821.591435
2018-06-25,0.04208,13960427.762991998
2018-06-26,0.03737,8013440.393293001
2018-06-27,0.03888,10373317.59168
2018-06-28,0.03605,12801474.21014
2018-06-29,0.03638,22422604.3607
2018-06-30,0.03756,27107289.664656002
2018-07-01,0.03665,11838154.576635
2018-07-02,0.03962,24467486.136072002
2018-07-03,0.03808,20703214.855456002
2018-07-04,0.03888,10017893.71944
2018-07-05,0.03703,27999622.664419
2018-07-06,0.03584,15449622.823935999
2018-07-07,0.03704,14109732.273472
2018-07-08,0.03677,14246682.635010999
2018-07-09,0.0355,13139345.870949998
2018-07-10,0.03318,16746637.126128001
2018-07-11,0.0335,18368637.868049998
2018-07-12,0.03242,17153022.692585997
2018-07-13,0.0332,20717498.943
2018-07-14,0.0333,20785987.519020002
2018-07-15,0.03437,20417065.303957
2018-07-16,0.03751,27640678.043693
2018-07-17,0.03973,33883855.307822004
2018-07-18,0.03969,43666621.900902
2018-07-19,0.03804,29905504.789475996
2018-07-20,0.03487,30995707.934355997
2018-07-21,0.03554,23386875.365452
2018-07-22,0.0351,18472728.90528
2018-07-23,0.03406,27256850.450128
2018-07-24,0.0379,50565343.58869
2018-07-25,0.03713,40069278.131542005
2018-07-26,0.03593,35498829.727612995
2018-07-27,0.03654,31379780.487132
2018-07-28,0.0369,28928269.65906
2018-07-29,0.03905,28847707.634075
2018-07-30,0.03635,26378045.33674
2018-07-31,0.03373,32662044.153476004
2018-08-01,0.03252,30292211.686235998
2018-08-02,0.03128,26813788.599168003
2018-08-03,0.03039,27021811.66047
2018-08-04,0.02879,23564830.386627
2018-08-05,0.03025,19026936.96695
2018-08-06,0.02912,23675096.145792
2018-08-07,0.02766,24047391.441198
2018-08-08,0.02428,26456828.015628
2018-08-09,0.02551,22773946.097790003
2018-08-10,0.02362,22647793.080984
2018-08-11,0.02213,19928727.049932
2018-08-12,0.02248,17861107.075592
2018-08-13,0.01909,18234259.247681998
2018-08-14,0.01858,18535506.256614
2018-08-15,0.01918,23699112.03177
2018-08-16,0.01931,14801735.976773
2018-08-17,0.02333,23020250.550577
2018-08-18,0.02131,16869055.399494
2018-08-19,0.02205,9054775.31112
2018-08-20,0.02035,13437689.970925
2018-08-21,0.02091,14508407.460354
2018-08-22,0.0195,15336501.646049999
2018-08-23,0.02067,16370506.581350999
2018-08-24,0.02152,16203497.282144003
2018-08-25,0.02238,13019827.342836002
2018-08-26,0.02273,15196830.728152
2018-08-27,0.02461,19711173.433087002
2018-08-28,0.02684,34970520.717924
2018-08-29,0.02538,25980632.024472
2018-08-30,0.02495,20355131.101604998
2018-08-31,0.0253,15713792.907669999
2018-09-01,0.02666,17826829.73811
2018-09-02,0.02568,16581510.251496002
2018-09-03,0.02507,12586122.037026
2018-09-04,0.02524,12584087.46792
2018-09-05,0.02153,21007901.54764
2018-09-06,0.02163,17712532.208154
2018-09-07,0.02034,11104211.86758
2018-09-08,0.01921,10805798.892762002
2018-09-09,0.01932,10071415.427808
2018-09-10,0.01923,10516178.359116001
2018-09-11,0.0185,9815827.1546
2018-09-12,0.01823,10126452.39196
2018-09-13,0.01984,14961489.165312
2018-09-14,0.01966,13862485.254217999
2018-09-15,0.01986,8620495.197678
2018-09-16,0.01994,8750747.944454
2018-09-17,0.01839,12374097.564948
2018-09-18,0.01928,9827606.104888
2018-09-19,0.01976,12038970.389576001
2018-09-20,0.02134,16358204.628898002
2018-09-21,0.02492,42203830.071676
2018-09-22,0.02324,21731696.602364
2018-09-23,0.02381,16829538.129269
2018-09-24,0.02202,16728437.193378001
2018-09-25,0.0213,16840490.62125
2018-09-26,0.02096,10094805.443216
2018-09-27,0.0225,11955572.49375
2018-09-28,0.02195,12175013.96739
2018-09-29,0.02203,7315681.466057
2018-09-30,0.02227,14630754.242721
2018-10-01,0.02209,13178255.420070998
2018-10-02,0.02202,15028098.147972
2018-10-03,0.02165,14599282.3875
2018-10-04,0.0228,20552043.51672
2018-10-05,0.02343,17656345.396041002
2018-10-06,0.02383,19663250.505467
2018-10-07,0.02699,37025293.621791005
2018-10-08,0.02667,36877712.644604996
2018-10-09,0.0261,21840497.5914
2018-10-10,0.02553,20450960.841615
2018-10-11,0.02095,26646933.45391
2018-10-12,0.0228,23247265.22424
2018-10-13,0.02385,10196854.583895
2018-10-14,0.02387,10834942.759948999
2018-10-15,0.02575,27985498.473525
2018-10-16,0.02497,6500875.444459
2018-10-17,0.02496,12244999.396032
2018-10-18,0.02471,15691209.369885
2018-10-19,0.02437,9889994.056788
2018-10-20,0.02448,11726311.329936
2018-10-21,0.02458,12362458.315228
2018-10-22,0.02423,7629592.132075001
2018-10-23,0.02372,5062451.526936
2018-10-24,0.02373,3814545.346206
2018-10-25,0.0234,3335520.3312600004
2018-10-26,0.02391,4017124.996206
2018-10-27,0.02343,3153551.967687
2018-10-28,0.02358,2889947.919078
2018-10-29,0.02221,5870090.482444
2018-10-30,0.02222,3890449.251722
2018-10-31,0.02239,4825914.522367001
2018-11-01,0.02253,4270960.576143
2018-11-02,0.023,5767334.985
2018-11-03,0.02273,4568205.916663
2018-11-04,0.02369,7214313.954047
2018-11-05,0.02394,7349996.848068
2018-11-06,0.02475,9461160.25965
2018-11-07,0.02415,8909296.9119
2018-11-08,0.02319,7721651.833445999
2018-11-09,0.02315,6189839.286420001
2018-11-10,0.02309,5470271.96521
2018-11-11,0.02299,5112275.276295
2018-11-12,0.02269,5941061.515151
2018-11-13,0.02222,5701690.782788
2018-11-14,0.01999,10925320.990808
2018-11-15,0.01942,12022618.731454
2018-11-16,0.01912,7781885.260864001
2018-11-17,0.01904,6327750.713536
2018-11-18,0.01896,5493844.177440001
2018-11-19,0.01588,11054175.779148
2018-11-20,0.01416,18315919.110168
2018-11-21,0.01489,14030431.856377
2018-11-22,0.01381,6396046.410529
2018-11-23,0.01387,7790686.969776
2018-11-24,0.01262,7567617.939732
2018-11-25,0.01252,12571630.029835999
2018-11-26,0.01192,10451658.046384001
2018-11-27,0.01204,7168655.35876
2018-11-28,0.01467,19819712.357235
2018-11-29,0.01574,29116738.083300002
2018-11-30,0.01451,20041643.618813
2018-12-01,0.01508,11165529.96572
2018-12-02,0.01499,8597514.70986
2018-12-03,0.01377,7559580.339377999
2018-12-04,0.01433,9072403.842695
2018-12-05,0.01397,6967580.270552
2018-12-06,0.01279,9617807.115118
2018-12-07,0.01321,13838808.110927999
2018-12-08,0.01324,9743130.743271999
2018-12-09,0.01341,7168580.637156
2018-12-10,0.01311,6267814.286835
2018-12-11,0.01317,5556720.673607999
2018-12-12,0.0132,4622838.3696
2018-12-13,0.01304,4773911.371312
2018-12-14,0.01272,4624101.780624
2018-12-15,0.01273,3724755.4818
2018-12-16,0.01293,4161685.040715
2018-12-17,0.01407,8300647.318025999
2018-12-18,0.01475,8582813.9039
2018-12-19,0.01526,19848511.039167996
2018-12-20,0.01703,16782409.253038
2018-12-21,0.01973,44952147.67086901
2018-12-22,0.02065,30461876.843650002
2018-12-23,0.02056,19709868.526024
2018-12-24,0.02065,28024894.328935005
2018-12-25,0.01967,20409531.247238
2018-12-26,0.02001,16303659.493869
2018-12-27,0.01798,12130861.040479999
2018-12-28,0.0203,16125742.757319998
2018-12-29,0.01939,12058558.949276
2018-12-30,0.01961,8488608.68347
2018-12-31,0.01868,7077280.543308
2019-01-01,0.01928,6783336.5883679995
2019-01-02,0.01974,8915815.448316
2019-01-03,0.01966,10290028.635710001
2019-01-04,0.02106,17413402.718555998
2019-01-05,0.0219,24520549.751399998
2019-01-06,0.02249,19517539.725619
2019-01-07,0.02334,16460871.145014001
2019-01-08,0.02589,35472953.721071996
2019-01-09,0.02785,43807813.39754
2019-01-10,0.02541,126793136.84545198
2019-01-11,0.02453,48938499.434098996
2019-01-12,0.02296,25249375.399416
2019-01-13,0.02085,17764686.36378
2019-01-14,0.02524,57890844.47028399
2019-01-15,0.02395,33529620.19611
2019-01-16,0.02479,20486315.207674
2019-01-17,0.02492,25196833.466532003
2019-01-18,0.02441,14847846.639062999
2019-01-19,0.02419,16310577.939863
2019-01-20,0.02355,14398878.076755002
2019-01-21,0.02537,17251727.753172
2019-01-22,0.02619,29059554.240576003
2019-01-23,0.02631,20463147.198561
2019-01-24,0.02672,13521640.32872
2019-01-25,0.02651,8842344.124262
2019-01-26,0.0285,21584702.84325
2019-01-27,0.02902,39327630.329792
2019-01-28,0.02673,57863896.672725
2019-01-29,0.02709,21610897.546014
2019-01-30,0.02717,18549536.283707
2019-01-31,0.02511,19242022.88205
2019-02-01,0.02615,17320884.704585
2019-02-02,0.02608,8663334.708144
2019-02-03,0.02542,7982819.411352001
2019-02-04,0.02698,27957598.786148
2019-02-05,0.02623,16756874.476653
2019-02-06,0.02551,13728263.920459
2019-02-07,0.02569,6341850.982236001
2019-02-08,0.02681,15840102.961557
2019-02-09,0.02623,13588862.151634
2019-02-10,0.02579,15663635.058919001
2019-02-11,0.02457,17211303.670743
2019-02-12,0.02441,11214266.084291002
2019-02-13,0.02406,10172971.488606
2019-02-14,0.0233,5337536.461730001
2019-02-15,0.0237,6069148.898399999
2019-02-16,0.02356,4124198.808192
2019-02-17,0.02378,4535571.83694
2019-02-18,0.0249,13607247.888119997
2019-02-19,0.0248,14974139.65424
2019-02-20,0.025,9281079.58
2019-02-21,0.02471,6293288.299893
2019-02-22,0.0249,5421349.81827
2019-02-23,0.02528,7772431.523008001
2019-02-24,0.02327,31636602.851308
2019-02-25,0.02407,13444869.050466
2019-02-26,0.02411,7937153.776443999
2019-02-27,0.02394,5372861.690826
2019-02-28,0.02364,5024953.588140001
2019-03-01,0.02349,3778958.130885
2019-03-02,0.02267,6945682.435967
2019-03-03,0.02248,3249778.7262879997
2019-03-04,0.02277,14037180.171992999
2019-03-05,0.02375,13405093.465
2019-03-06,0.02318,7448870.401818001
2019-03-07,0.02294,6071530.3528539995
2019-03-08,0.02233,5670758.152675
2019-03-09,0.02277,5673029.985513
2019-03-10,0.02285,5196197.96168
2019-03-11,0.02208,6142026.276191999
2019-03-12,0.02227,2812518.96502
2019-03-13,0.02221,3295028.6658280003
2019-03-14,0.02242,5719182.678996
2019-03-15,0.02295,5645756.514375
2019-03-16,0.02313,8121978.960318001
2019-03-17,0.0229,3640650.41117
2019-03-18,0.02278,4426336.372124
2019-03-19,0.02275,3149906.56435
2019-03-20,0.02279,3708242.4403410004
2019-03-21,0.02217,5697011.345261999
2019-03-22,0.02251,4033751.139848
2019-03-23,0.02428,17448104.399744
2019-03-24,0.02324,11325622.124796
2019-03-25,0.02256,10250635.020432
2019-03-26,0.0224,4795230.58112
2019-03-27,0.0233,7518315.28847
2019-03-28,0.02315,4798627.477545001
2019-03-29,0.0233,8452824.411880001
2019-03-30,0.02322,5304517.703604
2019-03-31,0.02344,3219146.0303599997
2019-04-01,0.02433,10258179.078099001
2019-04-02,0.02671,30981568.408019003
2019-04-03,0.02595,33083471.751480002
2019-04-04,0.02582,14800002.799198
2019-04-05,0.02699,15017030.476548001
2019-04-06,0.02668,9057539.89336
2019-04-07,0.02889,22725720.62145
2019-04-08,0.03033,39197972.47743
2019-04-09,0.0296,26297090.50312
2019-04-10,0.02997,17229274.316163
2019-04-11,0.02641,24106678.642945
2019-04-12,0.02628,11605742.048232
2019-04-13,0.02604,7872274.595304001
2019-04-14,0.02686,7034409.783464
2019-04-15,0.02622,12583253.354574
2019-04-16,0.02666,7081108.336236
2019-04-17,0.02649,7094633.105757
2019-04-18,0.02672,8428915.398432001
2019-04-19,0.02625,8388880.602374999
2019-04-20,0.02582,6450825.205511999
2019-04-21,0.02476,9451516.543763999
2019-04-22,0.02492,6560308.676516
2019-04-23,0.02408,7759668.3940159995
2019-04-24,0.02325,9611676.170775
2019-04-25,0.02306,13382915.249834
2019-04-26,0.02382,11609458.901028
2019-04-27,0.02348,4931447.893032
2019-04-28,0.02334,3968959.664238
2019-04-29,0.02243,18249601.072211
2019-04-30,0.02349,27860972.934096
2019-05-01,0.02348,27589044.358416002
2019-05-02,0.02339,29680797.396175
2019-05-03,0.02381,36382016.84007
2019-05-04,0.023,32071782.242700003
2019-05-05,0.02319,25539341.413365
2019-05-06,0.02379,33124641.414656997
2019-05-07,0.02385,27848701.06947
2019-05-08,0.02453,19080216.048288997
2019-05-09,0.02319,14692578.938114999
2019-05-10,0.0236,19717401.721679997
2019-05-11,0.02479,29287688.387273997
2019-05-12,0.02376,21840819.898392
2019-05-13,0.02433,21942030.365445
2019-05-14,0.02727,31657638.544991996
2019-05-15,0.0309,28757991.998430002
2019-05-16,0.0285,42453255.0759
2019-05-17,0.027,38195799.9255
2019-05-18,0.02644,17836725.730636
2019-05-19,0.02825,22540336.09605
2019-05-20,0.02782,15515484.115508
2019-05-21,0.0283,18608804.41146
2019-05-22,0.02655,16196738.91327
2019-05-23,0.02696,12125506.222984
2019-05-24,0.02761,14627399.339893999
2019-05-25,0.0276,13475191.04496
2019-05-26,0.0307,38593072.40292
2019-05-27,0.03497,60130222.618479006
2019-05-28,0.03471,53126382.48750299
2019-05-29,0.03365,32804231.266005002
2019-05-30,0.03102,42006032.169288
2019-05-31,0.03307,26644518.567519
2019-06-01,0.03746,67362350.615784
2019-06-02,0.03822,53710430.548319995
2019-06-03,0.03375,65703182.460750006
2019-06-04,0.03505,64961161.035445
2019-06-05,0.03396,35426727.37391999
2019-06-06,0.03259,26944290.268495
2019-06-07,0.03348,20337890.524956003
2019-06-08,0.03202,18665958.20104
2019-06-09,0.02963,20189016.140288
2019-06-10,0.03154,23068635.078535996
2019-06-11,0.03108,18503694.4722
2019-06-12,0.03349,28470048.198519997
2019-06-13,0.03255,18607095.928365
2019-06-14,0.03184,19693474.17024
2019-06-15,0.03264,15898705.120896
2019-06-16,0.03281,20668653.180793997
2019-06-17,0.03383,20252668.615303
2019-06-18,0.03309,18257737.7382
2019-06-19,0.03324,13786930.684379999
2019-06-20,0.03263,13844233.624259999
2019-06-21,0.03306,16604734.149966
2019-06-22,0.03748,50649499.165372
2019-06-23,0.03757,40877901.812826
2019-06-24,0.03852,39012081.967872
2019-06-25,0.03848,35068199.979384
2019-06-26,0.03677,44578101.458400995
2019-06-27,0.03266,41952109.673798
2019-06-28,0.03379,28972954.211766
2019-06-29,0.03498,26947795.960139997
2019-06-30,0.032,24342340.3392
2019-07-01,0.03265,25080529.945984997
2019-07-02,0.03191,22371733.227677003
2019-07-03,0.03276,17760057.004872
2019-07-04,0.03133,17839350.470643
2019-07-05,0.03189,16928906.704758
2019-07-06,0.03214,15416439.585852
2019-07-07,0.03464,24890392.318855997
2019-07-08,0.03386,21934542.689570002
2019-07-09,0.03421,15403953.211668998
2019-07-10,0.03208,16024456.040207999
2019-07-11,0.02792,19750736.401288
2019-07-12,0.02942,10122071.507262
2019-07-13,0.02838,6731362.771782
2019-07-14,0.02516,11108795.342519999
2019-07-15,0.02522,13179624.473444
2019-07-16,0.02095,14704360.945895001
2019-07-17,0.02278,13744432.581332
2019-07-18,0.02559,14478110.887167
2019-07-19,0.02806,15776845.186007999
2019-07-20,0.02899,17802393.514373
2019-07-21,0.02916,13365443.691756
2019-07-22,0.02661,16534569.345228
2019-07-23,0.02421,49394930.136669
2019-07-24,0.02374,23410190.597112
2019-07-25,0.02297,12262434.444977
2019-07-26,0.02311,7393865.949828999
2019-07-27,0.02196,7984917.695123999
2019-07-28,0.02233,7788377.037440999
2019-07-29,0.02201,5467292.126091999
2019-07-30,0.02207,3642617.611973
2019-07-31,0.0224,4415128.16192
2019-08-01,0.02211,5674623.745131
2019-08-02,0.02172,7548477.64116
2019-08-03,0.02183,5243893.801463
2019-08-04,0.02229,9232485.050922
2019-08-05,0.0229,14815715.25766
2019-08-06,0.02173,13006856.561826998
2019-08-07,0.02163,10012825.269048
2019-08-08,0.02196,10306873.080792
2019-08-09,0.01982,9454715.774964001
2019-08-10,0.02047,10176130.365892999
2019-08-11,0.02071,8308294.660763999
2019-08-12,0.0207,8488883.57787
2019-08-13,0.0205,7029912.861300001
2019-08-14,0.01778,9628710.108556
2019-08-15,0.01753,8290072.941644001
2019-08-16,0.01688,10409691.571383998
2019-08-17,0.01691,5502453.10709
2019-08-18,0.01777,7197681.806592001
2019-08-19,0.01797,6693450.91851
2019-08-20,0.01756,4793087.829768
2019-08-21,0.0168,5810734.83144
2019-08-22,0.01734,7509012.911382001
2019-08-23,0.018,6453249.883199999
2019-08-24,0.01774,5017936.47096
2019-08-25,0.01744,5472825.072624001
2019-08-26,0.01768,6518250.665784
2019-08-27,0.01762,4728692.3647960005
2019-08-28,0.01599,7311512.845026
2019-08-29,0.01547,7277388.685749
2019-08-30,0.01555,4466380.22942
2019-08-31,0.01548,3861473.611356
2019-09-01,0.0155,2900885.65615
2019-09-02,0.01589,5786879.388661
2019-09-03,0.01588,4978607.350784
2019-09-04,0.01553,4805024.417089
2019-09-05,0.01498,5833993.875108001
2019-09-06,0.01416,7414096.691256001
2019-09-07,0.01536,6172498.555392
2019-09-08,0.01576,10337217.935136
2019-09-09,0.01564,42692203.3719
2019-09-10,0.01561,27741782.787754003
2019-09-11,0.01492,21598952.996092
2019-09-12,0.01483,20839041.547468
2019-09-13,0.01551,23327631.677031
2019-09-14,0.01577,24263364.476753
2019-09-15,0.01552,21250472.572704002
2019-09-16,0.01565,16961215.095930003
2019-09-17,0.01668,25148335.538027998
2019-09-18,0.0179,28116209.453569997
2019-09-19,0.01756,27639830.63976
2019-09-20,0.0174,24981505.95246
2019-09-21,0.01812,23660940.182496
2019-09-22,0.01681,23323049.348272998
2019-09-23,0.01596,25091857.009127997
2019-09-24,0.01255,36473523.93938
2019-09-25,0.01316,20207899.80594
2019-09-26,0.01275,16812995.667975
2019-09-27,0.01361,14051079.034442002
2019-09-28,0.01357,7680127.231233
2019-09-29,0.01327,8461267.898985
2019-09-30,0.01453,19066020.396504
2019-10-01,0.01394,12802114.85949
2019-10-02,0.01438,9865744.65206
2019-10-03,0.01428,8969724.684396
2019-10-04,0.01454,14925778.567494001
2019-10-05,0.01508,14185907.579636
2019-10-06,0.0145,19649622.602800004
2019-10-07,0.01622,24839077.617608
2019-10-08,0.01692,21466217.595744003
2019-10-09,0.0169,18310633.312919997
2019-10-10,0.01623,15331505.254023002
2019-10-11,0.01582,17835421.158562
2019-10-12,0.01566,9596426.246694
2019-10-13,0.01606,12047025.850156002
2019-10-14,0.01667,12138124.662838
2019-10-15,0.01566,15311265.773418
2019-10-16,0.01518,12396072.762084
2019-10-17,0.01536,14721336.872448
2019-10-18,0.01536,13204667.152896
2019-10-19,0.01548,12495567.0303
2019-10-20,0.0155,8080685.4134
2019-10-21,0.0155,6749440.386949999
2019-10-22,0.01512,4474140.83676
2019-10-23,0.01435,7837088.480935
2019-10-24,0.01516,8762761.853203999
2019-10-25,0.01764,26085549.891744
2019-10-26,0.01659,28183702.510341004
2019-10-27,0.0191,49501988.62039
2019-10-28,0.01998,70157180.989602
2019-10-29,0.02194,53277150.720616005
2019-10-30,0.01995,42957754.684425
2019-10-31,0.01974,24332227.298694
2019-11-01,0.01962,12157716.078144
2019-11-02,0.01988,10711108.718212
2019-11-03,0.01964,8218393.668204001
2019-11-04,0.0198,18093072.226680003
2019-11-05,0.01975,13075163.3788
2019-11-06,0.02013,18319883.733788997
2019-11-07,0.01951,14684705.378917001
2019-11-08,0.01876,13408622.0625
2019-11-09,0.01894,7047635.551212
2019-11-10,0.01934,11794729.233029999
2019-11-11,0.01909,10833306.338794
2019-11-12,0.01968,15806298.246383999
2019-11-13,0.02012,13019987.243464
2019-11-14,0.01941,13279305.34302
2019-11-15,0.01858,12584625.629239999
2019-11-16,0.01866,6834130.968528
2019-11-17,0.01874,7377211.532655999
2019-11-18,0.01715,12130650.948184999
2019-11-19,0.01695,11080110.86937
2019-11-20,0.01655,8615067.356075
2019-11-21,0.01539,12468826.06992
2019-11-22,0.01439,19417458.827755
2019-11-23,0.01503,9133609.577139
2019-11-24,0.0137,9665824.036440002
2019-11-25,0.01418,14511978.871658001
2019-11-26,0.01528,12706041.168632
2019-11-27,0.01607,17949691.621090002
2019-11-28,0.0158,7489887.616
2019-11-29,0.01614,7079811.364764001
2019-11-30,0.01548,6095118.763656
2019-12-01,0.01591,9182457.950992001
2019-12-02,0.01521,5618411.761014
2019-12-03,0.01519,4401910.538991
2019-12-04,0.01426,13638881.780276
2019-12-05,0.01449,11542553.738604
2019-12-06,0.01468,11820070.714784
2019-12-07,0.01448,8508614.094288
2019-12-08,0.01461,8508896.705946
2019-12-09,0.01438,8119928.783586001
2019-12-10,0.01412,9548583.853448
2019-12-11,0.01416,6276032.418144
2019-12-12,0.01377,11857785.458832
2019-12-13,0.01407,12498115.010870999
2019-12-14,0.01383,17418571.202832002
2019-12-15,0.01395,15601368.965219999
2019-12-16,0.0134,24463792.475660004
2019-12-17,0.01245,16599180.25299
2019-12-18,0.01336,22851777.88444
2019-12-19,0.01297,15044527.64817
2019-12-20,0.01336,9437205.458776
2019-12-21,0.01352,17714219.579784002
2019-12-22,0.01489,28745035.613593
2019-12-23,0.01378,23412240.737522002
2019-12-24,0.01354,22922475.30677
2019-12-25,0.01321,15012338.006444002
2019-12-26,0.01335,25580926.429740004
2019-12-27,0.01323,14438427.289776001
2019-12-28,0.01348,20545202.827024
2019-12-29,0.0137,20314474.30321
2019-12-30,0.0133,17993806.060370002
2019-12-31,0.0133,17847540.15625
2020-01-01,0.01322,12505812.935094
2020-01-02,0.01284,17080946.65422
2020-01-03,0.01344,32189249.150016002
2020-01-04,0.01344,13257027.825216
2020-01-05,0.01353,18030013.614789
2020-01-06,0.01472,28927980.145600002
2020-01-07,0.01434,22902491.421660002
2020-01-08,0.01402,23269223.316728
2020-01-09,0.01398,11033680.672109999
2020-01-10,0.01469,19207671.122432
2020-01-11,0.0146,21683290.09906
2020-01-12,0.01503,13135317.633368999
2020-01-13,0.01464,12036592.895976
2020-01-14,0.01677,34509576.402834
2020-01-15,0.01729,29809154.419135
2020-01-16,0.01734,18994664.480070002
2020-01-17,0.01758,23253670.349417996
2020-01-18,0.01766,14577167.000699999
2020-01-19,0.01665,18947083.159125
2020-01-20,0.01661,8863998.324962
2020-01-21,0.01732,10983482.16546
2020-01-22,0.01743,8295138.401907
2020-01-23,0.01628,12632935.76754
2020-01-24,0.01639,10644143.322691998
2020-01-25,0.01613,6877461.997155999
2020-01-26,0.01684,12405729.238192
2020-01-27,0.01713,14637048.303396
2020-01-28,0.0186,35680591.357379995
2020-01-29,0.01866,27852850.114002
2020-01-30,0.0195,25161536.28105
2020-01-31,0.01867,25032172.378838
2020-02-01,0.01907,14681085.91638
2020-02-02,0.01909,24235468.521203
2020-02-03,0.0192,18513655.793279998
2020-02-04,0.01925,18963439.589325
2020-02-05,0.02076,28826072.266140003
2020-02-06,0.02271,61530439.108356
2020-02-07,0.02204,42046539.33778
2020-02-08,0.02179,26876183.504075002
2020-02-09,0.02206,19255935.317417998
2020-02-10,0.02216,22239861.440096
2020-02-11,0.02272,20817843.550816
2020-02-12,0.02393,29573092.441678997
2020-02-13,0.02391,54850215.883098006
2020-02-14,0.02639,49595625.062256
2020-02-15,0.02364,43660008.253860004
2020-02-16,0.02223,52429740.182000995
2020-02-17,0.02179,42137031.834991
2020-02-18,0.02262,39511531.769112
2020-02-19,0.0202,24380770.13168
2020-02-20,0.0198,26687185.97094
2020-02-21,0.02016,18293255.465184
2020-02-22,0.02002,11342938.524918
2020-02-23,0.02133,15091636.897628998
2020-02-24,0.01988,19631815.125832
2020-02-25,0.01891,19556281.563408
2020-02-26,0.01636,35653967.898396
2020-02-27,0.01701,20295663.729831
2020-02-28,0.0171,14924120.95665
2020-02-29,0.01648,10300078.446448002
2020-03-01,0.01643,10280290.450073
2020-03-02,0.01759,13550058.473480001
2020-03-03,0.01723,10964178.494078
2020-03-04,0.01774,11036817.859563999
2020-03-05,0.01789,15826244.292288
2020-03-06,0.01833,8935364.102574
2020-03-07,0.01699,12618837.160262
2020-03-08,0.01465,16509220.431925
2020-03-09,0.01504,19738348.377888
2020-03-10,0.01508,9699559.150216
2020-03-11,0.01489,8953385.307379
2020-03-12,0.00841,27014323.850183003
2020-03-13,0.01029,52408749.556716
2020-03-14,0.00973,11355831.029151002
2020-03-15,0.01026,10048677.784128
2020-03-16,0.00961,15766677.689255001
2020-03-17,0.01002,9279329.72121
2020-03-18,0.01022,7276229.19177
2020-03-19,0.01163,14323620.907528998
2020-03-20,0.01127,16122229.444202
2020-03-21,0.01123,10167947.22017
2020-03-22,0.0103,7150421.973680001
2020-03-23,0.01137,10049926.084850999
2020-03-24,0.01151,10025231.515642999
2020-03-25,0.01139,8285799.832941
2020-03-26,0.01196,8041026.134804
2020-03-27,0.01121,7049887.790276
2020-03-28,0.01139,8243807.688935
2020-03-29,0.01066,5254727.708203999
2020-03-30,0.01145,6914557.16891
2020-03-31,0.01157,5618329.491918
2020-04-01,0.01158,6203924.748102
2020-04-02,0.01196,9360342.469192
2020-04-03,0.01194,7204754.8079699995
2020-04-04,0.01197,7362669.411657
2020-04-05,0.01257,13790962.687385999
2020-04-06,0.01375,17563444.142750002
2020-04-07,0.0133,14469564.77596
2020-04-08,0.01376,9825869.6968
2020-04-09,0.01345,6694392.393175
2020-04-10,0.01248,10468561.437983999
2020-04-11,0.0125,6600459.0625
2020-04-12,0.01266,6942184.755894
2020-04-13,0.01257,9247572.933267
2020-04-14,0.01245,5078824.9314749995
2020-04-15,0.01219,4861559.207925
2020-04-16,0.01302,13714404.93675
2020-04-17,0.01289,5159567.638773
2020-04-18,0.01339,6345525.823078
2020-04-19,0.0129,6778212.52248
2020-04-20,0.0124,9790982.306519998
2020-04-21,0.01249,6556945.405121
2020-04-22,0.01298,5183758.8694980005
2020-04-23,0.01361,10552816.217703
2020-04-24,0.01392,11027366.724768
2020-04-25,0.01396,10156002.037828
2020-04-26,0.01426,6299096.638746001
2020-04-27,0.01452,10379704.242732
2020-04-28,0.01528,10555418.615328
2020-04-29,0.01624,21225640.952544
2020-04-30,0.01519,22609620.154716004
2020-05-01,0.01581,13961453.602302002
2020-05-02,0.01635,9327819.480045
2020-05-03,0.01599,11509639.974651
2020-05-04,0.01623,16422309.373872
2020-05-05,0.0159,24178747.183650002
2020-05-06,0.01554,12230051.341031998
2020-05-07,0.01603,16081730.522003999
2020-05-08,0.01627,15222975.902532
2020-05-09,0.01609,11144428.313762
2020-05-10,0.01426,25511810.446734
2020-05-11,0.01398,18813583.139262002
2020-05-12,0.01455,15682546.392
2020-05-13,0.01501,10994641.795445
2020-05-14,0.01527,11749043.410689002
2020-05-15,0.01488,10263978.860928
2020-05-16,0.01497,8341362.288609001
2020-05-17,0.015,7334951.415
2020-05-18,0.01537,9824160.578868
2020-05-19,0.01553,9713587.957613
2020-05-20,0.015,12349159.1865
2020-05-21,0.01421,11088553.605934
2020-05-22,0.01484,8518929.359024001
2020-05-23,0.01496,11756228.314952001
2020-05-24,0.01421,9924423.372255
2020-05-25,0.01472,9877674.315456
2020-05-26,0.01458,6816160.004795999
2020-05-27,0.0147,8000081.4633599995
2020-05-28,0.01514,7826605.2044440005
2020-05-29,0.015,7491760.9515
2020-05-30,0.01638,17487956.115629997
2020-05-31,0.01582,24933523.281856
2020-06-01,0.01707,21713104.811375998
2020-06-02,0.01637,22565500.898851
2020-06-03,0.01691,12922658.119760001
2020-06-04,0.01687,15730898.588125
2020-06-05,0.01685,11894675.686350001
2020-06-06,0.01704,8442374.627616
2020-06-07,0.0182,28548886.260440003
2020-06-08,0.01794,22584371.678154
2020-06-09,0.01754,12528960.725614
2020-06-10,0.0176,10189541.75008
2020-06-11,0.01573,13846080.725620002
2020-06-12,0.01644,7055357.82414
2020-06-13,0.01668,6012524.879964001
2020-06-14,0.01616,5161124.6682400005
2020-06-15,0.01606,12574886.546860002
2020-06-16,0.01613,6566264.411904999
2020-06-17,0.01621,7631852.766442999
2020-06-18,0.01602,4771890.771894
2020-06-19,0.01586,5860336.892721999
2020-06-20,0.01597,4886030.334604001
2020-06-21,0.01582,3060063.974758
2020-06-22,0.01638,7279315.6379579995
2020-06-23,0.0165,8287835.29695
2020-06-24,0.01593,10431279.418778999
2020-06-25,0.0159,7199006.72415
2020-06-26,0.01585,6204131.945549999
2020-06-27,0.01544,9321943.983928
2020-06-28,0.01577,5682277.651408999
2020-06-29,0.01619,10676876.512222
2020-06-30,0.01636,7680151.550668
2020-07-01,0.01686,10639287.525827998
2020-07-02,0.01658,18143076.494046003
2020-07-03,0.01662,8618465.473182
2020-07-04,0.01682,8280575.914674001
2020-07-05,0.01688,10733585.946536
2020-07-06,0.01802,23586127.795904003
2020-07-07,0.0172,15425009.78712
2020-07-08,0.01791,24025422.886127997
2020-07-09,0.01856,31906499.652608
2020-07-10,0.01812,19355117.000988
2020-07-11,0.01837,15183293.603423001
2020-07-12,0.01818,10922826.122694
2020-07-13,0.01756,16197545.885564
2020-07-14,0.01765,11015980.538455
2020-07-15,0.01757,7703616.465566
2020-07-16,0.01716,11516420.025396
2020-07-17,0.01717,5847739.941361001
2020-07-18,0.01742,5617687.644348
2020-07-19,0.01753,7130036.738655
2020-07-20,0.01716,6933209.674248001
2020-07-21,0.01762,8595689.134636
2020-07-22,0.01794,7167715.666800001
2020-07-23,0.01792,8295485.818367999
2020-07-24,0.01794,9445688.170464002
2020-07-25,0.01877,13633564.259980999
2020-07-26,0.01852,15696669.414584
2020-07-27,0.01872,25052826.584448002
2020-07-28,0.01912,22469108.910088003
2020-07-29,0.01915,24514240.02146
2020-07-30,0.01917,15926423.397642
2020-07-31,0.01968,16324770.29064
2020-08-01,0.02046,31540608.866514
2020-08-02,0.01907,47633040.60319
2020-08-03,0.01987,23124048.394401997
2020-08-04,0.02039,21383518.122020997
2020-08-05,0.02031,17730166.570482
2020-08-06,0.02022,16656923.188512
2020-08-07,0.01988,28451389.01332
2020-08-08,0.02046,10235831.820192
2020-08-09,0.02045,10806373.354704998
2020-08-10,0.02146,29261073.534546
2020-08-11,0.0201,22012808.00775
2020-08-12,0.02019,17390569.674924
2020-08-13,0.02238,45498909.825024
2020-08-14,0.02471,62872192.87171199
2020-08-15,0.02526,46006821.249450006
2020-08-16,0.02824,69099252.72184001
2020-08-17,0.03036,80134134.684648
2020-08-18,0.02875,108448608.5275
2020-08-19,0.02648,100759379.12180799
2020-08-20,0.02746,56074095.777952
2020-08-21,0.02425,52353630.89920001
2020-08-22,0.02512,53395771.147376
2020-08-23,0.02435,26947713.111355
2020-08-24,0.0251,27210051.70048
2020-08-25,0.02299,33670686.944356
2020-08-26,0.02369,25015123.749978002
2020-08-27,0.02307,32938162.335975
2020-08-28,0.02392,22202426.72024
2020-08-29,0.02491,22858261.211246002
2020-08-30,0.02696,51394997.819736
2020-08-31,0.02917,75407693.184774
2020-09-01,0.03466,163996070.530952
2020-09-02,0.03449,332512886.997254
2020-09-03,0.03996,529086431.95999205
2020-09-04,0.03552,373323414.369408
2020-09-05,0.02988,194382838.84672803
2020-09-06,0.03142,138257407.97120398
2020-09-07,0.03249,89832475.97194499
2020-09-08,0.03518,123072464.68958202
2020-09-09,0.03397,67754320.441992
2020-09-10,0.03299,52346553.856919
2020-09-11,0.0335,46874381.75605
2020-09-12,0.03272,26411825.503048
2020-09-13,0.03065,40675160.408395
2020-09-14,0.03039,42477395.112903
2020-09-15,0.02788,53455032.868516
2020-09-16,0.02639,92425445.070504
2020-09-17,0.02813,51992400.884316
2020-09-18,0.02905,43680192.28104
2020-09-19,0.02768,26809281.455936
2020-09-20,0.02694,26235716.014914
2020-09-21,0.0249,37594899.28374
2020-09-22,0.02499,20370668.409525
2020-09-23,0.02486,31107980.762628
2020-09-24,0.02625,42340310.61225
2020-09-25,0.02714,41864244.06212
2020-09-26,0.02718,38786329.597013995
2020-09-27,0.02659,37190201.680916004
2020-09-28,0.02625,44541054.011999995
2020-09-29,0.0263,30047653.7157
2020-09-30,0.02621,21514203.976460002
2020-10-01,0.02581,46499974.61200599
2020-10-02,0.0259,32157510.06727
2020-10-03,0.02719,45671882.820249
2020-10-04,0.02644,40312466.74646801
2020-10-05,0.02643,27949467.540083997
2020-10-06,0.02556,26652648.130163997
2020-10-07,0.02551,18158069.162856
2020-10-08,0.02572,26890029.76742
2020-10-09,0.02627,38562098.867544
2020-10-10,0.02644,35304774.79022
2020-10-11,0.02656,25012969.964032
2020-10-12,0.02709,37879248.711906
2020-10-13,0.0268,24114066.33796
2020-10-14,0.02676,22378933.315488
2020-10-15,0.02652,15775306.717559999
2020-10-16,0.02572,15654554.43984
2020-10-17,0.02574,8115287.699375999
2020-10-18,0.02594,6899483.226434
2020-10-19,0.02589,13295791.446903
2020-10-20,0.02592,60179628.220128
2020-10-21,0.02667,30516664.93302
2020-10-22,0.02708,19694005.274276
2020-10-23,0.02669,14580210.749858001
2020-10-24,0.02706,14746983.821922002
2020-10-25,0.02699,15572898.749031
2020-10-26,0.02675,22889188.344024997
2020-10-27,0.02701,16486883.561532998
2020-10-28,0.02688,20737482.202752
2020-10-29,0.02655,20330721.387900002
2020-10-30,0.0256,22321953.0368
2020-10-31,0.02576,21933674.144256003
2020-11-01,0.02574,12802743.676008
2020-11-02,0.02445,21505397.812515
2020-11-03,0.02442,26747136.979332
2020-11-04,0.0242,21655597.95674
2020-11-05,0.02493,25298697.480848998
2020-11-06,0.02616,27659187.762312
2020-11-07,0.02486,37675901.198276
2020-11-08,0.02535,14441531.949975
2020-11-09,0.02479,15853309.670816999
2020-11-10,0.02483,13025711.049741
2020-11-11,0.02498,12202338.473472
2020-11-12,0.0249,16013978.13231
2020-11-13,0.0254,20472369.847659998
2020-11-14,0.02513,14353682.538426
2020-11-15,0.02533,17371269.094976
2020-11-16,0.02549,17373118.446266
2020-11-17,0.02649,26542483.362831
2020-11-18,0.02678,44451792.798816
2020-11-19,0.02581,34292986.903243
2020-11-20,0.02629,29737222.347613003
2020-11-21,0.03057,102452873.330457
2020-11-22,0.02875,83636795.09650001
2020-11-23,0.03174,83268497.112318
2020-11-24,0.03523,211849623.65764597
2020-11-25,0.03304,144771086.099416
2020-11-26,0.02942,138085337.44221202
2020-11-27,0.02938,40276339.136383995
2020-11-28,0.03047,46524769.011732
2020-11-29,0.03072,27948973.44
2020-11-30,0.03236,57779075.569768
2020-12-01,0.03024,82658287.742688
2020-12-02,0.03118,30059999.099974
2020-12-03,0.03166,23122470.771882
2020-12-04,0.02947,26289738.902755998
2020-12-05,0.03056,11198306.218208
2020-12-06,0.03091,19340948.214323997
2020-12-07,0.03029,15780242.979527
2020-12-08,0.0279,26459792.809740003
2020-12-09,0.0287,31321007.249280002
2020-12-10,0.02811,17981501.883507002
2020-12-11,0.02778,25474559.157263998
2020-12-12,0.02855,17553335.27167
2020-12-13,0.02921,18488413.168515
2020-12-14,0.0291,14366360.65536
2020-12-15,0.02918,15428370.574164001
2020-12-16,0.03145,32840720.71717
2020-12-17,0.03072,60073778.0736
2020-12-18,0.03109,29510521.037964
2020-12-19,0.03124,21674184.290880002
2020-12-20,0.03122,47749025.85301801
2020-12-21,0.02926,43059935.61254
2020-12-22,0.02885,39263830.616985
2020-12-23,0.0248,53136585.4248
2020-12-24,0.02769,48500016.740643
2020-12-25,0.02854,44089311.884398
2020-12-26,0.0278,25921329.959799998
2020-12-27,0.02889,78073097.69062799
2020-12-28,0.02959,49808834.081006005
2020-12-29,0.02767,72819073.267148
2020-12-30,0.02695,32547803.804285
2020-12-31,0.02677,24673102.679569
2021-01-01,0.02685,18467760.43221
2021-01-02,0.02721,30860874.012126
2021-01-03,0.02949,75377398.30998899
2021-01-04,0.03095,146563777.6769
2021-01-05,0.02852,132328617.8985
2021-01-06,0.03046,101226748.68055801
2021-01-07,0.03095,147954604.20248997
2021-01-08,0.0304,88714793.38496
2021-01-09,0.03382,146243476.74800003
2021-01-10,0.03275,172229276.047825
2021-01-11,0.02897,137329856.53181
2021-01-12,0.02865,53949149.50674
2021-01-13,0.03079,54407970.311666004
2021-01-14,0.03014,72551429.4175
2021-01-15,0.02972,80043562.29278399
2021-01-16,0.03008,60702340.447808
2021-01-17,0.0302,44786034.15166
2021-01-18,0.03164,57948739.54296
2021-01-19,0.03063,58159809.78912
2021-01-20,0.03046,53300907.412676
2021-01-21,0.02762,50584825.842574
2021-01-22,0.02857,41845498.48902801
2021-01-23,0.02925,29653319.325825002
2021-01-24,0.02999,39268140.26533
2021-01-25,0.02949,81375623.124255
2021-01-26,0.02949,30200724.889211997
2021-01-27,0.02823,31149183.181095
2021-01-28,0.02955,26912234.802164998
2021-01-29,0.03335,484044367.16629994
2021-01-30,0.03216,139223151.44515198
2021-01-31,0.03154,131738927.529224
2021-02-01,0.03295,127491167.133875
2021-02-02,0.03317,58749635.086798996
2021-02-03,0.03452,75430923.82036
2021-02-04,0.0331,75609790.44352
2021-02-05,0.03624,117919635.119088
2021-02-06,0.03507,78028481.95296
2021-02-07,0.03597,116657663.292357
2021-02-08,0.04042,165097397.545102
2021-02-09,0.04608,349689448.68710405
2021-02-10,0.04629,226570746.69648597
2021-02-11,0.05681,250206908.99902102
2021-02-12,0.05515,254247432.09393495
2021-02-13,0.05995,270566688.27952504
2021-02-14,0.05519,180652268.23076
2021-02-15,0.05079,220151746.49837098
2021-02-16,0.05202,130992452.025786
2021-02-17,0.05256,122201054.66635199
2021-02-18,0.05492,114279974.37660399
2021-02-19,0.06073,275102499.32201
2021-02-20,0.05773,198697714.690316
2021-02-21,0.05935,121648066.48347999
2021-02-22,0.05425,184177912.68379998
2021-02-23,0.04501,206875611.28725398
2021-02-24,0.048,115035268.9296
2021-02-25,0.0452,80196109.50556
2021-02-26,0.04517,71207466.15663101
2021-02-27,0.04652,76755331.770968
2021-02-28,0.04562,71294855.20698
2021-03-01,0.04784,76136498.32984
2021-03-02,0.04687,64633431.05845301
2021-03-03,0.04883,66937693.995272994
2021-03-04,0.05142,165431825.001072
2021-03-05,0.05019,73779510.77792399
2021-03-06,0.05015,52511654.482130006
2021-03-07,0.05173,55187841.899512
2021-03-08,0.05307,80444947.864137
2021-03-09,0.0532,72004706.98456
2021-03-10,0.05142,93666194.380188
2021-03-11,0.05151,74752533.173325
2021-03-12,0.04997,66129939.045502
2021-03-13,0.05291,95228559.136425
2021-03-14,0.05105,69192001.82285
2021-03-15,0.05069,90031660.65652399
2021-03-16,0.05237,96268803.857199
2021-03-17,0.05483,148413709.074336
2021-03-18,0.05329,68006779.341511
2021-03-19,0.05862,141403421.089734
2021-03-20,0.0609,393764422.98480004
2021-03-21,0.06337,190451794.954126
2021-03-22,0.05927,161030740.886707
2021-03-23,0.05852,112602433.678504
2021-03-24,0.05568,112522285.773504
2021-03-25,0.05528,97301043.54708001
2021-03-26,0.06464,203723241.23763204
2021-03-27,0.0636,163447899.05291998
2021-03-28,0.06362,73865479.048796
2021-03-29,0.06475,82307367.996875
2021-03-30,0.06598,100081919.42538399
2021-03-31,0.09296,951564102.749344
2021-04-01,0.08543,480528428.04407
2021-04-02,0.09232,328493184.65526396
2021-04-03,0.10143,757107067.2726331
2021-04-04,0.12761,944157170.7427089
2021-04-05,0.13655,1070831229.5383301
2021-04-06,0.12401,775578290.229432
2021-04-07,0.11045,564253774.4790001
2021-04-08,0.12349,425237605.128745
2021-04-09,0.11584,267535102.073152
2021-04-10,0.1263,411434210.28162
2021-04-11,0.12214,269500808.48041
2021-04-12,0.12874,619385337.3338059
2021-04-13,0.14622,918958101.7160399
2021-04-14,0.1404,673468531.4026799
2021-04-15,0.16421,843667297.7753761
2021-04-16,0.16091,1082231174.269603
2021-04-17,0.15535,701653083.163955
2021-04-18,0.14302,682661143.7419701
2021-04-19,0.12993,402050418.6953759
2021-04-20,0.13279,413793646.80534995
2021-04-21,0.12273,275523271.136028
2021-04-22,0.11001,363232445.66577595
2021-04-23,0.10915,641432826.419235
2021-04-24,0.10249,346234914.35563
2021-04-25,0.10176,199443529.649664
2021-04-26,0.11732,339463628.030856
2021-04-27,0.12594,308478136.01230204
2021-04-28,0.12266,266157537.57931402
2021-04-29,0.12123,179805741.059727
2021-04-30,0.13223,288674656.144644
2021-05-01,0.13112,181364956.598584
2021-05-02,0.12759,150170072.048103
2021-05-03,0.13159,262024954.57643902
2021-05-04,0.11917,288786034.851345
2021-05-05,0.14654,627134254.33619
2021-05-06,0.15216,848630673.46752
2021-05-07,0.14763,870703915.8328981
2021-05-08,0.14301,386509976.117874
2021-05-09,0.14295,301225652.10298496
2021-05-10,0.12716,383554291.231012
2021-05-11,0.13893,375419977.110717
2021-05-12,0.11918,441925154.776344
2021-05-13,0.12159,496288446.660909
2021-05-14,0.12473,262693032.68820897
2021-05-15,0.12059,278720630.707044
2021-05-16,0.11964,341236987.946148
2021-05-17,0.11279,295123457.73987705
2021-05-18,0.11627,231147538.73673
2021-05-19,0.07881,580559809.780158
2021-05-20,0.08928,352284864.441696
2021-05-21,0.0779,276822590.19988
2021-05-22,0.07534,190286194.619228
2021-05-23,0.06285,264306931.99306503
2021-05-24,0.07696,267702565.882544
2021-05-25,0.07714,220645916.66233203
2021-05-26,0.08312,205731257.83079198
2021-05-27,0.07949,126632121.98690102
2021-05-28,0.07204,154406290.51710802
2021-05-29,0.06877,107093897.608503
2021-05-30,0.07196,90800481.617972
2021-05-31,0.07679,117735508.995867
2021-06-01,0.07614,96444102.06820801
2021-06-02,0.07804,101155146.1803
2021-06-03,0.08223,106932144.923034
2021-06-04,0.07714,140816055.607934
2021-06-05,0.07552,107097720.23385601
2021-06-06,0.07745,65357602.12752
2021-06-07,0.0717,82834716.72549
2021-06-08,0.07242,122204003.45560199
2021-06-09,0.07536,106076896.690128
2021-06-10,0.07257,111670015.48178999
2021-06-11,0.06919,66606205.511351
2021-06-12,0.06804,63464838.405444
2021-06-13,0.07153,55624128.732778
2021-06-14,0.07203,60435752.246688
2021-06-15,0.07174,53189327.076084
2021-06-16,0.06895,63762151.14247999
2021-06-17,0.0739,63714564.93174999
2021-06-18,0.06962,94352503.350006
2021-06-19,0.06827,46981119.295105994
2021-06-20,0.06768,58155903.859824
2021-06-21,0.05351,105934322.83181201
2021-06-22,0.05103,138280141.642419
2021-06-23,0.05797,106843440.58967699
2021-06-24,0.06611,194141155.89086902
2021-06-25,0.06139,141875894.077981
2021-06-26,0.06274,83988167.758244
2021-06-27,0.06479,59586618.187118
2021-06-28,0.06532,54342902.60524
2021-06-29,0.06793,81913675.418799
2021-06-30,0.06828,79203811.51726799
2021-07-01,0.06471,55217073.899025
2021-07-02,0.06657,44377494.813351
2021-07-03,0.06683,41366089.399258
2021-07-04,0.06736,47976031.949024
2021-07-05,0.06448,54970213.180688
2021-07-06,0.06494,43324259.58831199
2021-07-07,0.06433,36320245.354623996
2021-07-08,0.06106,58494833.081512004
2021-07-09,0.06219,42711917.861781
2021-07-10,0.06142,35568150.969868
2021-07-11,0.06184,25037197.885447998
2021-07-12,0.06004,34051141.311116
2021-07-13,0.05937,31885254.545114998
2021-07-14,0.05989,43321545.560505
2021-07-15,0.05784,37810969.780872
2021-07-16,0.05562,36181225.748376
2021-07-17,0.05597,33818739.544066
2021-07-18,0.05592,27528905.797103997
2021-07-19,0.05345,29830581.607509997
2021-07-20,0.05045,45367124.16809
2021-07-21,0.05388,49572166.794708
2021-07-22,0.05526,36379147.627242
2021-07-23,0.056,36587180.2184
2021-07-24,0.05727,38644406.578257
2021-07-25,0.05791,39537797.609135
2021-07-26,0.05842,100372998.606916
2021-07-27,0.06019,62087609.191036
2021-07-28,0.0607,57808613.72344
2021-07-29,0.06185,37267770.486895
2021-07-30,0.06325,56588844.472325005
2021-07-31,0.06396,49082524.646844
2021-08-01,0.0632,64324848.55944001
2021-08-02,0.06463,50220201.445257
2021-08-03,0.06403,44762829.391703
2021-08-04,0.06737,48833079.818063
2021-08-05,0.07013,94748782.588955
2021-08-06,0.07196,68613113.012024
2021-08-07,0.07527,95687993.59645501
2021-08-08,0.07192,84582993.733048
2021-08-09,0.07395,78070381.97314501
2021-08-10,0.07464,68411543.32780801
2021-08-11,0.08341,183109334.896818
2021-08-12,0.08415,185762464.63434
2021-08-13,0.08951,93537043.87236801
2021-08-14,0.09264,130093127.271408
2021-08-15,0.09295,109341532.07191502
2021-08-16,0.08936,123606725.64260799
2021-08-17,0.08509,105664184.434607
2021-08-18,0.08456,98641062.4794
2021-08-19,0.08825,86447606.242275
2021-08-20,0.09059,82323747.980724
2021-08-21,0.08799,57952867.127274
2021-08-22,0.08795,54109486.80248
2021-08-23,0.08987,85070729.754021
2021-08-24,0.08457,74692778.533947
2021-08-25,0.08758,70505966.111692
2021-08-26,0.08303,63951370.12877501
2021-08-27,0.08828,66671491.345048
2021-08-28,0.08829,42831184.127112
2021-08-29,0.08847,59336698.462515
2021-08-30,0.08616,52188689.47759201
2021-08-31,0.08875,96035945.521
2021-09-01,0.095,106933693.831
2021-09-02,0.09953,176259738.06724
2021-09-03,0.10161,172023068.295567
2021-09-04,0.10146,87210460.841694
2021-09-05,0.10519,104404459.340984
2021-09-06,0.10381,112846164.99410799
2021-09-07,0.08539,202871740.81124
2021-09-08,0.09272,215227039.19165602
2021-09-09,0.09303,124966456.304298
2021-09-10,0.09075,143164095.22469997
2021-09-11,0.09555,124223137.60174501
2021-09-12,0.11241,527437758.82001394
2021-09-13,0.10462,333275219.16523004
2021-09-14,0.11822,413854766.210798
2021-09-15,0.12069,258921713.41903803
2021-09-16,0.11594,233626667.728432
2021-09-17,0.10545,282696912.86335504
2021-09-18,0.10586,100836746.40739399
2021-09-19,0.10369,95204816.807499
2021-09-20,0.0914,223072583.33617997
2021-09-21,0.08826,155563448.77878
2021-09-22,0.09876,111822529.59049201
2021-09-23,0.09923,86108674.992717
2021-09-24,0.09226,115277757.11375
2021-09-25,0.09055,79789001.21859
2021-09-26,0.08769,122548893.643014
2021-09-27,0.08599,99688641.954618
2021-09-28,0.08305,111636602.14751
2021-09-29,0.08581,108341129.606236
2021-09-30,0.08943,69284766.808818
2021-10-01,0.09481,97425094.122915
2021-10-02,0.09338,67906108.202058
2021-10-03,0.09494,62798250.240668
2021-10-04,0.09351,141130425.596139
2021-10-05,0.09618,305619078.149868
2021-10-06,0.09549,223150359.20537704
2021-10-07,0.09547,208679844.9277
2021-10-08,0.09771,201111651.205683
2021-10-09,0.10306,236772048.42424598
2021-10-10,0.09747,108734112.089604
2021-10-11,0.09707,103423190.565581
2021-10-12,0.09549,148101878.84031
2021-10-13,0.09793,159866786.696085
2021-10-14,0.09729,133967925.331974
2021-10-15,0.09861,179031761.135073
2021-10-16,0.09871,75404082.715056
2021-10-17,0.0987,113172096.82295999
2021-10-18,0.0981,126268857.99801
2021-10-19,0.10055,197758126.91674
2021-10-20,0.10324,272675507.123796
2021-10-21,0.09958,259514339.48323
2021-10-22,0.09982,200067628.311026
2021-10-23,0.10066,133612020.40613
2021-10-24,0.09913,108825180.183876
2021-10-25,0.10074,312459104.659764
2021-10-26,0.10112,332047253.17363197
2021-10-27,0.09064,285783852.86536795
2021-10-28,0.09527,320116888.273056
2021-10-29,0.0996,295832641.88088
2021-10-30,0.10111,428467046.33128905
2021-10-31,0.10152,326705571.49039197
2021-11-01,0.10048,157139660.638656
2021-11-02,0.10748,459652721.79274005
2021-11-03,0.10587,450331572.930969
2021-11-04,0.10329,320616197.781693
2021-11-05,0.10346,195833953.87899
2021-11-06,0.10252,272998696.389584
2021-11-07,0.1045,342954395.3099
2021-11-08,0.10993,517957916.60758805
2021-11-09,0.11436,572226124.74402
2021-11-10,0.10662,449985148.284624
2021-11-11,0.10893,392304431.420997
2021-11-12,0.10796,416683570.049216
2021-11-13,0.11255,502477889.55316997
2021-11-14,0.117,320935889.2779
2021-11-15,0.1238,601092089.2709
2021-11-16,0.10934,489009997.10871005
2021-11-17,0.11119,368570252.43701
2021-11-18,0.10038,349558411.087032
2021-11-19,0.10387,582488186.46603
2021-11-20,0.10519,455423803.12275404
2021-11-21,0.10643,426135054.660343
2021-11-22,0.10182,463806965.474982
2021-11-23,0.10283,393043581.591661
2021-11-24,0.09785,307851751.98815
2021-11-25,0.10019,243410248.04667798
2021-11-26,0.09229,550361620.013117
2021-11-27,0.09335,328284253.52175003
2021-11-28,0.09518,525537658.394552
2021-11-29,0.09655,367199087.75495994
2021-11-30,0.09652,537705045.049024
2021-12-01,0.09688,291570615.24208796
2021-12-02,0.0975,409581214.6725
2021-12-03,0.09388,454409684.76992804
2021-12-04,0.08696,570480889.009784
2021-12-05,0.08432,240327740.14088002
2021-12-06,0.08729,368065043.044174
2021-12-07,0.08999,193258616.90417
2021-12-08,0.09237,156939370.53476697
2021-12-09,0.08861,136207847.631829
2021-12-10,0.08771,106411250.40467599
2021-12-11,0.0916,82937077.5676
2021-12-12,0.09101,90319006.793424
2021-12-13,0.08497,120182641.57895601
2021-12-14,0.08707,161096461.105395
2021-12-15,0.08754,184724750.70801002
2021-12-16,0.08533,131690387.47902101
2021-12-17,0.07951,165562800.783251
2021-12-18,0.08042,75472593.96905
2021-12-19,0.07944,65106651.51645599
2021-12-20,0.07759,110138706.945774
2021-12-21,0.07884,87076258.807176
2021-12-22,0.07913,83798641.813894
2021-12-23,0.08274,92531015.89943399
2021-12-24,0.08085,108978990.23896502
2021-12-25,0.08153,156779471.121254
2021-12-26,0.08149,86667233.28999801
2021-12-27,0.08114,98929259.026212
2021-12-28,0.07713,136931572.877184
2021-12-29,0.0765,95533401.7305
2021-12-30,0.07782,93579142.747158
2021-12-31,0.07539,133353136.283388
2022-01-01,0.0766,125457648.70685999
2022-01-02,0.07762,134638622.10679197
2022-01-03,0.07705,135479106.50684
2022-01-04,0.07592,136657863.281784
2022-01-05,0.07112,130346582.03834401
2022-01-06,0.07106,230587618.077014
2022-01-07,0.0682,160491072.61879998
2022-01-08,0.06539,73367736.648284
2022-01-09,0.06611,88734891.43644401
2022-01-10,0.06342,118937974.678782
2022-01-11,0.06493,102862981.399246
2022-01-12,0.06806,100144191.544954
2022-01-13,0.0662,121151823.89865999
2022-01-14,0.06765,118336435.67608501
2022-01-15,0.06842,69398309.16517399
2022-01-16,0.06988,89348922.59208399
2022-01-17,0.07085,160437197.30103
2022-01-18,0.06846,124626774.11070599
2022-01-19,0.06915,157663714.51893
2022-01-20,0.06773,117518776.425258
2022-01-21,0.06103,158539215.192328
2022-01-22,0.0568,178481837.27400002
2022-01-23,0.05752,100056337.458928
2022-01-24,0.05506,149305985.84545198
2022-01-25,0.05588,97252708.32376
2022-01-26,0.0562,93101032.09651999
2022-01-27,0.05649,78671881.949955
2022-01-28,0.05757,69681680.041776
2022-01-29,0.06034,67402195.361928
2022-01-30,0.05863,63335706.973825
2022-01-31,0.05906,64368482.278575994
2022-02-01,0.05979,65953660.75731
2022-02-02,0.05847,81343043.09785801
2022-02-03,0.05981,67117181.029844
2022-02-04,0.06441,97816350.953697
2022-02-05,0.06467,82922104.53297001
2022-02-06,0.06617,65249012.113896005
2022-02-07,0.06852,110644973.13535199
2022-02-08,0.06806,129437615.71053
2022-02-09,0.06991,90847614.200598
2022-02-10,0.0685,111759948.3431
2022-02-11,0.06399,106637280.012342
2022-02-12,0.06352,91413041.464336
2022-02-13,0.06427,88914223.539254
2022-02-14,0.06442,82083028.048262
2022-02-15,0.06685,90392052.10812001
2022-02-16,0.0664,71740556.07696001
2022-02-17,0.06249,92661113.86177799
2022-02-18,0.06306,94130475.19023001
2022-02-19,0.06348,78913417.69656
2022-02-20,0.06199,100687644.100635
2022-02-21,0.05954,129475122.275824
2022-02-22,0.06265,126077837.69710499
2022-02-23,0.06081,100023409.26784201
2022-02-24,0.0611,163756736.06578
2022-02-25,0.05943,188594708.246007
2022-02-26,0.05961,114941841.64805402
2022-02-27,0.05807,85964078.513254
2022-02-28,0.06176,92195348.986048
2022-03-01,0.06219,87724091.818764
2022-03-02,0.06153,83932141.515789
2022-03-03,0.05995,70193239.45183001
2022-03-04,0.05829,81850347.220815
2022-03-05,0.06037,60622159.827294
2022-03-06,0.05889,59449702.308555
2022-03-07,0.05859,66027518.321877
2022-03-08,0.06054,84780136.14773999
2022-03-09,0.0608,92300512.78336
2022-03-10,0.05989,103781418.937721
2022-03-11,0.06022,81629993.12624401
2022-03-12,0.05967,47814983.711118
2022-03-13,0.05931,47558034.663984
2022-03-14,0.06007,63763672.679152
2022-03-15,0.0605,60253906.467149995
2022-03-16,0.06107,84150849.144645
2022-03-17,0.06071,49067378.094436005
2022-03-18,0.06162,55792029.948642
2022-03-19,0.06191,56328839.526964
2022-03-20,0.06156,96020373.43385999
2022-03-21,0.06177,96264575.18417099
2022-03-22,0.06344,103939908.82028
2022-03-23,0.06431,85549507.25306301
2022-03-24,0.06564,98011166.80800001
2022-03-25,0.06437,94456706.572156
2022-03-26,0.06632,112703296.988688
2022-03-27,0.06899,143723278.512746
2022-03-28,0.0691,128281609.08244
2022-03-29,0.06936,100846086.13188
2022-03-30,0.07334,187535005.458458
2022-03-31,0.07388,235398206.859956
2022-04-01,0.07494,120825336.65554802
2022-04-02,0.07322,94273277.44456999
2022-04-03,0.07312,57255682.425776
2022-04-04,0.0707,79828689.37512
2022-04-05,0.06928,72036018.264848
2022-04-06,0.06308,91631726.280276
2022-04-07,0.06431,78853352.190486
2022-04-08,0.06259,67818888.44733201
2022-04-09,0.06394,63389452.699228
2022-04-10,0.06238,57401000.87446199
2022-04-11,0.05823,72198910.874673
2022-04-12,0.05991,64481559.83478599
2022-04-13,0.0615,56287543.441199996
2022-04-14,0.06013,64512915.133254
2022-04-15,0.06181,58139596.089057
2022-04-16,0.06186,44800450.195512004
2022-04-17,0.06009,53624374.33537199
2022-04-18,0.06148,81670320.51334399
2022-04-19,0.0631,75713957.4809
2022-04-20,0.06261,74380363.39375201
2022-04-21,0.07112,447648384.52465606
2022-04-22,0.06661,213386967.014796
2022-04-23,0.06761,99885655.999062
2022-04-24,0.06567,72303343.49838601
2022-04-25,0.06531,87617304.12693301
2022-04-26,0.0619,69002442.78098
2022-04-27,0.06318,63288652.895208
2022-04-28,0.06372,63768454.625088
2022-04-29,0.06368,179270537.510784
2022-04-30,0.06262,113783183.36553599
2022-05-01,0.07079,243387823.821918
2022-05-02,0.06894,223719352.704432
2022-05-03,0.07261,253578387.69241697
2022-05-04,0.08629,474495397.800088
2022-05-05,0.07451,411672172.347324
2022-05-06,0.08629,532523319.60214406
2022-05-07,0.08351,429117601.644375
2022-05-08,0.08794,443754523.3509241
2022-05-09,0.07272,481949085.17332804
2022-05-10,0.07691,383882607.045324
2022-05-11,0.07496,627486835.3590881
2022-05-12,0.06729,363088330.02884096
2022-05-13,0.07426,208549732.42640603
2022-05-14,0.07243,118490247.42502399
2022-05-15,0.0724,101542448.15204
2022-05-16,0.06917,89426506.948658
2022-05-17,0.07225,83100440.39404999
2022-05-18,0.071,73609189.153
2022-05-19,0.07357,81833613.932147
2022-05-20,0.07124,81236160.88874
2022-05-21,0.07404,57628226.549375996
2022-05-22,0.07815,62090832.75729
2022-05-23,0.07616,132444513.779648
2022-05-24,0.08064,171782167.519872
2022-05-25,0.0847,139333220.84143
2022-05-26,0.08223,243855847.572747
2022-05-27,0.08083,169133839.56155398
2022-05-28,0.08118,74351571.446592
2022-05-29,0.08055,67354891.19554499
2022-05-30,0.08325,101140564.61857499
2022-05-31,0.08441,125742504.72923
2022-06-01,0.08356,263363926.16797197
2022-06-02,0.08432,128946396.788816
2022-06-03,0.0811,93199263.61644001
2022-06-04,0.08043,118736927.30797799
2022-06-05,0.08151,55015121.665217996
2022-06-06,0.08161,73708728.12584701
2022-06-07,0.08186,91882874.082598
2022-06-08,0.08062,66296630.866544
2022-06-09,0.08102,46419253.646698
2022-06-10,0.07893,63695218.010616004
2022-06-11,0.0762,79462647.84858
2022-06-12,0.07618,118325399.197356
2022-06-13,0.06387,375402851.088348
2022-06-14,0.05559,300950149.634772
2022-06-15,0.06302,535612560.50922805
2022-06-16,0.05923,163731338.847668
2022-06-17,0.05989,106590006.83659199
2022-06-18,0.06089,155304578.66811
2022-06-19,0.06132,118161019.27518
2022-06-20,0.06115,70898987.815355
2022-06-21,0.0649,90159321.50588
2022-06-22,0.0631,54663372.76111001
2022-06-23,0.0638,48075918.99638
2022-06-24,0.06584,53172397.503784
2022-06-25,0.0648,33158728.34136
2022-06-26,0.06504,33900187.544328
2022-06-27,0.06703,85446515.29020001
2022-06-28,0.06591,76841701.498419
2022-06-29,0.06492,48934301.042772
2022-06-30,0.06481,65923992.07719201
2022-07-01,0.06512,63504631.398032
2022-07-02,0.06475,26847600.1143
2022-07-03,0.06628,45987191.56811601
2022-07-04,0.06733,47357450.58502
2022-07-05,0.06814,54214762.819626
2022-07-06,0.06755,39197043.017055
2022-07-07,0.06862,41908796.661934
2022-07-08,0.06902,46240024.349134006
2022-07-09,0.0698,33925396.47624
2022-07-10,0.06763,31782020.957416996
2022-07-11,0.06475,36839965.78885
2022-07-12,0.06461,35342624.993948996
2022-07-13,0.06624,54552687.158015996
2022-07-14,0.06679,44000162.975692
2022-07-15,0.06703,35540089.540482
2022-07-16,0.06895,39213137.76873499
2022-07-17,0.06744,37656567.762264
2022-07-18,0.06882,68703265.48581001
2022-07-19,0.06909,64547062.530825
2022-07-20,0.06753,59948736.230304
2022-07-21,0.06802,42787875.936308
2022-07-22,0.067,35167324.3393
2022-07-23,0.06698,33250522.82257
2022-07-24,0.06683,32132810.159091
2022-07-25,0.06369,44863798.12794
2022-07-26,0.06536,33855451.769552
2022-07-27,0.06866,44232394.106232
2022-07-28,0.06968,44754730.123272
2022-07-29,0.06924,51713598.183348
2022-07-30,0.06911,33149944.866874002
2022-07-31,0.06886,27427106.927352
2022-08-01,0.06986,35396719.137108006
2022-08-02,0.06831,42585195.573359996
2022-08-03,0.06783,27948191.450991
2022-08-04,0.06891,27587559.316023
2022-08-05,0.06989,23908112.762195
2022-08-06,0.06947,15946004.637696002
2022-08-07,0.06962,14353092.475734
2022-08-08,0.0701,21124392.77646
2022-08-09,0.0684,26611900.636320002
2022-08-10,0.07038,26652096.088074
2022-08-11,0.07034,29271033.651497997
2022-08-12,0.07045,23756106.995185
2022-08-13,0.06997,28685188.692736004
2022-08-14,0.07036,37897877.97787601
2022-08-15,0.06886,33931181.995502
2022-08-16,0.06974,28576139.873049997
2022-08-17,0.06832,33093686.322144
2022-08-18,0.06741,26201668.709286
2022-08-19,0.06407,39870209.760941
2022-08-20,0.06579,22603925.757590998
2022-08-21,0.0659,21938202.87946
2022-08-22,0.06562,22620546.67658
2022-08-23,0.06631,37667568.960328996
2022-08-24,0.06482,27936060.536622003
2022-08-25,0.06549,18890259.186090004
2022-08-26,0.06158,38980567.568413995
2022-08-27,0.0629,24564249.68222
2022-08-28,0.06141,16742841.602906998
2022-08-29,0.06337,26749346.778597996
2022-08-30,0.06472,65110929.96344
2022-08-31,0.06339,28590450.560376
2022-09-01,0.06328,25428631.671744
2022-09-02,0.06261,21049807.772352
2022-09-03,0.0631,12500924.85447
2022-09-04,0.06351,15618003.652668
2022-09-05,0.06295,21928212.176555
2022-09-06,0.06069,35570959.239816
2022-09-07,0.06181,24208459.719759
2022-09-08,0.06126,35494022.730528
2022-09-09,0.06343,32327285.178639002
2022-09-10,0.06474,25632989.490108002
2022-09-11,0.06419,20660382.811852
2022-09-12,0.06386,29999664.148484
2022-09-13,0.06068,31810215.422668
2022-09-14,0.06162,23972363.837447997
2022-09-15,0.06131,27621850.889779
2022-09-16,0.06132,24088886.241336
2022-09-17,0.06228,14918678.587512001
2022-09-18,0.06077,20164848.378322
2022-09-19,0.06028,32501276.935863998
2022-09-20,0.05978,23108632.36192
2022-09-21,0.05905,37481717.363965
2022-09-22,0.06022,26230764.251224
2022-09-23,0.06042,28044470.388054
2022-09-24,0.05985,19238817.135195
2022-09-25,0.0597,13326116.63577
2022-09-26,0.05959,26090376.117418
2022-09-27,0.05938,26873383.141184002
2022-09-28,0.05954,26960274.748264004
2022-09-29,0.06099,36677460.618888006
2022-09-30,0.06101,33785848.947233
2022-10-01,0.06049,19696975.108714003
2022-10-02,0.06093,28244232.298430998
2022-10-03,0.06137,20780762.555171
2022-10-04,0.06236,23941522.99606
2022-10-05,0.06245,20479477.332025
2022-10-06,0.06277,31691568.315934002
2022-10-07,0.06251,22783120.072306998
2022-10-08,0.06205,16753572.741215002
2022-10-09,0.06236,12204476.635176
2022-10-10,0.06274,61056514.50097801
2022-10-11,0.06166,28641977.20358
2022-10-12,0.06173,45081262.866311006
2022-10-13,0.061,39955808.365899995
2022-10-14,0.06393,68302854.51345
2022-10-15,0.06174,38567215.576134
2022-10-16,0.06187,17820918.026562
2022-10-17,0.06265,25799498.309129998
2022-10-18,0.06218,25467657.44497
2022-10-19,0.06174,33717558.672504
2022-10-20,0.06215,20724320.586255
2022-10-21,0.06167,24942287.124363
2022-10-22,0.06158,12241286.827242
2022-10-23,0.06188,16026031.848736
2022-10-24,0.06131,17403447.900111
2022-10-25,0.06235,22712225.004095
2022-10-26,0.06341,26360575.319726996
2022-10-27,0.06296,26459742.664448
2022-10-28,0.06356,22270218.2668
2022-10-29,0.06428,26817190.556392
2022-10-30,0.0631,21576980.20261
2022-10-31,0.06325,25221228.56385
2022-11-01,0.06277,17785126.762160003
2022-11-02,0.06157,25194737.836668
2022-11-03,0.06171,22716767.767980002
2022-11-04,0.06381,25569505.035873003
2022-11-05,0.06363,25863508.934991002
2022-11-06,0.06268,26847805.244664002
2022-11-07,0.06227,22273506.227479
2022-11-08,0.05872,62910538.536912
2022-11-09,0.05338,135752289.627608
2022-11-10,0.05782,150605201.795454
2022-11-11,0.05601,47942324.523279
2022-11-12,0.05502,32862710.690712
2022-11-13,0.05084,53843646.49378
2022-11-14,0.05015,112509411.9799
2022-11-15,0.05074,42309438.219358005
2022-11-16,0.05016,35162411.542368
2022-11-17,0.05006,28732221.821376
2022-11-18,0.05068,20967479.481032
2022-11-19,0.05215,28004956.910805
2022-11-20,0.05008,20147829.461088
2022-11-21,0.05155,42572758.920614995
2022-11-22,0.05072,54775200.27956801
2022-11-23,0.0518,31347888.786760002
2022-11-24,0.05283,44023976.649441004
2022-11-25,0.05297,30707662.226932004
2022-11-26,0.05279,17476488.830972
2022-11-27,0.05327,20853106.028825
2022-11-28,0.05299,31754555.72772
2022-11-29,0.05326,28941508.462318
2022-11-30,0.05461,25980199.46317
2022-12-01,0.05415,20450912.92713
2022-12-02,0.05445,18153463.050855
2022-12-03,0.05358,13635632.945112001
2022-12-04,0.05309,17721874.917095996
2022-12-05,0.05334,24625676.768868
2022-12-06,0.05364,22210535.395655997
2022-12-07,0.05312,22234138.580096003
2022-12-08,0.05448,18482599.847808
2022-12-09,0.05464,16222698.883415999
2022-12-10,0.05483,15532944.492666997
2022-12-11,0.05397,9970310.178423
2022-12-12,0.05352,31136692.628712
2022-12-13,0.0545,28705268.9953
2022-12-14,0.05558,34143757.596018
2022-12-15,0.05577,20317060.607415
2022-12-16,0.05292,26322944.121936
2022-12-17,0.05486,26692460.629406
2022-12-18,0.05378,23435084.455594
2022-12-19,0.05356,20352498.280452
2022-12-20,0.05497,17588404.803382996
2022-12-21,0.05492,14425293.9277
2022-12-22,0.05554,17508706.1892
2022-12-23,0.05423,17955440.695093002
2022-12-24,0.05473,10023903.109362999
2022-12-25,0.05481,10806513.046245
2022-12-26,0.05459,11144778.280228
2022-12-27,0.05415,15201408.935025
2022-12-28,0.05416,18329780.177696
2022-12-29,0.05402,17466535.162226
2022-12-30,0.05439,16962710.976666
2022-12-31,0.0545,12630128.27305
2023-01-01,0.05481,8361467.546103001
2023-01-02,0.05517,13434844.950162
2023-01-03,0.05483,12453783.752237
2023-01-04,0.05477,19810768.827012002
2023-01-05,0.05374,18764686.58714
2023-01-06,0.05249,97494203.02373601
2023-01-07,0.05201,24256454.023011003
2023-01-08,0.05439,24844320.2217
2023-01-09,0.05461,41946627.376707
2023-01-10,0.05486,20680719.90816
2023-01-11,0.05652,26290847.585952003
2023-01-12,0.0571,26336096.89644
2023-01-13,0.0601,30850475.614180002
2023-01-14,0.06177,59044637.404572
2023-01-15,0.06231,27670095.040379997
2023-01-16,0.06242,27878074.0812
2023-01-17,0.06168,21882387.303216
2023-01-18,0.05891,28531577.343543
2023-01-19,0.06009,14286354.938252999
2023-01-20,0.06272,19693690.207744
2023-01-21,0.06172,28440902.714819998
2023-01-22,0.06166,20700067.21794
2023-01-23,0.06273,23308425.567656998
2023-01-24,0.06019,23915575.719399
2023-01-25,0.0618,23639240.40108
2023-01-26,0.06172,18634032.365167998
2023-01-27,0.06366,37238057.42122799
2023-01-28,0.06312,25549069.1448
2023-01-29,0.06378,32871624.605334003
2023-01-30,0.06227,36572749.407506
2023-01-31,0.06218,27223605.03779
2023-02-01,0.06312,29826098.132016
2023-02-02,0.06383,33660956.281537
2023-02-03,0.06416,27206797.596351996
2023-02-04,0.06384,20303917.494335998
2023-02-05,0.06411,30682155.76854
2023-02-06,0.06316,23348730.658763997
2023-02-07,0.06577,36074827.26183099
2023-02-08,0.06695,54383530.378709994
2023-02-09,0.06265,38379224.95484
2023-02-10,0.06329,23764630.716289002
2023-02-11,0.06372,17452095.837624
2023-02-12,0.06388,18924764.347092
2023-02-13,0.0656,34235436.68608
2023-02-14,0.06675,32753222.248125
2023-02-15,0.07085,43239788.52622
2023-02-16,0.06683,47818623.283934
2023-02-17,0.07031,45912417.808246
2023-02-18,0.07014,23556633.15285
2023-02-19,0.07038,23690503.90746
2023-02-20,0.07197,49429841.51075701
2023-02-21,0.06948,37501410.292164
2023-02-22,0.06944,28465539.422208
2023-02-23,0.06955,21353997.738775
2023-02-24,0.06787,21402156.300777998
2023-02-25,0.06785,21779871.29133
2023-02-26,0.06951,16602215.106015
2023-02-27,0.06943,21246050.027214002
2023-02-28,0.06905,19778360.40653
2023-03-01,0.06984,20015777.193336
2023-03-02,0.06972,19728723.402108
2023-03-03,0.06715,30791299.87919
2023-03-04,0.0667,17287797.48562
2023-03-05,0.06725,13794085.990175001
2023-03-06,0.06739,17146514.666203
2023-03-07,0.06629,23110391.415110998
2023-03-08,0.06532,19700837.287068
2023-03-09,0.05863,51697846.42022
2023-03-10,0.05736,69798832.432176
2023-03-11,0.05877,48239418.915927
2023-03-12,0.06458,43383766.631234
2023-03-13,0.06694,86470629.9468
2023-03-14,0.06695,57882135.156234995
2023-03-15,0.06517,38231990.399323
2023-03-16,0.06512,33362131.81488
2023-03-17,0.06763,35237789.423535
2023-03-18,0.06579,31025306.371518
2023-03-19,0.0665,24098125.528750002
2023-03-20,0.06503,27187180.638345003
2023-03-21,0.067,30372390.426700003
2023-03-22,0.05978,90403596.182242
2023-03-23,0.0652,78488317.32959999
2023-03-24,0.06341,32770374.859017998
2023-03-25,0.06368,22051548.919584002
2023-03-26,0.06412,19947718.624567997
2023-03-27,0.06355,25319662.855984997
2023-03-28,0.06418,25124707.13585
2023-03-29,0.06433,27770908.047021996
2023-03-30,0.06481,29812197.128078002
2023-03-31,0.06553,24504916.416451
2023-04-01,0.06648,25837777.060608
2023-04-02,0.06518,19218307.141706
2023-04-03,0.06574,24087498.299714003
2023-04-04,0.06573,26704423.713198
2023-04-05,0.06616,20815936.426992
2023-04-06,0.06608,24342798.021584
2023-04-07,0.06603,15934998.090291
2023-04-08,0.06613,13935564.715979999
2023-04-09,0.06662,13781839.128112
2023-04-10,0.0673,20369838.366809998
2023-04-11,0.06632,39724594.487504005
2023-04-12,0.06514,47393711.924222
2023-04-13,0.06523,25905114.823675998
2023-04-14,0.06619,25581534.531383
2023-04-15,0.06588,13317689.927699998
2023-04-16,0.06655,11140118.89551
2023-04-17,0.06574,18301477.398754004
2023-04-18,0.06681,15929905.632431997
2023-04-19,0.06563,28570895.851193998
2023-04-20,0.06542,28425246.904340003
2023-04-21,0.06497,21673607.501043
2023-04-22,0.0661,18888670.911330003
2023-04-23,0.06671,18488876.603316
2023-04-24,0.0661,18781911.102560002
2023-04-25,0.06584,16959839.917992
2023-04-26,0.06507,28710468.844920002
2023-04-27,0.06576,17305057.964544002
2023-04-28,0.06667,15255338.868806997
2023-04-29,0.068,17300279.4796
2023-04-30,0.06713,18439154.983865
2023-05-01,0.06851,32863339.208245
2023-05-02,0.06922,25852668.185862005
2023-05-03,0.06927,29385339.883523997
2023-05-04,0.0694,18649209.917600002
2023-05-05,0.07092,23805434.535552002
2023-05-06,0.07025,17888281.515825003
2023-05-07,0.0692,15643930.98256
2023-05-08,0.0685,22930607.365700003
2023-05-09,0.06906,17825552.97588
2023-05-10,0.06933,22905513.693234
2023-05-11,0.06771,23203329.768786002
2023-05-12,0.06908,23002960.826164003
2023-05-13,0.06934,12946055.15198
2023-05-14,0.06939,13577954.059476
2023-05-15,0.07026,13886772.466764001
2023-05-16,0.07055,18451221.724600002
2023-05-17,0.07121,18751750.093319997
2023-05-18,0.07016,20443549.689032
2023-05-19,0.07067,11419484.163773
2023-05-20,0.07257,28726351.074945
2023-05-21,0.07501,44232692.551086
2023-05-22,0.078,55642319.5146
2023-05-23,0.07848,26767224.266688
2023-05-24,0.07686,28507412.745126
2023-05-25,0.07677,28099074.890097003
2023-05-26,0.07538,24163468.886288002
2023-05-27,0.07716,16230213.116712
2023-05-28,0.07742,17264394.673918
2023-05-29,0.0761,18889049.51124
2023-05-30,0.07635,20858189.509335004
2023-05-31,0.07522,22142987.474902
2023-06-01,0.07477,17738875.928046003
2023-06-02,0.08266,40523197.44197
2023-06-03,0.08177,59674110.207504004
2023-06-04,0.08138,28513461.860494
2023-06-05,0.07832,29306912.660432003
2023-06-06,0.07821,26267347.298214
2023-06-07,0.07675,24876113.3564
2023-06-08,0.07741,15750987.542443002
2023-06-09,0.072,42817807.6344
2023-06-10,0.06961,53915899.422425
2023-06-11,0.07025,15957357.967775
2023-06-12,0.07115,14478289.99204
2023-06-13,0.07192,17510838.273064
2023-06-14,0.071,15781869.6624
2023-06-15,0.07098,22194772.641131997
2023-06-16,0.07053,19269425.966907
2023-06-17,0.07164,12496013.244396
2023-06-18,0.07016,15474028.1226
2023-06-19,0.06999,14272583.193225
2023-06-20,0.07057,24706138.414045
2023-06-21,0.07233,27798082.069224004
2023-06-22,0.07226,20246584.874002002
2023-06-23,0.07315,17672443.834815003
2023-06-24,0.0722,15330409.90062
2023-06-25,0.07313,13399069.769133
2023-06-26,0.07383,17898618.188607004
2023-06-27,0.07432,13523553.911696
2023-06-28,0.07375,14152681.662125
2023-06-29,0.07445,13627550.590610001
2023-06-30,0.0762,24732538.37328
2023-07-01,0.07726,15318317.980023999
2023-07-02,0.07603,14563488.534728
2023-07-03,0.07731,14037346.372257
2023-07-04,0.07703,16389001.675708
2023-07-05,0.07707,16574289.073503
2023-07-06,0.07711,16328386.819283001
2023-07-07,0.07882,17511753.213948
2023-07-08,0.08007,15513853.658541001
2023-07-09,0.07748,18187985.96212
2023-07-10,0.07754,18281283.396433998
2023-07-11,0.07734,12371211.882786002
2023-07-12,0.07784,12179349.534408
2023-07-13,0.08171,29316602.803233
2023-07-14,0.07988,27339544.109452
2023-07-15,0.08082,19482909.418458
2023-07-16,0.0798,17685052.8393
2023-07-17,0.07997,17433771.187261
2023-07-18,0.07978,16338515.006984001
2023-07-19,0.08031,15402269.347752001
2023-07-20,0.08073,14900913.053090999
2023-07-21,0.08043,13536504.379776
2023-07-22,0.0839,103339957.77213001
2023-07-23,0.08337,26813216.96004
2023-07-24,0.08148,23444964.863124
2023-07-25,0.0819,25318241.73333
2023-07-26,0.08242,28502970.570853997
2023-07-27,0.08265,23909653.158675
2023-07-28,0.08506,25103413.885408
2023-07-29,0.08322,17717649.689562
2023-07-30,0.07999,27591396.916216
2023-07-31,0.07792,30719537.595680002
2023-08-01,0.07866,22222940.819381997
2023-08-02,0.07632,18880771.669488
2023-08-03,0.07714,12861466.07319
2023-08-04,0.07679,14788806.557301
2023-08-05,0.07754,18941803.389114
2023-08-06,0.07699,11384898.344128
2023-08-07,0.07685,15389204.791945
2023-08-08,0.07677,17330532.073686004
2023-08-09,0.07674,15490645.647276001
2023-08-10,0.07734,13084842.393888
2023-08-11,0.07723,10706113.442987999
2023-08-12,0.07751,7808680.407422999
2023-08-13,0.07711,11001180.935503
2023-08-14,0.07748,14652629.828095999
2023-08-15,0.07634,16913555.80178
2023-08-16,0.07465,23335625.914115
2023-08-17,0.07265,31946465.911590006
2023-08-18,0.07297,18059799.676893
2023-08-19,0.07408,10457321.437312
2023-08-20,0.07591,13535431.939040001
2023-08-21,0.0751,18634080.23467
2023-08-22,0.07548,17074939.108416
2023-08-23,0.0776,19791650.04792
2023-08-24,0.07664,15669027.429824
2023-08-25,0.07724,18391392.32676
2023-08-26,0.07745,10343767.2136
2023-08-27,0.07755,10095281.712945
2023-08-28,0.07634,15270029.010324001
2023-08-29,0.07732,20878083.070832003
2023-08-30,0.07562,17195367.23542
2023-08-31,0.07673,19756056.535156
2023-09-01,0.07608,20030277.838512
2023-09-02,0.07702,10144516.444014002
2023-09-03,0.07703,7982421.572249
2023-09-04,0.07751,13818422.388705999
2023-09-05,0.07746,13776533.759898001
2023-09-06,0.07893,24775283.017295998
2023-09-07,0.07917,15785403.284742
2023-09-08,0.07915,12338822.86276
2023-09-09,0.07917,8065246.125846
2023-09-10,0.0783,12695517.627390001
2023-09-11,0.07755,18661028.498145
2023-09-12,0.08075,35880688.440175
2023-09-13,0.08123,21448444.029965
2023-09-14,0.08377,22726620.668321
2023-09-15,0.08405,23982673.89452
2023-09-16,0.08352,16466436.430271998
2023-09-17,0.08334,14129839.180044
2023-09-18,0.08388,19798466.518764
2023-09-19,0.08455,16750045.409935
2023-09-20,0.08444,15430411.716544
2023-09-21,0.08301,18927018.04191
2023-09-22,0.08334,17342085.564198
2023-09-23,0.08362,11084885.53182
2023-09-24,0.0836,11546617.114559999
2023-09-25,0.08466,14476769.633916
2023-09-26,0.08471,14777994.282390999
2023-09-27,0.0855,18721673.3358
2023-09-28,0.08675,20846483.864125
2023-09-29,0.08912,28220681.744336
2023-09-30,0.0886,12443867.315419998
2023-10-01,0.09011,17047784.097208
2023-10-02,0.08744,22389282.303272
2023-10-03,0.09071,27474333.251321003
2023-10-04,0.08891,22531110.899356
2023-10-05,0.08824,16584586.2288
2023-10-06,0.08719,27996416.686806
2023-10-07,0.08808,14710594.229808
2023-10-08,0.08802,9485203.045338001
2023-10-09,0.08613,18869052.157956
2023-10-10,0.08622,13770255.838374
2023-10-11,0.08603,19239439.517809
2023-10-12,0.08481,16151200.116479998
2023-10-13,0.08549,13358649.045297
2023-10-14,0.08501,11404218.215906
2023-10-15,0.08667,12359185.85502
2023-10-16,0.08885,29690468.7345
2023-10-17,0.08854,19220173.004302
2023-10-18,0.08915,21762934.027295
2023-10-19,0.08999,21441133.046149
2023-10-20,0.09074,28111429.922992002
2023-10-21,0.0916,21296879.8208
2023-10-22,0.09031,22081239.072332
2023-10-23,0.09219,37137767.872191
2023-10-24,0.09236,38623292.771072
2023-10-25,0.09351,26990476.026975
2023-10-26,0.09285,29159611.93323
2023-10-27,0.09353,23465867.357555002
2023-10-28,0.09433,19900235.25196
2023-10-29,0.09489,15954743.993757002
2023-10-30,0.09558,22413786.694542002
2023-10-31,0.09715,30422849.710915003
2023-11-01,0.10014,47588052.04067401
2023-11-02,0.09922,28507166.14361
2023-11-03,0.09722,26268309.834432002
2023-11-04,0.09765,19328755.526954997
2023-11-05,0.09808,18067826.22752
2023-11-06,0.09765,27278530.44903
2023-11-07,0.09658,20773308.049845997
2023-11-08,0.09833,20478935.084110998
2023-11-09,0.09889,42167562.988408
2023-11-10,0.10622,90065336.47127599
2023-11-11,0.108,32383594.962
2023-11-12,0.10851,24460497.761745
2023-11-13,0.10688,37480481.067456
2023-11-14,0.10222,43253634.333382
2023-11-15,0.10406,38380806.652958
2023-11-16,0.10233,30764814.654897
2023-11-17,0.10371,24565105.174119
2023-11-18,0.1029,21026810.249970004
2023-11-19,0.10349,19114270.641865
2023-11-20,0.10096,29559350.407727998
2023-11-21,0.09612,45620661.478356
2023-11-22,0.10115,52993122.315805
2023-11-23,0.10208,18791422.411872
2023-11-24,0.10455,39188297.65677
2023-11-25,0.10895,39495858.04919
2023-11-26,0.10778,26685388.654188
2023-11-27,0.10193,39450047.089417
2023-11-28,0.10295,44681651.743795
2023-11-29,0.10343,28068309.051271997
2023-11-30,0.10347,25108761.774288002
2023-12-01,0.10306,24151502.53376
2023-12-02,0.10317,20057301.15936
2023-12-03,0.10308,21348393.429684002
2023-12-04,0.10384,42874252.69336
2023-12-05,0.10356,28042204.963391997
2023-12-06,0.10476,47270426.13255601
2023-12-07,0.10416,27991208.000112
2023-12-08,0.10663,41863683.397015
2023-12-09,0.10664,36894085.148256
2023-12-10,0.10784,26349561.046976004
2023-12-11,0.10383,44866717.51699801
2023-12-12,0.10359,28196006.041665
2023-12-13,0.1043,29964659.22205
2023-12-14,0.106,27723799.4892
2023-12-15,0.10156,30296511.278396003
2023-12-16,0.10282,24257503.011498
2023-12-17,0.10203,20374729.763975997
2023-12-18,0.1009,42140592.00658
2023-12-19,0.1006,22977530.495419998
2023-12-20,0.10273,23450025.213695
2023-12-21,0.10463,23935151.768864002
2023-12-22,0.10508,24743130.194796
2023-12-23,0.10676,25428971.901044
2023-12-24,0.1062,30616600.35348
2023-12-25,0.10586,39444065.39063
2023-12-26,0.10305,44737975.12491
2023-12-27,0.10534,26444772.591326002
2023-12-28,0.10545,33465719.970255
2023-12-29,0.1056,33130901.3376
2023-12-30,0.10595,24622490.09961
2023-12-31,0.10764,30766970.171807997
2024-01-01,0.10772,23655430.427368
2024-01-02,0.10834,40070323.10013401
2024-01-03,0.10675,69747805.3755
2024-01-04,0.10696,39110733.975992
2024-01-05,0.10438,37747893.32882
2024-01-06,0.10387,27019217.320784
2024-01-07,0.1028,19335986.88128
2024-01-08,0.1042,39687436.698300004
2024-01-09,0.10277,36595354.264749
2024-01-10,0.10524,39349479.851604
2024-01-11,0.10619,46445291.78983401
2024-01-12,0.10684,46721197.450184
2024-01-13,0.11424,123297343.315776
2024-01-14,0.11121,58425210.566613
2024-01-15,0.10865,57787423.725355
2024-01-16,0.10807,40949192.914105
2024-01-17,0.10838,26559416.874110002
2024-01-18,0.10813,37825635.686399005
2024-01-19,0.1105,42223850.34335
2024-01-20,0.11006,20340856.763254
2024-01-21,0.10895,23425945.82854
2024-01-22,0.10931,36780311.298174
2024-01-23,0.10722,44577118.104312
2024-01-24,0.10882,27277700.432954
2024-01-25,0.11212,38213432.703099996
2024-01-26,0.11448,39020582.148696
2024-01-27,0.11244,32884792.237752
2024-01-28,0.11224,25778499.315840002
2024-01-29,0.11304,38072088.641160004
2024-01-30,0.11206,27048574.624526
2024-01-31,0.11226,47126459.390766
2024-02-01,0.11564,39547951.433928
2024-02-02,0.11629,38022293.899228
2024-02-03,0.11724,16738394.134019999
2024-02-04,0.11843,25321281.700545996
2024-02-05,0.11898,39191207.017014004
2024-02-06,0.12101,48651366.475921005
2024-02-07,0.1236,40204217.62176
2024-02-08,0.12189,45069970.291884005
2024-02-09,0.1237,34343561.5722
2024-02-10,0.12436,18600978.330532
2024-02-11,0.12422,17205651.071338
2024-02-12,0.125,36610258.075
2024-02-13,0.12687,33828616.152963005
2024-02-14,0.12956,41745825.834164
2024-02-15,0.13104,56642246.139024
2024-02-16,0.13282,39973740.949917994
2024-02-17,0.1359,83648886.57828
2024-02-18,0.13518,30394251.677628
2024-02-19,0.13636,37942015.99501601
2024-02-20,0.13921,63774019.494773
2024-02-21,0.13971,69541283.611983
2024-02-22,0.13901,43904917.871762
2024-02-23,0.13817,35472854.527398996
2024-02-24,0.13742,24353235.995839998
2024-02-25,0.13765,19704315.386324998
2024-02-26,0.13983,39089741.855391
2024-02-27,0.14288,60876930.779296
2024-02-28,0.14214,77393850.80136599
2024-02-29,0.14049,60399086.352003
2024-03-01,0.14148,38249442.215568
2024-03-02,0.1412,36310894.27548
2024-03-03,0.14065,38268273.481555
2024-03-04,0.14026,63997787.944851995
2024-03-05,0.13585,102139311.329055
2024-03-06,0.13775,69255149.74945001
2024-03-07,0.13709,46077051.16247299
2024-03-08,0.13662,43340948.695836
2024-03-09,0.13579,36611429.007582
2024-03-10,0.13377,33007540.571187
2024-03-11,0.13372,65669004.78117201
2024-03-12,0.13142,61620784.69392
2024-03-13,0.13194,48899606.82417
2024-03-14,0.12913,69778438.513015
2024-03-15,0.12633,87861556.799583
2024-03-16,0.12527,47855211.690206
2024-03-17,0.12624,42615200.951904
2024-03-18,0.12408,47153389.98057599
2024-03-19,0.11244,94631290.963944
2024-03-20,0.12071,78532261.68673299
2024-03-21,0.12115,52868973.606024995
2024-03-22,0.11737,47206637.7057
2024-03-23,0.11823,34639006.873359
2024-03-24,0.12014,32946604.998097997
2024-03-25,0.12043,53244308.687493004
2024-03-26,0.12079,47507534.725554004
2024-03-27,0.11933,46982865.138006
2024-03-28,0.12044,30200181.810624
2024-03-29,0.11989,34958564.423422
2024-03-30,0.12256,32065331.485024
2024-03-31,0.12296,24098941.687728003
2024-04-01,0.12051,45179947.547865
2024-04-02,0.11662,58042212.362918
2024-04-03,0.11712,50923854.06048
2024-04-04,0.11915,41357605.83636
2024-04-05,0.1179,37883932.44138
2024-04-06,0.11959,23497168.183509
2024-04-07,0.12056,19931479.994184002
2024-04-08,0.12303,40247354.496159
2024-04-09,0.12109,41891067.179083
2024-04-10,0.1191,64860455.59662
2024-04-11,0.1203,37619288.0058
2024-04-12,0.1148,91251389.24328001
2024-04-13,0.11006,93415134.74908201
2024-04-14,0.11243,71535843.464165
2024-04-15,0.11146,89952102.06263201
2024-04-16,0.1118,72734745.10171999
2024-04-17,0.10971,53036884.376973
2024-04-18,0.10925,50615665.8014
2024-04-19,0.10989,70659118.472679
2024-04-20,0.11105,37389650.58669499
2024-04-21,0.11132,22944892.308844
2024-04-22,0.11223,36518103.337923005
2024-04-23,0.11322,34368749.557956
2024-04-24,0.11329,42123599.605900995
2024-04-25,0.11722,51391797.921826005
2024-04-26,0.12014,50771096.144928
2024-04-27,0.11975,40799625.95985
2024-04-28,0.12124,30185038.404836
2024-04-29,0.11901,43838129.498385005
2024-04-30,0.11956,82251241.191784
2024-05-01,0.12045,73113184.9305
2024-05-02,0.12226,49212822.231316
2024-05-03,0.1227,32808647.06082
2024-05-04,0.12226,25541222.384708
2024-05-05,0.12107,23518149.714934
2024-05-06,0.11864,39460265.943767995
2024-05-07,0.12051,39205543.00455
2024-05-08,0.12293,58250564.563089
2024-05-09,0.1262,54993842.45998
2024-05-10,0.12741,50076194.93960399
2024-05-11,0.12638,23894136.638107996
2024-05-12,0.12738,15608523.203459999
2024-05-13,0.12561,33303603.317919
2024-05-14,0.12546,24949416.541716
2024-05-15,0.12633,22790227.372173
2024-05-16,0.125,38313209.8125
2024-05-17,0.12434,29364083.843356002
2024-05-18,0.12299,20605422.599881
2024-05-19,0.12117,23415076.299153
2024-05-20,0.12442,35063876.632072
2024-05-21,0.12361,35668663.218115
2024-05-22,0.12007,30244017.602234
2024-05-23,0.11532,42172375.929120004
2024-05-24,0.11547,37374150.547377005
2024-05-25,0.11378,31588718.314038005
2024-05-26,0.11311,19961281.12054
2024-05-27,0.1125,40411102.24125
2024-05-28,0.11118,36553594.363788
2024-05-29,0.1121,28763550.91862
2024-05-30,0.11198,26351532.148018
2024-05-31,0.11213,28353982.989279997
2024-06-01,0.11262,18603292.964886002
2024-06-02,0.11477,25373101.573555
2024-06-03,0.11338,30456235.521794
2024-06-04,0.11446,25093901.174864
2024-06-05,0.11459,21337327.2056
2024-06-06,0.11479,23911501.022864
2024-06-07,0.11268,44400755.876292
2024-06-08,0.11479,39988651.33055
2024-06-09,0.11688,31491153.54468
2024-06-10,0.11763,35085713.621975996
2024-06-11,0.11658,43473272.594280005
2024-06-12,0.11649,48843012.18786
2024-06-13,0.11696,31410246.613296002
2024-06-14,0.1165,37613742.1168
2024-06-15,0.1153,16865215.43357
2024-06-16,0.1173,20961585.705420002
2024-06-17,0.11678,42624547.987474
2024-06-18,0.11544,44860217.615928
2024-06-19,0.11582,29404994.137234
2024-06-20,0.11679,22616839.494876
2024-06-21,0.11835,34717807.89882
2024-06-22,0.11966,21091910.847652
2024-06-23,0.11924,17706895.724936
2024-06-24,0.11909,39435476.497803
2024-06-25,0.12189,28439343.181734
2024-06-26,0.12268,37315750.95879199
2024-06-27,0.12201,24056555.368587
2024-06-28,0.12321,24477486.052959003
2024-06-29,0.12553,28793082.072964
2024-06-30,0.1247,18716300.426230002
2024-07-01,0.12781,29541877.826675
2024-07-02,0.12923,23092539.501128003
2024-07-03,0.1287,38348622.79677001
2024-07-04,0.1272,53910018.77256001
2024-07-05,0.12684,108790631.29250401
2024-07-06,0.12991,34457757.973396994
2024-07-07,0.12466,41419156.74738
2024-07-08,0.12612,53169882.288768
2024-07-09,0.12996,32914700.676648
2024-07-10,0.13147,27802156.777153
2024-07-11,0.13435,43209923.747564994
2024-07-12,0.13727,33665325.274553
2024-07-13,0.13946,49951724.198908
2024-07-14,0.13761,29225441.493864004
2024-07-15,0.1373,35369431.22813
2024-07-16,0.13402,49976853.395298
2024-07-17,0.13358,27214721.384172
2024-07-18,0.13449,23857795.100646
2024-07-19,0.13466,29179031.574106
2024-07-20,0.13468,19232354.828232
2024-07-21,0.13431,17588674.465032004
2024-07-22,0.1324,43351874.316759996
2024-07-23,0.134,27976650.0068
2024-07-24,0.1343,22023242.63122
2024-07-25,0.1356,29912335.93524
2024-07-26,0.1375,20955459.20875
2024-07-27,0.1372,16833795.118839998
2024-07-28,0.1386,20477133.369
2024-07-29,0.1375,45711687.518750004
2024-07-30,0.133,28229336.636200003
2024-07-31,0.1287,33486602.137560003
2024-08-01,0.1283,35807747.63943
2024-08-02,0.1236,39866165.960880004
2024-08-03,0.1255,35244178.56655
2024-08-04,0.1264,50069904.17344001
2024-08-05,0.1215,134724675.3003
2024-08-06,0.1234,41653561.408
2024-08-07,0.1247,33588263.38404
2024-08-08,0.127,27884330.6295
2024-08-09,0.1283,26804900.48449
2024-08-10,0.1291,22821491.03463
2024-08-11,0.1277,17498179.629710004
2024-08-12,0.1267,30018300.954600003
2024-08-13,0.1287,26765810.73738
2024-08-14,0.1304,38769368.0268
2024-08-15,0.1302,36722128.72188
2024-08-16,0.1341,50565754.88505
2024-08-17,0.1349,42381723.37087999
2024-08-18,0.1351,28835332.20169
2024-08-19,0.1432,113393908.8676
2024-08-20,0.1613,263582717.77229
2024-08-21,0.1539,276566080.99932003
2024-08-22,0.1554,224723810.80044
2024-08-23,0.1583,117593762.42876
2024-08-24,0.1589,123656357.38750002
2024-08-25,0.1664,176428472.3136
2024-08-26,0.1616,148654356.46352
2024-08-27,0.1579,118621253.89421001
2024-08-28,0.1583,81652172.73336999
2024-08-29,0.1599,62741896.28694
2024-08-30,0.16,66379932.032
2024-08-31,0.1577,51451782.20984
2024-09-01,0.1556,47242311.23223999
2024-09-02,0.1542,48735701.7399
2024-09-03,0.1503,51057005.54571
2024-09-04,0.15,69868422.99
2024-09-05,0.1498,41481463.33394
2024-09-06,0.1478,50041959.46904
2024-09-07,0.1515,40055139.9945
2024-09-08,0.1532,46551634.69996
2024-09-09,0.1546,45720934.015999995
2024-09-10,0.1531,39552638.20882
2024-09-11,0.1534,39511884.33556
2024-09-12,0.152,45835908.5296
2024-09-13,0.149,48071119.9489
2024-09-14,0.1475,36292766.56824999
2024-09-15,0.149,36048990.7895
2024-09-16,0.1489,41240508.44267
2024-09-17,0.15,33195207.33
2024-09-18,0.1496,30877623.828480005
2024-09-19,0.1515,35551860.7917
2024-09-20,0.152,32907226.2592
2024-09-21,0.152,17033369.888
2024-09-22,0.1517,23041979.05146
2024-09-23,0.1523,32702271.276409995
2024-09-24,0.1513,29857975.85275
2024-09-25,0.15,23735840.79
2024-09-26,0.1532,33008904.897239998
2024-09-27,0.1552,44819072.541279994
2024-09-28,0.1551,25738655.095559996
2024-09-29,0.1565,33880457.9185
2024-09-30,0.156,46442087.6244
2024-10-01,0.1536,66680904.545279995
2024-10-02,0.1544,49304120.544640005
2024-10-03,0.1577,60288421.66132001
2024-10-04,0.1565,34053114.712450005
2024-10-05,0.1535,21358816.5975
2024-10-06,0.1543,18843802.07952
2024-10-07,0.1559,34776978.13339
2024-10-08,0.16,48385567.328
2024-10-09,0.1605,40485817.08075
2024-10-10,0.1588,34703482.21336
2024-10-11,0.1598,36436151.599759996
2024-10-12,0.1625,39311199.83375
2024-10-13,0.1626,26832392.421359997
2024-10-14,0.1606,53199560.435779996
2024-10-15,0.1588,44602522.859759994
2024-10-16,0.1601,34770977.47099
2024-10-17,0.1594,26443523.078679997
2024-10-18,0.1585,23245586.510300003
2024-10-19,0.1567,22240127.017669998
2024-10-20,0.1567,19216416.034760002
2024-10-21,0.1584,30069989.532
2024-10-22,0.1603,31242099.899359997
2024-10-23,0.1603,28497799.42184
2024-10-24,0.1646,42369027.9292
2024-10-25,0.1626,73305400.35329999
2024-10-26,0.1652,33534862.695880003
2024-10-27,0.164,29372663.039600004
2024-10-28,0.1642,29616124.3751
2024-10-29,0.1663,44523927.40543
2024-10-30,0.1692,41987959.21116
2024-10-31,0.1684,42546432.25636
2024-11-01,0.1674,41544744.459479995
2024-11-02,0.1661,20170307.639790002
2024-11-03,0.1651,32126896.56904
2024-11-04,0.1629,36647091.459359996
2024-11-05,0.1602,43500698.163720004
2024-11-06,0.1625,64401943.10875
2024-11-07,0.1601,51933826.99188999
2024-11-08,0.1609,28144449.754979994
2024-11-09,0.1621,26763565.79074
2024-11-10,0.1639,90177834.13616998
2024-11-11,0.1677,81143017.84251
2024-11-12,0.1873,274698467.91508996
2024-11-13,0.177,164435437.6617
2024-11-14,0.1765,114149499.19330001
2024-11-15,0.1912,143663860.16816
2024-11-16,0.2002,141791176.60707998
2024-11-17,0.1993,99653046.44001
2024-11-18,0.2022,115487367.87635998
2024-11-19,0.1995,92657767.61850001
2024-11-20,0.1947,84625304.63244
2024-11-21,0.1985,107708034.77950001
2024-11-22,0.2048,109636091.904
2024-11-23,0.212,207945921.2652
2024-11-24,0.2085,204031883.23889998
2024-11-25,0.1959,184918191.93980998
2024-11-26,0.1944,197811833.72399998
2024-11-27,0.2011,94040589.05239
2024-11-28,0.2032,97728831.78096
2024-11-29,0.2044,66350111.26155999
2024-11-30,0.2049,57783234.17705999
2024-12-01,0.2072,76719247.76656
2024-12-02,0.221,314810564.29940003
2024-12-03,0.4334,2050855094.7016
2024-12-04,0.3306,1265581997.8137
2024-12-05,0.3223,1178605827.1313698
2024-12-06,0.3255,410403686.16135
2024-12-07,0.3188,276828610.94527996
2024-12-08,0.3183,197897819.2035
2024-12-09,0.2629,372099987.55996007
2024-12-10,0.2694,451286479.46412
2024-12-11,0.2822,311627907.94076
2024-12-12,0.2969,557460190.3850601
2024-12-13,0.2906,273376203.15252006
2024-12-14,0.2823,183788327.65428
2024-12-15,0.2856,124272985.28568001
2024-12-16,0.2967,357562195.3173
2024-12-17,0.2796,320560541.51616
2024-12-18,0.2581,327276844.98591
2024-12-19,0.2513,407561772.33079004
2024-12-20,0.2486,406810072.90814
2024-12-21,0.2449,242328893.20286
2024-12-22,0.2442,198102537.20862
2024-12-23,0.2526,233318816.20086
2024-12-24,0.2564,145716749.27636
2024-12-25,0.258,117832837.4694
2024-12-26,0.2537,169532512.60889998
2024-12-27,0.2594,247931133.63676003
2024-12-28,0.2584,100877423.47288
2024-12-29,0.2578,135927526.94239998
2024-12-30,0.2534,168244064.94308
2024-12-31,0.2548,99727074.67996001
2025-01-01,0.2559,68685709.63677001
2025-01-02,0.2651,163706223.00483
2025-01-03,0.2702,158955293.87542
2025-01-04,0.2697,151868765.826
2025-01-05,0.2627,87546439.78243999
2025-01-06,0.2684,156164384.44332
2025-01-07,0.2526,222724951.01639998
2025-01-08,0.2505,245827337.70375
2025-01-09,0.2402,216593641.26204002
2025-01-10,0.2445,156314540.66415
2025-01-11,0.241,66670194.54739999
2025-01-12,0.2336,71965303.4896
2025-01-13,0.2228,275408620.23392004
2025-01-14,0.2209,126691192.15295
2025-01-15,0.2381,188642293.2466
2025-01-16,0.2371,218558112.82431
2025-01-17,0.2487,144269731.79958
2025-01-18,0.2423,358974585.20193994
2025-01-19,0.2287,410733941.73936
2025-01-20,0.2383,530956216.36924005
2025-01-21,0.2448,230721646.76207998
2025-01-22,0.2536,255256952.00063998
2025-01-23,0.2527,288594123.72881997
2025-01-24,0.2543,166604108.19813
2025-01-25,0.2534,83810286.03192
2025-01-26,0.2462,80145311.5673
2025-01-27,0.2465,261556759.9829
2025-01-28,0.2399,100390236.25077
2025-01-29,0.2402,125171055.70512
2025-01-30,0.2519,105242283.23367001
2025-01-31,0.2537,124351544.53952
2025-02-01,0.2443,119853418.15124999
2025-02-02,0.2255,323346091.5498
2025-02-03,0.2287,548258302.8348
2025-02-04,0.2245,334591133.62315
2025-02-05,0.2225,134196819.55925
2025-02-06,0.2316,181232111.82887998
2025-02-07,0.23,148157690.744
2025-02-08,0.2313,77800014.61596
2025-02-09,0.2322,87129919.75824
2025-02-10,0.2462,144252925.38075998
2025-02-11,0.241,113532262.56239998
2025-02-12,0.2433,148522383.98183998
2025-02-13,0.2342,102789691.10069999
2025-02-14,0.2315,96383197.5853
2025-02-15,0.2375,63786205.75124999
2025-02-16,0.2424,80818950.72695999
2025-02-17,0.2388,119442450.6402
2025-02-18,0.2392,117417814.7584
2025-02-19,0.2424,82484343.90432
2025-02-20,0.2464,84349149.83264
2025-02-21,0.2379,136780409.11314002
2025-02-22,0.2393,69084371.13349001
2025-02-23,0.246,81434075.8356
2025-02-24,0.2401,202262407.50275
2025-02-25,0.2309,436587417.46134996
2025-02-26,0.2272,229318778.18304002
2025-02-27,0.2286,101579347.35144
2025-02-28,0.2333,278410386.24169
2025-03-01,0.2341,87710880.31073001
2025-03-02,0.2441,134755916.95093
2025-03-03,0.2312,221045910.57672
2025-03-04,0.2426,276092942.9735
2025-03-05,0.2437,100596191.26638
2025-03-06,0.2401,97591899.26738
2025-03-07,0.2436,135454800.80580002
2025-03-08,0.2438,106195815.82141998
2025-03-09,0.2321,97744888.48278001
2025-03-10,0.2292,179559653.11308
2025-03-11,0.2244,176495814.83159998
2025-03-12,0.2229,134605327.40111998
2025-03-13,0.2253,113625762.62945999
2025-03-14,0.2224,77528117.13759999
2025-03-15,0.2215,85926308.74065001
2025-03-16,0.2119,97297791.46125999
2025-03-17,0.2206,100657423.19783999
2025-03-18,0.2371,161220259.44372
2025-03-19,0.2309,233377748.67009
2025-03-20,0.2339,119568058.74554001
2025-03-21,0.2335,85390299.67915
2025-03-22,0.237,64782591.4212
2025-03-23,0.23,66606353.545
2025-03-24,0.2282,113685549.45831999
2025-03-25,0.2272,53382952.986880004
2025-03-26,0.2314,72377138.2347
2025-03-27,0.235,75581436.255
2025-03-28,0.2325,79667616.9525
2025-03-29,0.2318,79603901.9329
2025-03-30,0.2319,56020910.210489996
2025-03-31,0.2388,76161971.67624001
2025-04-01,0.2378,62276934.82016
2025-04-02,0.2341,109975799.47398001
2025-04-03,0.2382,76455193.60902001
2025-04-04,0.239,75936013.5818
2025-04-05,0.2375,36610394.15
2025-04-06,0.2301,80582041.02273001
2025-04-07,0.2287,195715647.95542
2025-04-08,0.2306,120128816.09254
2025-04-09,0.2385,155681197.23735
2025-04-10,0.2363,143488138.43091002
2025-04-11,0.243,89439391.377
2025-04-12,0.246,111374274.0198
2025-04-13,0.2547,118542870.46602
2025-04-14,0.2521,147360656.86339998
2025-04-15,0.2505,116414772.49035
2025-04-16,0.2476,128236883.84831999
2025-04-17,0.2478,134591315.0169
2025-04-18,0.2398,86061593.68642
2025-04-19,0.244,58178547.138399996
2025-04-20,0.2438,76613535.67276
2025-04-21,0.2463,116191601.97974999
2025-04-22,0.2483,119299573.4697
2025-04-23,0.2462,109454159.02907999
2025-04-24,0.2454,89216292.85224001
2025-04-25,0.2419,86738325.48055999
2025-04-26,0.2519,125755897.57335001
2025-04-27,0.2454,95801541.75377999
2025-04-28,0.2483,87393001.96691999
2025-04-29,0.2438,64287404.40849999
2025-04-30,0.2464,70761550.1824
2025-05-01,0.2447,63147866.78406
2025-05-02,0.2478,57644721.28842
2025-05-03,0.2456,62175304.554000005
2025-05-04,0.2471,59073627.854569994
2025-05-05,0.2483,83225317.77755
2025-05-06,0.2459,65970424.268010005
2025-05-07,0.2487,66046484.94612
2025-05-08,0.2571,124262305.17207
2025-05-09,0.2602,241045444.44384
2025-05-10,0.2662,164189280.80742002
2025-05-11,0.2651,168326234.69783
2025-05-12,0.2717,393133811.90941
2025-05-13,0.2709,179614353.90024
2025-05-14,0.2746,180532313.99424
2025-05-15,0.2733,189715243.33823997
2025-05-16,0.2717,127971179.2788
2025-05-17,0.2696,101123146.66976
2025-05-18,0.2679,124286366.17308001
2025-05-19,0.2667,112679176.7367
2025-05-20,0.2691,147861261.79578
2025-05-21,0.2683,156460269.01601997
2025-05-22,0.2759,199969231.13395998
2025-05-23,0.2688,179868996.14208
2025-05-24,0.2703,68172689.11694999
2025-05-25,0.2723,81693382.31999
2025-05-26,0.2739,66702024.04536
2025-05-27,0.2779,90531588.74094999
2025-05-28,0.2738,69257197.14522
2025-05-29,0.2747,91138394.22154
2025-05-30,0.267,134432297.1432
2025-05-31,0.2657,89997357.05655
2025-06-01,0.2708,50726815.55404
2025-06-02,0.2688,61874829.24672
2025-06-03,0.2702,48493372.74138
2025-06-04,0.2744,67549330.30272
2025-06-05,0.282,161332350.3624
2025-06-06,0.2779,89361124.32422
2025-06-07,0.2869,69136907.49101
2025-06-08,0.2817,69455353.75371
2025-06-09,0.287,89435628.5991
2025-06-10,0.2927,119814905.61466001
2025-06-11,0.2795,155126363.6403
2025-06-12,0.2718,156191450.97906
2025-06-13,0.2697,151780351.4235
2025-06-14,0.2711,44125275.83116
2025-06-15,0.2739,42649653.61305
2025-06-16,0.2741,315156071.76179004
2025-06-17,0.2715,156864359.71005002
2025-06-18,0.273,85286065.6557
2025-06-19,0.2748,53406903.029640004
2025-06-20,0.2722,80439016.05973999
2025-06-21,0.271,65808730.11750001
2025-06-22,0.2635,192868604.4505
2025-06-23,0.2727,137535447.95244
2025-06-24,0.2738,68157176.43076
2025-06-25,0.2731,66480914.31109001
2025-06-26,0.271,72166217.7886
2025-06-27,0.2732,44044295.728080004
2025-06-28,0.2747,45973150.24586
2025-06-29,0.2769,32724934.144109998
2025-06-30,0.2798,50493149.02075999
2025-07-01,0.2788,41615211.669879995
2025-07-02,0.2844,53411763.64284
2025-07-03,0.287,64316898.4031
2025-07-04,0.2827,55319274.48696
2025-07-05,0.2832,31362973.8048
2025-07-06,0.287,29346293.635399997
2025-07-07,0.2867,35289760.91148
2025-07-08,0.2874,33407291.90676
2025-07-09,0.2899,45767340.05571
2025-07-10,0.2939,63873056.02399
2025-07-11,0.3009,151230869.71232998
2025-07-12,0.3022,181208593.81890002
2025-07-13,0.3028,74424882.8564
2025-07-14,0.3025,138388387.7035
2025-07-15,0.3005,128932142.56535
2025-07-16,0.3096,98963095.44456
2025-07-17,0.3156,224314075.76352
2025-07-18,0.3261,398297592.94038
2025-07-19,0.3179,195149909.94444
2025-07-20,0.314,146507806.8708
2025-07-21,0.3143,202318003.46632
2025-07-22,0.3158,224444371.53494
2025-07-23,0.3095,287682793.1615
2025-07-24,0.3139,283941533.03972
2025-07-25,0.317,265189626.4169
2025-07-26,0.3201,85216940.21445
2025-07-27,0.3199,89342480.51526
2025-07-28,0.3224,198295969.87511998
2025-07-29,0.3385,616565008.0814501
2025-07-30,0.3274,312927523.80270004
2025-07-31,0.325,164393716.9875
2025-08-01,0.3234,290547535.08858
2025-08-02,0.3221,222089135.55347002
2025-08-03,0.3275,113891920.88875
2025-08-04,0.3328,88558247.86432
2025-08-05,0.3338,138949202.95778
2025-08-06,0.3373,116730085.9373
2025-08-07,0.3384,152506419.34535998
2025-08-08,0.3378,173058965.76528
2025-08-09,0.3352,71770098.17328
2025-08-10,0.3383,129943591.50611
2025-08-11,0.345,148666321.3575
2025-08-12,0.3524,175143687.23747998
2025-08-13,0.3621,185222774.42538
2025-08-14,0.3575,434762477.18474996
2025-08-15,0.3526,251087062.66392004
2025-08-16,0.3478,129986458.49308
2025-08-17,0.3534,130903272.17334001
2025-08-18,0.3503,184410462.45646998
2025-08-19,0.3477,210335670.018
2025-08-20,0.3545,196953627.10915
2025-08-21,0.3537,173398114.15578
2025-08-22,0.3667,240927013.6315
2025-08-23,0.3624,126721686.69216
2025-08-24,0.3614,176934428.73158
2025-08-25,0.3417,277786931.2536
2025-08-26,0.3518,214878728.83630002
2025-08-27,0.3451,152894584.44449
2025-08-28,0.3451,107052267.91238001
2025-08-29,0.3385,187651604.59845003
2025-08-30,0.339,68612559.9141
2025-08-31,0.341,59893704.06690001
2025-09-01,0.3373,138456604.6666
2025-09-02,0.3381,135013656.28401002
2025-09-03,0.3406,78540439.6972
2025-09-04,0.3346,89318144.67828001
2025-09-05,0.3313,130300056.20159
2025-09-06,0.3145,183590761.8192
2025-09-07,0.3312,241661013.6528
2025-09-08,0.3313,104591093.44285
2025-09-09,0.3351,129184591.97349
2025-09-10,0.3383,76075565.41455999
2025-09-11,0.3463,121958347.63433
2025-09-12,0.3525,95639154.798
2025-09-13,0.3497,87966023.10808
2025-09-14,0.3485,76544320.20105
2025-09-15,0.3448,119577435.626
2025-09-16,0.3423,97140997.56564
2025-09-17,0.3433,124305810.87919
2025-09-18,0.3505,115065963.74469998
2025-09-19,0.3437,107080310.07884
2025-09-20,0.3467,72461327.9655
2025-09-21,0.3426,69879278.82714
2025-09-22,0.3399,181153924.04274
2025-09-23,0.336,96015602.39039999
2025-09-24,0.3382,76702715.90896
2025-09-25,0.3319,146986053.26195997
2025-09-26,0.3383,107107015.43777
2025-09-27,0.3366,43855176.35268
2025-09-28,0.3357,39140691.53778
2025-09-29,0.3368,54676649.43175999
2025-09-30,0.3336,63469373.244
2025-10-01,0.3415,90651880.84635001
2025-10-02,0.3426,71840632.10238001
2025-10-03,0.3419,92523358.00942
2025-10-04,0.3404,39483240.47528
2025-10-05,0.3413,65589496.88719
2025-10-06,0.3461,90641123.79523002
2025-10-07,0.3379,95093050.72677998
2025-10-08,0.342,84069959.04540001
2025-10-09,0.3369,99082417.17975
2025-10-10,0.3205,215661649.9197
2025-10-11,0.3144,120367945.14552
2025-10-12,0.3227,127017973.88091
2025-10-13,0.3227,102338562.45669
2025-10-14,0.3168,180949239.25056002
2025-10-15,0.3192,129830571.31296
2025-10-16,0.316,138612389.4952
2025-10-17,0.3089,157553205.94032001
2025-10-18,0.313,50176756.6571
2025-10-19,0.3205,53909903.774000004
2025-10-20,0.3224,78686983.85704
2025-10-21,0.3217,104789193.47727999
2025-10-22,0.3226,151743225.46664
2025-10-23,0.3139,96048507.86850001
2025-10-24,0.3037,119399769.46453
2025-10-25,0.2971,138178939.41325
2025-10-26,0.3003,97119238.19598001
2025-10-27,0.2983,81090878.7625
2025-10-28,0.2954,90131344.06065999
2025-10-29,0.2961,118755829.61676
2025-10-30,0.2925,168092712.18675
2025-10-31,0.2962,66508393.12278
2025-11-01,0.2975,37732309.727
2025-11-02,0.2981,39981865.20174
2025-11-03,0.2813,217075415.12235
2025-11-04,0.2855,257970540.13469997
2025-11-05,0.2889,101988570.09978
2025-11-06,0.2839,77311961.7095
2025-11-07,0.2923,129134106.05539
2025-11-08,0.2916,63141049.74384001
2025-11-09,0.2906,49237686.012940004
2025-11-10,0.2965,79068598.61125
2025-11-11,0.2967,98187644.47449
2025-11-12,0.2946,100942997.69976
2025-11-13,0.2931,116064230.49309
2025-11-14,0.2925,172479452.76899996
2025-11-15,0.2948,63221143.08752
2025-11-16,0.2924,119797357.0554
2025-11-17,0.2918,125272056.54184
2025-11-18,0.2903,132746407.66663001
2025-11-19,0.2869,110363134.9937
2025-11-20,0.2805,99688939.31205001
2025-11-21,0.2766,200667463.93362004
2025-11-22,0.2743,87233621.26115
2025-11-23,0.275,51546239.03
2025-11-24,0.2748,80348756.39136
2025-11-25,0.2745,74920338.06435001
2025-11-26,0.2765,47929292.71620001
2025-11-27,0.2803,48095357.09533
2025-11-28,0.281,57574837.741000004
2025-11-29,0.2809,26977970.074369997
2025-11-30,0.2815,36251507.70405
2025-12-01,0.2769,112842489.33399
2025-12-02,0.281,73568593.1962
2025-12-03,0.2804,60724298.45543999
2025-12-04,0.2862,65238959.61072
2025-12-05,0.2856,77413145.03664
2025-12-06,0.2871,52360646.857200004
2025-12-07,0.2868,56292682.57608
2025-12-08,0.2814,48172179.49656
2025-12-09,0.2822,63733326.337780006
2025-12-10,0.2801,65856895.342650004
2025-12-11,0.2805,55218639.18285
2025-12-12,0.2737,46418189.35271
2025-12-13,0.271,30440617.108400002
2025-12-14,0.2773,54084369.43902
2025-12-15,0.2783,88931656.72885999
2025-12-16,0.2802,52136269.73952
2025-12-17,0.2796,58754847.3444
2025-12-18,0.2793,61874164.609740004
2025-12-19,0.28,57284992.128000006
2025-12-20,0.2819,35059109.620639995
2025-12-21,0.2883,55042489.992300004
2025-12-22,0.2844,61433656.18092
2025-12-23,0.2836,35511475.77348
2025-12-24,0.2803,49046775.881579995
2025-12-25,0.2787,36084351.37653
2025-12-26,0.2795,37519793.8479
2025-12-27,0.2849,38864590.16671
2025-12-28,0.285,35204269.092
2025-12-29,0.285,56054701.511999995
2025-12-30,0.2863,35047296.773439996
2025-12-31,0.2845,37971325.16935
2026-01-01,0.2871,33639350.47308
2026-01-02,0.289,47654282.1322
2026-01-03,0.2956,51334700.53451999
2026-01-04,0.2939,45293923.58699
2026-01-05,0.2922,58434354.75444
2026-01-06,0.2942,52217019.731680006
2026-01-07,0.2981,65423985.65604
2026-01-08,0.295,59685461.941
2026-01-09,0.2984,60806214.29744
2026-01-10,0.3024,47781257.80176
2026-01-11,0.2995,61875977.09685
2026-01-12,0.2998,46748754.53256
2026-01-13,0.3071,66788012.24621999
2026-01-14,0.3047,57878587.3853
2026-01-15,0.3126,82743456.936
2026-01-16,0.3096,49217815.38024
2026-01-17,0.3188,49946091.06779999
2026-01-18,0.3178,59884343.98198
2026-01-19,0.3119,78518261.182
2026-01-20,0.297,84288664.5381
2026-01-21,0.2993,74226454.32295
2026-01-22,0.3054,61292514.63618
2026-01-23,0.2979,78152115.51261
2026-01-24,0.2954,44883881.46718
2026-01-25,0.2957,48783320.87712
2026-01-26,0.2966,41566638.94905999
2026-01-27,0.2947,37508282.25963
2026-01-28,0.2954,47110050.60622
2026-01-29,0.295,61445447.399
2026-01-30,0.2942,89390329.84494
2026-01-31,0.2866,73266126.42322001
2026-02-01,0.2847,56416463.1771
2026-02-02,0.2835,72242233.49385
2026-02-03,0.2861,54087725.12980001
2026-02-04,0.2833,57280733.67225
2026-02-05,0.2696,109506293.18392
2026-02-06,0.2741,105818034.59841001
2026-02-07,0.2782,67473047.99091999
2026-02-08,0.2778,41821192.17774
2026-02-09,0.2791,52829466.55366
2026-02-10,0.2782,44457674.272439994
2026-02-11,0.2784,52500163.89216
2026-02-12,0.28,46446621.56400001
2026-02-13,0.2823,53408251.7454
2026-02-14,0.2826,33004953.55998
2026-02-15,0.2805,34378320.64095
2026-02-16,0.2846,45432499.29032
2026-02-17,0.2821,48473720.96203001
2026-02-18,0.2788,35160573.24684
2026-02-19,0.2849,51505625.18947999
2026-02-20,0.2854,52408226.80957999
2026-02-21,0.289,30407787.4753
2026-02-22,0.2906,30918184.277440004
2026-02-23,0.2816,54272446.35648001
2026-02-24,0.2837,40370765.33
2026-02-25,0.2853,47729148.55263
2026-02-26,0.2857,30889294.743750002
2026-02-27,0.2828,27172354.89276
2026-02-28,0.2819,32349079.052289996
2026-03-01,0.2807,27781786.334680002
2026-03-02,0.2832,27844739.622240003
2026-03-03,0.2805,27721089.76725
2026-03-04,0.2871,59468878.75698001
2026-03-05,0.2852,54096991.88144
2026-03-06,0.2846,29232499.82638
2026-03-07,0.2866,19631287.603640005
2026-03-08,0.2891,34413742.34858
2026-03-09,0.2856,43162639.435440004
2026-03-10,0.2858,27715016.4399
2026-03-11,0.2913,38801243.95266
2026-03-12,0.2891,25968916.171450004
2026-03-13,0.2934,31999005.77418
2026-03-14,0.2978,35447786.301120006
2026-03-15,0.2987,24956776.058040004
2026-03-16,0.2956,29072805.263759997
2026-03-17,0.3068,48661849.1242
2026-03-18,0.3045,46905867.31739999
2026-03-19,0.3036,42819746.09484
2026-03-20,0.3097,34617246.374689996
2026-03-21,0.3121,32931674.15143
2026-03-22,0.3104,49185414.1056
2026-03-23,0.3081,51590437.49145
2026-03-24,0.3061,38208216.19539
2026-03-25,0.3146,33094743.99374
2026-03-26,0.3115,39426985.7422
2026-03-27,0.3113,56314456.83182
2026-03-28,0.3167,35257683.726169996
2026-03-29,0.322,43642184.67
2026-03-30,0.32,51053759.168000005
2026-03-31,0.3133,45510862.12114001
2026-04-01,0.3156,42172516.26744
2026-04-02,0.3152,33576445.23904
2026-04-03,0.3151,25292691.12854
2026-04-04,0.3176,24009544.44224
2026-04-05,0.3189,24423648.895680003
2026-04-06,0.3165,32760461.61375
2026-04-07,0.3156,26618984.29452
2026-04-08,0.318,33103447.2426
2026-04-09,0.3203,34010382.03722
2026-04-10,0.3192,30100065.431519996
2026-04-11,0.3189,26998590.586110003
2026-04-12,0.3213,34955691.22836
2026-04-13,0.3204,35038612.0656
2026-04-14,0.3237,35440056.87183
2026-04-15,0.3272,50278750.23912
2026-04-16,0.327,37967186.540699996
2026-04-17,0.3278,42415724.79408
2026-04-18,0.3295,32030072.9699
2026-04-19,0.3291,65873712.67428
2026-04-20,0.3287,43287115.959759995
2026-04-21,0.3331,33463325.53028
2026-04-22,0.3295,46425068.46915
2026-04-23,0.3288,33702577.10976
2026-04-24,0.3234,45975672.69834
2026-04-25,0.3239,19847068.63352
2026-04-26,0.3234,16786384.32702
2026-04-27,0.3253,29009862.24121
2026-04-28,0.323,21198694.5882
2026-04-29,0.3232,28900155.222719997
2026-04-30,0.3266,23759268.3433
2026-05-01,0.327,22875411.450900003
2026-05-02,0.33,37123966.869
2026-05-03,0.3385,54542334.32830001
2026-05-04,0.3407,41016499.79722
2026-05-05,0.3448,39269349.37312
2026-05-06,0.3463,35307769.46009
2026-05-07,0.349,29707725.2431
2026-05-08,0.3502,43214616.858940005
2026-05-09,0.3502,36315208.011180006
2026-05-10,0.3506,25259260.249740005
2026-05-11,0.3511,30014064.169340003
2026-05-12,0.3491,41915602.05753
2026-05-13,0.3497,31101908.53627
2026-05-14,0.3538,39751235.68906
2026-05-15,0.3521,40492075.15535
2026-05-16,0.3552,38278480.74912
2026-05-17,0.3553,27096804.24363
2026-05-18,0.3557,49297569.15586001
2026-05-19,0.3564,34607714.09436
2026-05-20,0.3592,34740102.56992
2026-05-21,0.3654,45584297.8542
2026-05-22,0.3623,44476808.42627
2026-05-23,0.3629,36200151.14947
2026-05-24,0.3657,31630540.63974
2026-05-25,0.3718,59689677.22146
2026-05-26,0.3756,58282243.26251999
2026-05-27,0.3681,42914587.36940999
2026-05-28,0.353,91649041.4478
2026-05-29,0.3444,62078951.3568
2026-05-30,0.3481,40159112.27646
2026-05-31,0.3514,32076100.07238
2026-06-01,0.3436,42385939.5398
2026-06-02,0.3327,54117611.4684
2026-06-03,0.3334,48444880.73874
2026-06-04,0.3325,69458488.708
2026-06-05,0.3203,97328160.48824999
2026-06-06,0.3242,45640655.576419994
2026-06-07,0.3268,37357845.265599996
2026-06-08,0.3268,32737388.531
2026-06-09,0.3229,35002604.37072
2026-06-10,0.3211,28647860.46525
2026-06-11,0.317,57406791.755100004
2026-06-12,0.3154,38217446.1555
2026-06-13,0.3172,19421613.17564
2026-06-14,0.3218,27026940.46212
2026-06-15,0.3184,36126839.62832
2026-06-16,0.3171,28255620.31887
2026-06-17,0.3218,37007335.34778
2026-06-18,0.3208,32649495.99752
2026-06-19,0.3239,40162234.664330006
2026-06-20,0.3268,44069149.05364
2026-06-21,0.3278,19896040.134299997
2026-06-22,0.3341,41847875.914000005
2026-06-23,0.3293,38046620.32756
2026-06-24,0.3274,54725368.78562001
2026-06-25,0.3238,53814971.0078
2026-06-26,0.3206,38060515.12578
2026-06-27,0.3213,17578152.196919996
2026-06-28,0.3222,28040395.469580002
2026-06-29,0.3214,36434862.80048
2026-06-30,0.3153,35317777.88265
2026-07-01,0.3161,34238611.92566
2026-07-02,0.3176,23948650.041440003
2026-07-03,0.3234,34443918.4782
2026-07-04,0.3252,22825570.961519998
2026-07-05,0.3292,34376387.15356
2026-07-06,0.3297,38928075.46425
2026-07-07,0.3317,29479339.75098
2026-07-08,0.3285,36348493.23405
2026-07-09,0.3322,29094638.2485
2026-07-10,0.3304,27863880.086000003
2026-07-11,0.3299,18520713.96821
2026-07-12,0.3316,19507932.532360002
2026-07-13,0.3244,35439010.103080004
2026-07-14,0.3259,29326360.161700003
2026-07-15,0.3245,34896790.8113
2026-07-16,0.3233,19730130.9395
2026-07-17,0.3227,21381617.36914
2026-07-18,0.3258,23123212.36812
2026-07-19,0.327,15839738.3763
2026-07-20,0.3269,22645821.039380003
2026-07-21,0.3297,23646757.37928
2026-07-22,0.3289,19818291.01824
2026-07-23,0.3289,25296183.4697
2026-07-24,0.3309,26491077.609330002
2026-07-25,0.3316,22301553.5686
2026-07-26,0.3324,16197929.31624
2026-07-27,0.3251,29900389.20482
2026-07-28,0.3248,22403820.3816
2026-07-29,0.3258,21928875.701399997
2026-07-30,0.3287,21208001.12697
2026-07-31,0.3261,28248580.34367
2026-08-01,0.3279,21422250.494250003
2026-08-02,0.3268,17761032.119799998
2026-08-03,0.3288,26234627.70456
2026-08-04,0.3273,35928547.79252999
2026-08-05,0.3274,25492707.977
2026-08-06,0.3272,23331919.096640002
2026-08-07,0.3275,18998036.80925
2026-08-08,0.3291,11911282.39677
2026-08-09,0.3299,13549052.74489
2026-08-10,0.3309,19669249.463340003
2026-08-11,0.3352,36470108.54096
2026-08-12,0.3363,27350707.52541
2026-08-13,0.3345,28007140.7016
2026-08-14,0.3327,19920395.5323
2026-08-15,0.3312,18414559.63296
2026-08-16,0.3312,12962384.712
2026-08-17,0.3313,25338096.6599
2026-08-18,0.3329,31508650.83498
2026-08-19,0.3344,29965007.862239994
2026-08-20,0.3375,50327127.59625
2026-08-21,0.3434,38680964.14502
2026-08-22,0.3442,68374181.33576001
2026-08-23,0.3439,27141082.45942
2026-08-24,0.3449,30603718.638469998
2026-08-25,0.3363,44300128.720470004
2026-08-26,0.336,41342513.6208
2026-08-27,0.3377,34942898.66067
2026-08-28,0.3413,45793508.07643
2026-08-29,0.3409,22199952.92865
2026-08-30,0.3361,23206048.96808
2026-08-31,0.3326,34929879.03276
2026-09-01,0.3223,42574436.729329996
2026-09-02,0.3252,25012080.02304
2026-09-03,0.3309,27837462.52299
2026-09-04,0.3314,30995252.07486
2026-09-05,0.3338,18268461.9239
2026-09-06,0.3352,16620778.5348
2026-09-07,0.3346,25177474.48328
2026-09-08,0.3388,35080322.62812
2026-09-09,0.3389,26186447.46001
2026-09-10,0.34,31796839.202
2026-09-11,0.3386,36487919.70152
2026-09-12,0.3399,32468273.41032
2026-09-13,0.3384,20043397.043279998
2026-09-14,0.3381,33333366.466470003
2026-09-15,0.3329,31976611.327789996
2026-09-16,0.3356,28408954.83516
2026-09-17,0.335,17617794.8205
2026-09-18,0.3383,26657688.77694
2026-09-19,0.3399,26172445.10331
2026-09-20,0.3427,34577508.92521
2026-09-21,0.3447,32991047.277119998
2026-09-22,0.3421,56735377.279350005
2026-09-23,0.3422,39836312.8429
2026-09-24,0.3403,35745213.10313
2026-09-25,0.3382,26963855.48226
2026-09-26,0.3343,13468533.83863
2026-09-27,0.3334,18871358.58368
