time,PriceUSD,volume_reported_spot_usd_1d
2018-05-31,0.29568,4097632.9599744
2018-06-01,0.28863,5877515.3771268
2018-06-02,0.2974,6492621.045222
2018-06-03,0.30405,6579651.504603
2018-06-04,0.2908,5085372.819612
2018-06-05,0.29403,4486799.3205321
2018-06-06,0.2995,4664065.289485
2018-06-07,0.29298,5236570.512133201
2018-06-08,0.28698,5093675.044179001
2018-06-09,0.28027,5186563.2563904
2018-06-10,0.24402,5011989.1075884
2018-06-11,0.25332,3964546.1224283995
2018-06-12,0.22717,3891647.1346020005
2018-06-13,0.21839,4128993.4854489
2018-06-14,0.2399,5289838.697784999
2018-06-15,0.22899,4185456.3965666997
2018-06-16,0.22953,3384687.0711213006
2018-06-17,0.22814,3283817.7983820005
2018-06-18,0.23262,3992156.9941571997
2018-06-19,0.23409,3594128.5499832
2018-06-20,0.23067,3657642.4179404997
2018-06-21,0.22643,3406836.11767
2018-06-22,0.2004,4084217.1239879997
2018-06-23,0.20212,2743766.6019592
2018-06-24,0.19277,4245694.1477156
2018-06-25,0.19751,4207437.3656923
2018-06-26,0.18345,2344738.257579
2018-06-27,0.19036,2999913.7984908
2018-06-28,0.17702,3202058.6646600002
2018-06-29,0.18653,4011851.5605416
2018-06-30,0.19319,4518236.6850082
2018-07-01,0.19989,4250461.351784401
2018-07-02,0.21483,6306540.0661494
2018-07-03,0.2053,5442428.059341
2018-07-04,0.2105,3288361.726555
2018-07-05,0.2006,3493029.0418939996
2018-07-06,0.2068,3350756.754488
2018-07-07,0.20836,4357190.3864904
2018-07-08,0.21033,5452608.8985318
2018-07-09,0.20575,4339713.144212499
2018-07-10,0.19086,4040462.1323345997
2018-07-11,0.18921,4837132.439559
2018-07-12,0.18424,4066144.2834824002
2018-07-13,0.20515,5417393.768732
2018-07-14,0.2085,5114609.423055
2018-07-15,0.22118,6395729.5820272
2018-07-16,0.23948,7583029.858564001
2018-07-17,0.25373,10032095.457729701
2018-07-18,0.29767,35320658.0669667
2018-07-19,0.30569,37902670.7159408
2018-07-20,0.26883,23128492.7213793
2018-07-21,0.29279,17075137.3905178
2018-07-22,0.2831,17431088.908418
2018-07-23,0.28623,14726588.378877899
2018-07-24,0.30052,14671972.831722802
2018-07-25,0.33371,27774400.2371667
2018-07-26,0.30815,30316517.2913805
2018-07-27,0.31889,19481530.7588616
2018-07-28,0.315,9311757.03675
2018-07-29,0.30793,7573735.388248399
2018-07-30,0.29466,11118141.531858599
2018-07-31,0.27693,10401975.3804219
2018-08-01,0.27684,11751605.909495998
2018-08-02,0.25946,9720549.5042918
2018-08-03,0.25564,11145701.297931198
2018-08-04,0.23886,8418441.5263368
2018-08-05,0.2431,3476859.5690400004
2018-08-06,0.23314,7337001.269124
2018-08-07,0.22799,8798298.9983273
2018-08-08,0.19731,9353530.0609983
2018-08-09,0.22065,12107728.818030002
2018-08-10,0.22187,21609120.970107
2018-08-11,0.21598,15967063.261712002
2018-08-12,0.22344,12519981.925584
2018-08-13,0.22174,18768051.958176002
2018-08-14,0.21661,17184362.805764
2018-08-15,0.21475,15234979.850724999
2018-08-16,0.21451,8625277.765806
2018-08-17,0.23939,13637637.363125999
2018-08-18,0.22188,9988704.136548
2018-08-19,0.22785,7973480.92107
2018-08-20,0.21134,7184042.811274
2018-08-21,0.21898,6178824.863220001
2018-08-22,0.20752,8408390.341904001
2018-08-23,0.21694,6673511.599182
2018-08-24,0.21903,5882007.260156999
2018-08-25,0.21787,7023765.066035001
2018-08-26,0.213,7046551.7538
2018-08-27,0.22728,9317967.642696
2018-08-28,0.23528,13772143.410048
2018-08-29,0.2262,10601781.89226
2018-08-30,0.22185,7699483.793204999
2018-08-31,0.22282,7243731.651285999
2018-09-01,0.22991,9602738.910575
2018-09-02,0.226,7188337.930000001
2018-09-03,0.22061,6759904.26436
2018-09-04,0.23206,11054049.561966
2018-09-05,0.20335,11544369.042535
2018-09-06,0.208,9343652.7392
2018-09-07,0.20593,7436840.143188999
2018-09-08,0.19328,6082367.74912
2018-09-09,0.19024,6311346.746991999
2018-09-10,0.19011,6431312.519057999
2018-09-11,0.20071,13215660.373127
2018-09-12,0.19672,12991985.117336
2018-09-13,0.2058,10449860.43906
2018-09-14,0.20012,7267091.120088
2018-09-15,0.20204,5207763.219876
2018-09-16,0.2058,6216279.901860001
2018-09-17,0.19521,6441690.809187
2018-09-18,0.20666,9423925.268604001
2018-09-19,0.20632,7048488.29008
2018-09-20,0.23216,15124239.316576
2018-09-21,0.24808,35898225.775327995
2018-09-22,0.24047,12453529.182514
2018-09-23,0.28163,58544783.8307469
2018-09-24,0.25856,28164504.893696
2018-09-25,0.253,28725507.541500002
2018-09-26,0.24353,19795260.141698997
2018-09-27,0.26009,19059645.484607
2018-09-28,0.25325,10758650.958874999
2018-09-29,0.2543,6762642.34267
2018-09-30,0.2599,11270821.81461
2018-10-01,0.25883,11079226.17373
2018-10-02,0.24662,8656653.455516
2018-10-03,0.2419,8702236.968559999
2018-10-04,0.2443,7152904.70006
2018-10-05,0.24767,7377656.447141
2018-10-06,0.24145,7367681.863795
2018-10-07,0.24535,7032845.42877
2018-10-08,0.24998,8511098.80762
2018-10-09,0.2481,7986698.89386
2018-10-10,0.24306,6628096.280592
2018-10-11,0.2071,10852921.748960001
2018-10-12,0.21563,6436169.392921999
2018-10-13,0.21624,6136442.156016
2018-10-14,0.21102,6450448.133736
2018-10-15,0.22943,13219984.171617
2018-10-16,0.23675,6379294.5665
2018-10-17,0.24971,10200555.663622
2018-10-18,0.24556,8226814.425368
2018-10-19,0.25008,5751178.213296
2018-10-20,0.25185,7813097.41848
2018-10-21,0.24731,6961788.939693
2018-10-22,0.24851,4886132.247928
2018-10-23,0.24555,3683238.238155
2018-10-24,0.24113,3290155.67394
2018-10-25,0.23836,2101241.199108
2018-10-26,0.2371,1718946.8088099998
2018-10-27,0.23113,1727486.7452820002
2018-10-28,0.23453,1608109.4732249998
2018-10-29,0.22273,2240257.76321
2018-10-30,0.22368,1261101.9795839998
2018-10-31,0.22668,1866009.7894920001
2018-11-01,0.22648,1634905.716016
2018-11-02,0.23838,3360955.5915420004
2018-11-03,0.23673,2714422.17033
2018-11-04,0.24596,4847264.300164
2018-11-05,0.24919,3305809.3618
2018-11-06,0.2688,9440599.28448
2018-11-07,0.25916,7539897.11684
2018-11-08,0.25825,8454403.954549998
2018-11-09,0.25864,7223383.710887999
2018-11-10,0.26459,3147238.226201
2018-11-11,0.27712,12836715.201087998
2018-11-12,0.27108,10219212.983951999
2018-11-13,0.26139,7581603.775944001
2018-11-14,0.241,15645357.9216
2018-11-15,0.24508,19111270.51284
2018-11-16,0.24148,17896759.523552
2018-11-17,0.24886,12620217.31219
2018-11-18,0.25333,12201051.243073
2018-11-19,0.22749,20783461.307853002
2018-11-20,0.19688,27049576.246855997
2018-11-21,0.20619,18422575.891299
2018-11-22,0.18715,9586767.939065
2018-11-23,0.18395,13591694.895934999
2018-11-24,0.15399,18561299.110767
2018-11-25,0.16293,28006148.769380998
2018-11-26,0.14773,21196534.433865998
2018-11-27,0.14663,11293995.747012002
2018-11-28,0.16107,12734029.715316
2018-11-29,0.16524,11513965.104864
2018-11-30,0.15973,12634242.445079
2018-12-01,0.16451,7060823.192182
2018-12-02,0.16101,5427373.173687
2018-12-03,0.14893,5662268.663771001
2018-12-04,0.14692,4903292.6534
2018-12-05,0.13393,4269086.732868
2018-12-06,0.1178,5139168.589954
2018-12-07,0.11495,7080144.80019
2018-12-08,0.1162,6305989.5906
2018-12-09,0.12121,3937541.055462
2018-12-10,0.11546,3886808.7121739998
2018-12-11,0.11122,2732355.92055
2018-12-12,0.1124,2492724.6759200003
2018-12-13,0.10472,3010999.143152
2018-12-14,0.09666,3703698.611226
2018-12-15,0.09453,2910192.535497
2018-12-16,0.09569,2536287.0280159996
2018-12-17,0.10874,5830397.766916
2018-12-18,0.11368,7659103.125744
2018-12-19,0.11174,12706063.743104
2018-12-20,0.12414,10919860.816716
2018-12-21,0.11869,14074184.048496
2018-12-22,0.1201,8402566.8688
2018-12-23,0.12454,11210617.249103999
2018-12-24,0.13063,17970468.52037
2018-12-25,0.11882,7059380.310502
2018-12-26,0.11836,6377536.321816
2018-12-27,0.10727,3854904.9545409996
2018-12-28,0.11878,5080043.130802
2018-12-29,0.11435,3127779.472575
2018-12-30,0.11556,4286124.84906
2018-12-31,0.11002,4264086.419504001
2019-01-01,0.11351,2407724.731799
2019-01-02,0.11656,3425262.547192
2019-01-03,0.11139,3880500.2025119998
2019-01-04,0.11271,3687589.154496
2019-01-05,0.11148,3993953.9275319995
2019-01-06,0.11871,5466012.966287999
2019-01-07,0.12232,8528856.528896
2019-01-08,0.12153,7392899.154192
2019-01-09,0.1225,5713050.39725
2019-01-10,0.10595,10591747.430355001
2019-01-11,0.10385,6166808.591089999
2019-01-12,0.10447,3647918.3738740003
2019-01-13,0.10102,6632498.698958
2019-01-14,0.10732,5235193.726312
2019-01-15,0.1037,3521078.8501
2019-01-16,0.10551,2102692.056114
2019-01-17,0.10712,3574322.3794720005
2019-01-18,0.10542,1810481.7306239998
2019-01-19,0.10651,3405754.344516
2019-01-20,0.10289,4283335.18782
2019-01-21,0.10139,3126283.958604
2019-01-22,0.10209,3441398.812236
2019-01-23,0.10068,2466432.030276
2019-01-24,0.101,1982648.5335000001
2019-01-25,0.0995,1976624.016
2019-01-26,0.09814,4722881.381218
2019-01-27,0.0943,5079487.29441
2019-01-28,0.08583,4999107.024465
2019-01-29,0.08216,4804537.650119999
2019-01-30,0.08509,5145200.651793
2019-01-31,0.08115,4754644.126005
2019-02-01,0.08083,4395430.296751
2019-02-02,0.083,2253624.632
2019-02-03,0.08012,2433337.162936
2019-02-04,0.07862,2643140.458354
2019-02-05,0.07702,3147880.5381920002
2019-02-06,0.07426,3617001.3652320006
2019-02-07,0.07426,3707652.173526
2019-02-08,0.08142,6977663.6140560005
2019-02-09,0.08069,4937214.275392
2019-02-10,0.08022,7564969.196106
2019-02-11,0.077,3765943.1656
2019-02-12,0.07718,4999222.311152
2019-02-13,0.07622,2519834.2061039996
2019-02-14,0.07626,3462582.798672
2019-02-15,0.07907,6995035.654504
2019-02-16,0.07811,2503081.5738589996
2019-02-17,0.07964,3020949.866836
2019-02-18,0.08371,7593136.7453040015
2019-02-19,0.08974,15570202.887484
2019-02-20,0.09198,10143116.474022001
2019-02-21,0.08854,7297092.346631999
2019-02-22,0.0904,3462335.8109599994
2019-02-23,0.09389,5240718.2759340005
2019-02-24,0.08185,8861965.896720001
2019-02-25,0.08603,5695505.962776
2019-02-26,0.08441,3429095.373508
2019-02-27,0.08413,3417275.973633
2019-02-28,0.08439,2345712.4401720003
2019-03-01,0.08467,2133283.2907579998
2019-03-02,0.08358,1692335.2033980002
2019-03-03,0.0875,4652313.68875
2019-03-04,0.08199,4368768.557166
2019-03-05,0.08565,3432997.55361
2019-03-06,0.08469,2511288.052245
2019-03-07,0.08519,2024274.250516
2019-03-08,0.08629,4952878.5887710005
2019-03-09,0.09028,4799838.595576
2019-03-10,0.10028,17188720.845068
2019-03-11,0.10199,21152748.162427
2019-03-12,0.10541,11515703.459276
2019-03-13,0.10916,12646956.571355999
2019-03-14,0.10639,13370534.748118998
2019-03-15,0.10621,6602320.026471
2019-03-16,0.10837,5375500.062766
2019-03-17,0.10896,2723547.97944
2019-03-18,0.11616,12043009.933152
2019-03-19,0.11193,12084711.343068
2019-03-20,0.10882,7720057.371052
2019-03-21,0.10554,7705304.298551999
2019-03-22,0.10815,4591632.8063550005
2019-03-23,0.10681,3697414.202339
2019-03-24,0.10437,2954925.5587110003
2019-03-25,0.10014,4844692.747524001
2019-03-26,0.10258,5061718.762768
2019-03-27,0.1076,5139041.11952
2019-03-28,0.1065,2664989.93805
2019-03-29,0.10752,2689421.952
2019-03-30,0.10725,2997329.188425
2019-03-31,0.10824,1570195.239096
2019-04-01,0.11017,3492875.0259720003
2019-04-02,0.12111,13290959.288475
2019-04-03,0.12038,17239450.78648
2019-04-04,0.11722,7309430.911018
2019-04-05,0.12697,6706337.544874
2019-04-06,0.12492,5247700.533324
2019-04-07,0.13226,7085626.441222
2019-04-08,0.12969,6567571.76229
2019-04-09,0.12417,3404122.3628820004
2019-04-10,0.12578,3256775.75608
2019-04-11,0.11438,4907181.77348
2019-04-12,0.11318,2949358.9555240003
2019-04-13,0.11501,1825129.366102
2019-04-14,0.1172,2293332.82264
2019-04-15,0.11237,2752636.005051
2019-04-16,0.11423,1988592.7053669998
2019-04-17,0.11667,2057910.465762
2019-04-18,0.11732,2705301.366852
2019-04-19,0.11486,1960545.85687
2019-04-20,0.11526,1407753.8628180001
2019-04-21,0.11095,2583159.73496
2019-04-22,0.11229,2244780.328197
2019-04-23,0.10867,2223214.730079
2019-04-24,0.10232,3729220.470832
2019-04-25,0.09854,3129307.799748
2019-04-26,0.09993,2854424.922906
2019-04-27,0.10037,1622898.1676460002
2019-04-28,0.0985,923942.9429
2019-04-29,0.09551,1458927.57079
2019-04-30,0.10061,1682964.9829540001
2019-05-01,0.10106,2359244.679294
2019-05-02,0.09974,1496370.3153479998
2019-05-03,0.10224,4081489.9551359997
2019-05-04,0.09856,2668197.79072
2019-05-05,0.097,1593283.9468999999
2019-05-06,0.09718,2051869.4041600002
2019-05-07,0.0933,2718101.1561
2019-05-08,0.09216,2185870.500864
2019-05-09,0.08883,2357611.651269
2019-05-10,0.09238,2110582.571002
2019-05-11,0.10273,5369637.732333
2019-05-12,0.09823,4795794.696363
2019-05-13,0.09951,4415562.394569
2019-05-14,0.11338,11503135.056133999
2019-05-15,0.14126,11313777.62683
2019-05-16,0.13805,29785701.27005
2019-05-17,0.13084,17303371.091596004
2019-05-18,0.13129,10424993.579798998
2019-05-19,0.14264,9855350.833696
2019-05-20,0.13495,7452758.389409998
2019-05-21,0.13359,5529877.468511999
2019-05-22,0.12173,5701678.919398
2019-05-23,0.12483,4222028.883518999
2019-05-24,0.12522,4813910.497104
2019-05-25,0.12475,2741738.4342
2019-05-26,0.1316,4865203.59752
2019-05-27,0.13778,7722070.195066001
2019-05-28,0.13917,8239715.776067999
2019-05-29,0.13566,8470313.128242001
2019-05-30,0.12872,13522904.255016
2019-05-31,0.13348,6397699.096295999
2019-06-01,0.13257,4962259.672397999
2019-06-02,0.13639,4079822.163153
2019-06-03,0.12764,5982154.974292
2019-06-04,0.12106,5293236.374228
2019-06-05,0.12119,3562081.0863890005
2019-06-06,0.1248,3986527.6963199996
2019-06-07,0.12705,3134413.88337
2019-06-08,0.12376,1606246.0406719998
2019-06-09,0.11845,2008048.80747
2019-06-10,0.12323,3144760.71443
2019-06-11,0.12234,2690102.892024
2019-06-12,0.12697,3548267.598611
2019-06-13,0.12414,2954274.434328
2019-06-14,0.12486,3843779.777106
2019-06-15,0.12638,2850023.221514
2019-06-16,0.12958,6221222.903676
2019-06-17,0.13087,4576871.608502999
2019-06-18,0.1237,4549574.0515
2019-06-19,0.12382,3401991.58409
2019-06-20,0.12099,3636017.5775429998
2019-06-21,0.12315,4402421.900745
2019-06-22,0.12981,12771391.781871
2019-06-23,0.12817,7757678.967234001
2019-06-24,0.12845,4088282.7468350003
2019-06-25,0.12399,7999232.82855
2019-06-26,0.12317,17871606.937138997
2019-06-27,0.10921,12235397.413682
2019-06-28,0.11169,5079323.6839890005
2019-06-29,0.11491,8227151.585746
2019-06-30,0.10495,5476118.52517
2019-07-01,0.10597,5276097.020060999
2019-07-02,0.10287,4894056.935514
2019-07-03,0.10559,2850094.244591
2019-07-04,0.09908,2438961.672076
2019-07-05,0.10003,2177314.938582
2019-07-06,0.10373,2116986.391179
2019-07-07,0.10555,1728139.445505
2019-07-08,0.10395,1824147.05319
2019-07-09,0.10117,2675815.363446
2019-07-10,0.09484,4212379.288116
2019-07-11,0.08697,2998262.302113
2019-07-12,0.09784,5410847.594208
2019-07-13,0.09608,3011277.715072
2019-07-14,0.08547,2545828.197759
2019-07-15,0.08542,2998986.94782
2019-07-16,0.07828,2761112.309272
2019-07-17,0.08054,3196181.6404319997
2019-07-18,0.0883,7867827.81824
2019-07-19,0.09332,5279477.14122
2019-07-20,0.09473,3512313.986136
2019-07-21,0.09111,2274274.0077239997
2019-07-22,0.08884,2442193.07686
2019-07-23,0.08441,1904638.086685
2019-07-24,0.08605,1534949.875175
2019-07-25,0.08565,1342915.317555
2019-07-26,0.0879,1506369.9885000002
2019-07-27,0.08432,1691590.258576
2019-07-28,0.084,889013.2272000001
2019-07-29,0.08336,1163178.88984
2019-07-30,0.08341,1016560.067303
2019-07-31,0.08383,1539786.5394819998
2019-08-01,0.08273,1075279.063319
2019-08-02,0.08196,1193245.1163360002
2019-08-03,0.08236,1073508.234164
2019-08-04,0.08183,962229.0931190001
2019-08-05,0.08241,2127181.712595
2019-08-06,0.07837,2165793.7823349996
2019-08-07,0.07859,1473015.065637
2019-08-08,0.07691,1475477.464644
2019-08-09,0.07182,2051930.4228359999
2019-08-10,0.07375,1557689.7094999999
2019-08-11,0.0782,2266645.9713200005
2019-08-12,0.07547,808591.8591039999
2019-08-13,0.07442,874245.236442
2019-08-14,0.0692,2009346.35932
2019-08-15,0.07019,842259.778261
2019-08-16,0.06844,926711.416204
2019-08-17,0.0677,559028.00423
2019-08-18,0.07072,767484.146624
2019-08-19,0.0717,707428.6379399999
2019-08-20,0.06877,648714.850914
2019-08-21,0.06691,665486.99382
2019-08-22,0.06818,1008290.170636
2019-08-23,0.0692,953955.6312
2019-08-24,0.07035,959089.112625
2019-08-25,0.0694,1073424.31848
2019-08-26,0.0696,697597.6471199999
2019-08-27,0.0685,676820.9082
2019-08-28,0.06398,1159739.7720299999
2019-08-29,0.06162,1148792.745438
2019-08-30,0.06191,666528.2852040001
2019-08-31,0.06194,535561.788146
2019-09-01,0.06212,510636.53798400005
2019-09-02,0.06301,587348.9625980001
2019-09-03,0.06308,792351.784652
2019-09-04,0.06168,645379.0764240001
2019-09-05,0.06026,997852.294004
2019-09-06,0.05801,1404099.471584
2019-09-07,0.06053,1169949.3412890001
2019-09-08,0.06105,1124564.241735
2019-09-09,0.06021,1749838.506012
2019-09-10,0.05963,1635477.67485
2019-09-11,0.05859,1027062.0177300001
2019-09-12,0.05829,1282484.5489440002
2019-09-13,0.05777,1509216.749743
2019-09-14,0.05868,2210152.9597560004
2019-09-15,0.05825,753581.6713
2019-09-16,0.05864,1218910.62576
2019-09-17,0.06347,4548991.222072
2019-09-18,0.08257,27812310.429405
2019-09-19,0.08072,35258977.61588
2019-09-20,0.072,18716580.468
2019-09-21,0.06968,10319681.386976
2019-09-22,0.0683,6410329.33864
2019-09-23,0.0636,7918421.003640001
2019-09-24,0.05275,10437772.882174999
2019-09-25,0.05732,6612974.833408001
2019-09-26,0.05843,12319821.259702
2019-09-27,0.05888,5661653.29792
2019-09-28,0.05831,2846246.758215
2019-09-29,0.05791,1861220.7750960002
2019-09-30,0.06182,5400041.979002
2019-10-01,0.0586,3807176.36214
2019-10-02,0.05968,2187253.5350079997
2019-10-03,0.0585,1574984.49615
2019-10-04,0.05863,2107169.036258
2019-10-05,0.05895,1268214.5645100002
2019-10-06,0.05839,1871412.538487
2019-10-07,0.06207,6147018.581015999
2019-10-08,0.06181,3164195.69214
2019-10-09,0.06308,3784617.35186
2019-10-10,0.06146,1854959.525748
2019-10-11,0.0597,3359261.74173
2019-10-12,0.06083,2185559.561416
2019-10-13,0.06136,1568899.5676639997
2019-10-14,0.06613,3895551.5069139996
2019-10-15,0.0639,5374049.3694899995
2019-10-16,0.06171,3274693.3134629996
2019-10-17,0.06505,4929160.647115
2019-10-18,0.06299,3239240.5869010002
2019-10-19,0.06247,1792250.113063
2019-10-20,0.0632,1966613.6128000002
2019-10-21,0.06387,1928116.7700539997
2019-10-22,0.06321,2593665.386928
2019-10-23,0.05984,4859353.4084479995
2019-10-24,0.06015,3584777.40252
2019-10-25,0.06429,6333527.222001
2019-10-26,0.06264,8176252.991976
2019-10-27,0.06514,6750447.308592
2019-10-28,0.0645,7828621.6584
2019-10-29,0.06662,6635504.12677
2019-10-30,0.06388,6669497.127788
2019-10-31,0.06512,7743007.8499839995
2019-11-01,0.069,19825617.4686
2019-11-02,0.07123,8969856.867726
2019-11-03,0.06863,7954139.99714
2019-11-04,0.07929,9750503.503827
2019-11-05,0.08221,33645696.975274
2019-11-06,0.07684,14867084.304620001
2019-11-07,0.07423,14212478.156292
2019-11-08,0.07116,9787745.00274
2019-11-09,0.07314,3321316.03431
2019-11-10,0.07892,13660516.306824
2019-11-11,0.08,9961840.352
2019-11-12,0.07686,13220558.376101999
2019-11-13,0.07616,3625334.306944
2019-11-14,0.07414,4054421.6117680003
2019-11-15,0.07214,4050984.446904
2019-11-16,0.07126,2142126.287238
2019-11-17,0.07157,2219585.7524639997
2019-11-18,0.06697,5145664.474414
2019-11-19,0.0656,4040583.5806400003
2019-11-20,0.06402,2294183.0442299997
2019-11-21,0.06072,5090535.503064
2019-11-22,0.05916,6883941.524375999
2019-11-23,0.06145,5410005.036245
2019-11-24,0.05546,4174747.928376
2019-11-25,0.05727,5173540.245936
2019-11-26,0.05748,2839710.990012
2019-11-27,0.05863,4012203.490438
2019-11-28,0.05787,1850619.643227
2019-11-29,0.05898,2613462.2963639996
2019-11-30,0.05726,1806066.278548
2019-12-01,0.05723,1498847.484822
2019-12-02,0.05565,1877170.368255
2019-12-03,0.05572,1651007.877204
2019-12-04,0.05467,2863442.3949670005
2019-12-05,0.05539,2182178.94797
2019-12-06,0.05538,1738097.9328959999
2019-12-07,0.05541,1066853.429247
2019-12-08,0.0558,996524.32662
2019-12-09,0.05462,1122017.498368
2019-12-10,0.05315,1730898.6324
2019-12-11,0.0528,1066173.04992
2019-12-12,0.05201,2156602.025018
2019-12-13,0.0527,1043288.1294899998
2019-12-14,0.0509,1594908.83053
2019-12-15,0.05097,1108724.680344
2019-12-16,0.04696,2774273.7037520004
2019-12-17,0.04331,3991541.161671
2019-12-18,0.04655,4214460.906005
2019-12-19,0.04519,3055785.7324860003
2019-12-20,0.04619,3120945.032882
2019-12-21,0.04539,1168826.17938
2019-12-22,0.04723,1773488.2097260002
2019-12-23,0.04488,1846586.020224
2019-12-24,0.04501,1033265.4080210001
2019-12-25,0.04436,939043.700568
2019-12-26,0.04468,1220653.31072
2019-12-27,0.04584,1406011.05804
2019-12-28,0.04589,1321693.845953
2019-12-29,0.04619,999945.448273
2019-12-30,0.04552,1071569.400216
2019-12-31,0.04495,863469.465785
2020-01-01,0.04529,374220.432103
2020-01-02,0.04361,765693.9136000001
2020-01-03,0.04566,1011986.770668
2020-01-04,0.04565,794119.78558
2020-01-05,0.04544,1313105.28544
2020-01-06,0.05046,4118214.8383799996
2020-01-07,0.04839,4789273.366581
2020-01-08,0.04768,3444347.619424
2020-01-09,0.04718,1885286.516022
2020-01-10,0.04802,4684468.917912
2020-01-11,0.04825,2860031.936725
2020-01-12,0.04905,1879762.7405700001
2020-01-13,0.04813,1420988.3343769999
2020-01-14,0.0528,9522600.5688
2020-01-15,0.0548,9557008.55872
2020-01-16,0.05367,5462855.033259001
2020-01-17,0.06072,16488375.773232002
2020-01-18,0.06149,22290026.751278
2020-01-19,0.06004,18301803.275468
2020-01-20,0.06274,20228181.80119
2020-01-21,0.06279,9305591.750364
2020-01-22,0.06136,6236736.865735999
2020-01-23,0.05833,8341016.637407
2020-01-24,0.05714,7996225.76872
2020-01-25,0.05604,3695808.5229599997
2020-01-26,0.05841,4661080.781148
2020-01-27,0.05971,7029060.90145
2020-01-28,0.06072,10044030.8298
2020-01-29,0.06083,8878763.260598
2020-01-30,0.0628,9031172.68844
2020-01-31,0.0606,7024410.80382
2020-02-01,0.06224,6879808.110448
2020-02-02,0.06345,11352580.075710002
2020-02-03,0.0643,8379883.44402
2020-02-04,0.06634,12275045.322822
2020-02-05,0.06908,15728134.220392002
2020-02-06,0.07113,15695146.383710999
2020-02-07,0.07188,13612458.157428
2020-02-08,0.0709,10771547.06154
2020-02-09,0.07327,10615501.993189
2020-02-10,0.07051,11855780.698520001
2020-02-11,0.07404,14237436.831696
2020-02-12,0.08004,24496392.923424
2020-02-13,0.08325,30492102.416625
2020-02-14,0.08671,16941941.512054
2020-02-15,0.07892,16310341.897848
2020-02-16,0.07437,21516208.866054002
2020-02-17,0.07272,19304472.865104
2020-02-18,0.07603,12680343.266022
2020-02-19,0.07013,8356777.382497999
2020-02-20,0.0704,11147962.129920002
2020-02-21,0.07099,6807625.605628
2020-02-22,0.0703,4011920.8928
2020-02-23,0.07299,4708150.149663
2020-02-24,0.06911,6771202.895978
2020-02-25,0.06402,8039450.013671999
2020-02-26,0.05873,15325299.333175998
2020-02-27,0.06045,13745200.41921
2020-02-28,0.05841,10760594.685488999
2020-02-29,0.05694,4212318.679529999
2020-03-01,0.05582,4842492.046014001
2020-03-02,0.05968,4613575.475888
2020-03-03,0.05816,4614650.61684
2020-03-04,0.05857,3568261.703104
2020-03-05,0.05966,5204416.409014001
2020-03-06,0.06137,4382938.143651
2020-03-07,0.05828,3785670.67714
2020-03-08,0.04969,7464008.838719999
2020-03-09,0.05235,10425656.822565
2020-03-10,0.05198,6585945.888062
2020-03-11,0.05042,6297324.543302
2020-03-12,0.03174,11067930.134915998
2020-03-13,0.03962,14072535.711234
2020-03-14,0.03677,3369834.8407619996
2020-03-15,0.03786,3444851.903274
2020-03-16,0.03534,6150686.65266
2020-03-17,0.03718,3495627.8551479997
2020-03-18,0.0369,3802492.69794
2020-03-19,0.04134,6404451.060462001
2020-03-20,0.03995,7739120.42396
2020-03-21,0.03956,4685464.127719999
2020-03-22,0.03679,4153614.8583150003
2020-03-23,0.03938,4334795.30187
2020-03-24,0.04031,3891891.459765
2020-03-25,0.04052,3393845.9823919996
2020-03-26,0.04284,2856425.77962
2020-03-27,0.0404,2750423.54428
2020-03-28,0.03995,3547459.6535900002
2020-03-29,0.03773,2114440.641082
2020-03-30,0.04004,3213563.469116
2020-03-31,0.04071,2204433.8676870004
2020-04-01,0.04079,2398476.918611
2020-04-02,0.04123,3914267.695009
2020-04-03,0.0414,3490474.22424
2020-04-04,0.04184,2920601.774168
2020-04-05,0.0435,2981205.63615
2020-04-06,0.04985,12492515.996055
2020-04-07,0.04845,8297361.0489
2020-04-08,0.05125,5145523.508375
2020-04-09,0.05198,7070338.884579999
2020-04-10,0.0477,8844108.18687
2020-04-11,0.04975,6767029.959325
2020-04-12,0.04895,6876695.525095
2020-04-13,0.04816,7349256.4832959995
2020-04-14,0.04805,4225163.606665
2020-04-15,0.04607,3229988.214971
2020-04-16,0.04913,10804559.199977001
2020-04-17,0.04856,3416529.005056
2020-04-18,0.05056,4264737.233664
2020-04-19,0.0488,3178937.9936
2020-04-20,0.04947,13734707.183642998
2020-04-21,0.05085,4803340.471965
2020-04-22,0.05498,6871454.137452001
2020-04-23,0.06208,25531022.836224
2020-04-24,0.06116,12068438.032244
2020-04-25,0.06177,5238918.393426
2020-04-26,0.06188,5456630.020296
2020-04-27,0.06719,12022157.215688
2020-04-28,0.06855,21705301.192485
2020-04-29,0.07216,25936952.423536003
2020-04-30,0.06756,23345292.716771998
2020-05-01,0.0729,13127421.018960001
2020-05-02,0.07552,13376791.044224
2020-05-03,0.073,12973723.125799999
2020-05-04,0.07332,14392180.2141
2020-05-05,0.07208,8587259.103616001
2020-05-06,0.06962,10008435.851758001
2020-05-07,0.07207,11627998.87461
2020-05-08,0.07252,9912792.209964
2020-05-09,0.07141,6724751.6170109995
2020-05-10,0.06405,22863790.06233
2020-05-11,0.06234,10926489.414222
2020-05-12,0.07017,14932162.808039999
2020-05-13,0.06977,9782379.760153
2020-05-14,0.06926,9631129.881598001
2020-05-15,0.06728,7972213.5948560005
2020-05-16,0.06806,6774398.979727999
2020-05-17,0.06873,7408319.371662
2020-05-18,0.07027,8947757.601091
2020-05-19,0.06979,6512803.211761001
2020-05-20,0.07093,10878848.986642001
2020-05-21,0.06644,9994314.123552
2020-05-22,0.06811,6778368.328725001
2020-05-23,0.06713,3901270.1336209998
2020-05-24,0.0639,4091697.76032
2020-05-25,0.06624,4710823.5047039995
2020-05-26,0.06506,4279220.728566
2020-05-27,0.06597,6095702.044728001
2020-05-28,0.0691,6323411.730759999
2020-05-29,0.06777,4943704.725513
2020-05-30,0.07252,10996888.388752
2020-05-31,0.0705,21455511.221249998
2020-06-01,0.07573,15619530.375210002
2020-06-02,0.07951,32500980.907128
2020-06-03,0.08278,17299912.958226
2020-06-04,0.08204,24538497.402356
2020-06-05,0.07888,15545770.06488
2020-06-06,0.0797,9512398.0756
2020-06-07,0.0788,9354191.68444
2020-06-08,0.08006,6320114.05314
2020-06-09,0.07817,8021553.856757
2020-06-10,0.07885,6477232.7744700005
2020-06-11,0.07107,13114202.154647999
2020-06-12,0.07282,5701115.4697859995
2020-06-13,0.07409,3666082.860609
2020-06-14,0.07077,3627562.374828
2020-06-15,0.07098,9523337.779956
2020-06-16,0.07136,4342352.600032001
2020-06-17,0.07187,7335233.377083001
2020-06-18,0.07058,3939937.178794
2020-06-19,0.06959,4388764.512734
2020-06-20,0.06979,2912869.518734
2020-06-21,0.0685,2187492.9329
2020-06-22,0.07188,4812871.510476001
2020-06-23,0.07103,5781903.213653999
2020-06-24,0.06894,7072908.579324
2020-06-25,0.06755,6020631.32335
2020-06-26,0.06695,5480383.8609
2020-06-27,0.06279,6651974.92323
2020-06-28,0.06424,4509067.49524
2020-06-29,0.06503,5512027.000844
2020-06-30,0.06692,5095119.800231999
2020-07-01,0.06837,6946916.637195
2020-07-02,0.06761,11669877.042718
2020-07-03,0.06698,7404059.361777999
2020-07-04,0.06798,6181473.84657
2020-07-05,0.06717,6904471.866303
2020-07-06,0.07174,12729914.27186
2020-07-07,0.07348,13537123.421095999
2020-07-08,0.08538,33943828.225751996
2020-07-09,0.09048,89581975.87528801
2020-07-10,0.089,49341596.350999996
2020-07-11,0.09411,65396963.80611
2020-07-12,0.09532,31047866.469512004
2020-07-13,0.09009,36014988.930920996
2020-07-14,0.09208,24475519.471479997
2020-07-15,0.09436,37262361.809372
2020-07-16,0.10207,59974183.93685
2020-07-17,0.10397,64411365.986653
2020-07-18,0.10077,27336487.296497997
2020-07-19,0.1001,19085165.5995
2020-07-20,0.09428,22307137.69032
2020-07-21,0.09653,17530495.919013
2020-07-22,0.09738,14625241.630595999
2020-07-23,0.09815,17951528.66429
2020-07-24,0.09576,10961049.983184
2020-07-25,0.10085,20086536.29796
2020-07-26,0.09902,24540961.566346
2020-07-27,0.09464,28303861.503008
2020-07-28,0.09709,23291032.675855
2020-07-29,0.09498,17636740.60263
2020-07-30,0.09628,14057175.656624002
2020-07-31,0.0969,11181848.62074
2020-08-01,0.10758,45002717.494614
2020-08-02,0.10251,53417556.76206601
2020-08-03,0.10516,25954559.075632
2020-08-04,0.11015,31139527.81725
2020-08-05,0.10749,15717637.043706002
2020-08-06,0.10624,19326737.874816
2020-08-07,0.10306,18474542.267982
2020-08-08,0.10325,8802046.041949999
2020-08-09,0.10505,15258287.566940002
2020-08-10,0.10625,12832964.76
2020-08-11,0.10015,17931472.293054998
2020-08-12,0.10147,11899212.990567
2020-08-13,0.10111,15201484.858769001
2020-08-14,0.10479,23282982.090752997
2020-08-15,0.10707,18563279.66604
2020-08-16,0.11517,27312904.652616
2020-08-17,0.11383,45503927.234017
2020-08-18,0.10807,20735979.66536
2020-08-19,0.10222,22102261.690938003
2020-08-20,0.10728,15466601.5848
2020-08-21,0.09949,19899025.811543
2020-08-22,0.10223,13066310.037459
2020-08-23,0.10293,10137485.22453
2020-08-24,0.10294,12779947.182968
2020-08-25,0.09714,13674123.097794
2020-08-26,0.09804,12937644.421896001
2020-08-27,0.09376,16160363.441375999
2020-08-28,0.09569,8022732.218746
2020-08-29,0.09615,9375267.45507
2020-08-30,0.09821,9578013.149061
2020-08-31,0.09678,9372380.8575
2020-09-01,0.09881,16644733.296266997
2020-09-02,0.09228,16754024.213652
2020-09-03,0.07781,17383791.370701
2020-09-04,0.08074,18731935.66321
2020-09-05,0.07541,16199543.200584002
2020-09-06,0.07742,9897232.731736
2020-09-07,0.07867,10279474.229953
2020-09-08,0.07745,10848597.551595
2020-09-09,0.07832,6346324.627632
2020-09-10,0.08117,9833344.390328001
2020-09-11,0.08374,6819588.074088
2020-09-12,0.08382,5980897.845648001
2020-09-13,0.08001,8117278.076943
2020-09-14,0.08021,8285854.927948
2020-09-15,0.07778,9085439.308786001
2020-09-16,0.07999,11903384.794887003
2020-09-17,0.08043,8340396.190497001
2020-09-18,0.07825,5949993.680675001
2020-09-19,0.07857,5780870.987058001
2020-09-20,0.07693,6175349.4775910005
2020-09-21,0.06996,8636145.661044
2020-09-22,0.07167,6441824.112291
2020-09-23,0.0674,7016467.13662
2020-09-24,0.07043,10400537.516185
2020-09-25,0.07467,13146893.99271
2020-09-26,0.07385,5880407.446655
2020-09-27,0.07335,5216035.21452
2020-09-28,0.07323,8361452.412018
2020-09-29,0.07407,6008559.414759
2020-09-30,0.07484,6174001.740148
2020-10-01,0.07314,8657544.059759999
2020-10-02,0.07096,8318532.01832
2020-10-03,0.071,3234572.6807
2020-10-04,0.0729,3665275.7571900003
2020-10-05,0.07331,4565737.203721
2020-10-06,0.07237,8858319.859006
2020-10-07,0.07233,6058576.061313
2020-10-08,0.07311,6699097.162220999
2020-10-09,0.07502,8552779.453151999
2020-10-10,0.0773,8161582.341709999
2020-10-11,0.07713,5763778.5612510005
2020-10-12,0.07761,7382119.047185999
2020-10-13,0.07635,5857992.543435
2020-10-14,0.07398,6259241.773098
2020-10-15,0.07408,5693613.26744
2020-10-16,0.07909,10741715.793765
2020-10-17,0.08152,19725583.493791997
2020-10-18,0.07942,5527768.268836
2020-10-19,0.0852,19971791.9808
2020-10-20,0.08075,12461343.5853
2020-10-21,0.08358,15342908.026068
2020-10-22,0.08552,11356632.436544
2020-10-23,0.08368,6594099.8968
2020-10-24,0.08561,5899609.201297001
2020-10-25,0.08304,5310174.981456
2020-10-26,0.08104,7564796.000048
2020-10-27,0.08183,7610418.101125
2020-10-28,0.07832,9056930.924624
2020-10-29,0.0775,6922132.11175
2020-10-30,0.07669,6914523.872028
2020-10-31,0.07775,6186471.268825
2020-11-01,0.07861,3423709.5290229996
2020-11-02,0.07557,5531524.548099
2020-11-03,0.07542,4762686.018114001
2020-11-04,0.07456,3936084.62032
2020-11-05,0.08039,9754997.560198
2020-11-06,0.08388,10389518.272008
2020-11-07,0.07952,12486100.631311998
2020-11-08,0.0815,4799912.3613
2020-11-09,0.0797,7051516.01574
2020-11-10,0.07967,8066249.818705001
2020-11-11,0.08039,5635463.918021001
2020-11-12,0.08069,4902091.072259
2020-11-13,0.08249,5653379.31133
2020-11-14,0.08094,6615804.572958
2020-11-15,0.08009,4840461.696083
2020-11-16,0.0825,6610724.010000001
2020-11-17,0.0865,14824224.904899998
2020-11-18,0.08365,11105932.81546
2020-11-19,0.08401,8259217.137897001
2020-11-20,0.08853,10333598.348267999
2020-11-21,0.109,63816399.745699994
2020-11-22,0.10426,67077804.18045201
2020-11-23,0.13231,94697078.838889
2020-11-24,0.19571,437685638.89592
2020-11-25,0.19295,377414546.66183007
2020-11-26,0.16835,296270300.446575
2020-11-27,0.20699,255787368.670407
2020-11-28,0.20021,217911526.227076
2020-11-29,0.19423,94201055.19907501
2020-11-30,0.20295,112516364.57787
2020-12-01,0.18382,94187051.868
2020-12-02,0.18514,59110194.814644
2020-12-03,0.18436,40740122.1469
2020-12-04,0.16154,46662789.67559599
2020-12-05,0.1717,33853482.2122
2020-12-06,0.17593,32271289.964126
2020-12-07,0.16804,24914987.286152
2020-12-08,0.15263,34170637.209098
2020-12-09,0.17206,94759621.5349
2020-12-10,0.16073,73036202.24257301
2020-12-11,0.15077,55334157.736614
2020-12-12,0.15888,42228509.593392
2020-12-13,0.1761,69715152.97617
2020-12-14,0.1702,48640601.40042
2020-12-15,0.1661,34496343.69324
2020-12-16,0.19321,100690103.25300398
2020-12-17,0.18612,149171197.59036002
2020-12-18,0.18525,66394833.3945
2020-12-19,0.18139,37303234.437139
2020-12-20,0.17666,27944923.040474
2020-12-21,0.16519,30581461.32709
2020-12-22,0.16212,45742202.728907995
2020-12-23,0.12661,117176664.39993799
2020-12-24,0.15818,157437238.36576998
2020-12-25,0.15238,65969036.33094599
2020-12-26,0.14673,35240124.130047
2020-12-27,0.14527,64435167.081545
2020-12-28,0.14448,41312811.824928
2020-12-29,0.13831,54015751.961238
2020-12-30,0.13175,36188986.708000004
2020-12-31,0.12762,27805470.001578003
2021-01-01,0.13207,31947958.324626997
2021-01-02,0.12751,28415105.139916003
2021-01-03,0.13653,54306271.41561901
2021-01-04,0.16404,158553992.80973998
2021-01-05,0.19291,225057542.12226
2021-01-06,0.33938,1121894694.47145
2021-01-07,0.31124,532844257.17786443
2021-01-08,0.297,292253229.39779997
2021-01-09,0.31054,195649503.685238
2021-01-10,0.2845,161804778.76024997
2021-01-11,0.27119,231846722.89406198
2021-01-12,0.27993,258804248.69451603
2021-01-13,0.30356,154493384.811268
2021-01-14,0.3035,154492618.32795
2021-01-15,0.28374,134342512.633248
2021-01-16,0.29075,135276612.32665
2021-01-17,0.3038,165033148.40908003
2021-01-18,0.30544,84481350.48260799
2021-01-19,0.29748,146582893.152336
2021-01-20,0.29358,91756708.35697801
2021-01-21,0.2514,77315345.70390001
2021-01-22,0.26941,112443523.622486
2021-01-23,0.26977,55796267.77380101
2021-01-24,0.27138,59472003.846654005
2021-01-25,0.26102,48990428.77819999
2021-01-26,0.26144,39998864.30208
2021-01-27,0.23779,39146483.430327006
2021-01-28,0.29306,135410197.796702
2021-01-29,0.29322,538132444.507458
2021-01-30,0.32791,385825342.938882
2021-01-31,0.30704,202218671.541568
2021-02-01,0.32323,352375292.25408
2021-02-02,0.33932,164397078.86813602
2021-02-03,0.3467,102097017.43172
2021-02-04,0.32569,106481953.27438098
2021-02-05,0.35155,180175536.019215
2021-02-06,0.37739,232819917.70791
2021-02-07,0.3854,455830023.75512207
2021-02-08,0.3966,204310021.4709
2021-02-09,0.40022,137626583.331676
2021-02-10,0.41495,279236808.5416085
2021-02-11,0.45604,250844314.0372
2021-02-12,0.52853,321372928.27562374
2021-02-13,0.56456,499426036.993452
2021-02-14,0.51591,215134396.792371
2021-02-15,0.49474,281819466.887758
2021-02-16,0.48534,141855232.324518
2021-02-17,0.49737,117577134.84192899
2021-02-18,0.49656,110803119.30580801
2021-02-19,0.51278,131210998.33269201
2021-02-20,0.48613,180250284.51668802
2021-02-21,0.49601,101286458.365323
2021-02-22,0.46363,238728433.90570098
2021-02-23,0.38652,240819184.181544
2021-02-24,0.40538,118218220.801986
2021-02-25,0.38022,77517441.319392
2021-02-26,0.4003,96891668.73083
2021-02-27,0.43792,231099256.43436798
2021-02-28,0.40587,129729212.33475
2021-03-01,0.43069,109390317.14314601
2021-03-02,0.41856,102061129.494912
2021-03-03,0.42052,95229698.312832
2021-03-04,0.41182,104043790.10109
2021-03-05,0.40483,71454291.797472
2021-03-06,0.40142,44718207.709722
2021-03-07,0.41265,66823330.243635006
2021-03-08,0.41821,70544804.136911
2021-03-09,0.43186,101086539.26943001
2021-03-10,0.40889,78633768.87102799
2021-03-11,0.40564,71750577.182204
2021-03-12,0.38657,71345388.15409301
2021-03-13,0.40661,78694352.77125901
2021-03-14,0.38831,53613862.95276699
2021-03-15,0.38429,72601963.27115001
2021-03-16,0.39563,114133514.48782599
2021-03-17,0.40268,67712236.29065599
2021-03-18,0.39439,59279548.505701005
2021-03-19,0.39486,49841413.999865994
2021-03-20,0.41577,135606430.30844098
2021-03-21,0.40347,103799023.44966
2021-03-22,0.39238,111312700.084602
2021-03-23,0.39518,78133463.61242999
2021-03-24,0.36153,61638780.237255
2021-03-25,0.36112,77113021.386624
2021-03-26,0.3846,53492601.1719
2021-03-27,0.38185,43341150.60159501
2021-03-28,0.39755,129764489.90195
2021-03-29,0.40446,75265376.308164
2021-03-30,0.40076,68982236.335416
2021-03-31,0.4056,85780756.53576
2021-04-01,0.4243,123756078.36445999
2021-04-02,0.43897,214820661.141114
2021-04-03,0.40809,136788578.695032
2021-04-04,0.42851,94272250.30707401
2021-04-05,0.53706,472351455.540564
2021-04-06,0.54206,478838103.518554
2021-04-07,0.47257,263680342.001755
2021-04-08,0.505,148687387.6025
2021-04-09,0.48607,108786628.70348
2021-04-10,0.56192,453865733.51808
2021-04-11,0.5844,810781396.92384
2021-04-12,0.59051,284056155.062051
2021-04-13,0.65701,567127764.295064
2021-04-14,0.63505,393278663.15673
2021-04-15,0.63966,202476307.84689
2021-04-16,0.61005,229516109.26093498
2021-04-17,0.59137,155838387.394898
2021-04-18,0.54459,248016416.136426
2021-04-19,0.49982,156318820.75831202
2021-04-20,0.52877,147000453.31877398
2021-04-21,0.48894,126087911.10445799
2021-04-22,0.44951,138717838.612724
2021-04-23,0.45069,222073441.605483
2021-04-24,0.42507,120153289.957155
2021-04-25,0.4162,80383317.73824
2021-04-26,0.486,133678376.6166
2021-04-27,0.50963,120115687.714055
2021-04-28,0.49687,101583168.885396
2021-04-29,0.49162,82156651.392834
2021-04-30,0.52966,156475896.12290603
2021-05-01,0.54,92656935.774
2021-05-02,0.55601,142688013.119015
2021-05-03,0.55044,132775643.89663202
2021-05-04,0.50152,149184922.034176
2021-05-05,0.60473,306275816.78805304
2021-05-06,0.65085,605029268.1402451
2021-05-07,0.63063,279774526.81978804
2021-05-08,0.6138,121638017.05704
2021-05-09,0.62804,184380221.72959203
2021-05-10,0.65643,853055567.85822
2021-05-11,0.73465,553318928.67195
2021-05-12,0.59554,289317116.83536196
2021-05-13,0.65366,422079567.70336
2021-05-14,0.66885,316441181.853615
2021-05-15,0.68081,470516138.07100505
2021-05-16,0.71027,599432739.3207229
2021-05-17,0.64323,369613464.028956
2021-05-18,0.6454,279169732.016
2021-05-19,0.44315,451408571.14119
2021-05-20,0.49469,258512982.72892404
2021-05-21,0.41884,168451651.757008
2021-05-22,0.38917,128401093.842733
2021-05-23,0.362,193946448.7572
2021-05-24,0.43964,253792793.105628
2021-05-25,0.42922,170081972.93252
2021-05-26,0.44368,148500581.984592
2021-05-27,0.42058,93814353.070224
2021-05-28,0.39933,125661550.312512
2021-05-29,0.36728,93459691.406312
2021-05-30,0.37466,77827485.889582
2021-05-31,0.40243,103936468.688969
2021-06-01,0.41864,174722294.83479202
2021-06-02,0.4188,96053698.98347999
2021-06-03,0.4253,82546454.28897999
2021-06-04,0.3845,86055945.27675
2021-06-05,0.37488,67660046.379552
2021-06-06,0.38053,38668163.618357
2021-06-07,0.3463,51210931.198340006
2021-06-08,0.34928,79421687.909568
2021-06-09,0.36501,71720971.197282
2021-06-10,0.33887,51003619.26241399
2021-06-11,0.31816,45112967.14544
2021-06-12,0.32784,62379904.872144
2021-06-13,0.34486,48951999.779618
2021-06-14,0.343,52207981.3283
2021-06-15,0.33352,46330429.986368
2021-06-16,0.31766,45259072.633026
2021-06-17,0.31751,32082407.920716
2021-06-18,0.29725,44875254.913525
2021-06-19,0.28853,24223805.521608
2021-06-20,0.29739,37511574.185265
2021-06-21,0.23581,58323329.066454
2021-06-22,0.23503,85000771.294715
2021-06-23,0.25546,51953584.14305801
2021-06-24,0.2688,38545386.67392
2021-06-25,0.24091,39031874.016353
2021-06-26,0.2494,30027837.663160004
2021-06-27,0.25979,35082027.623298
2021-06-28,0.26349,31130039.593386002
2021-06-29,0.2832,45457355.71344
2021-06-30,0.28389,35897835.027894
2021-07-01,0.2689,28761215.53865
2021-07-02,0.26287,22521311.043987
2021-07-03,0.26394,23551574.290296003
2021-07-04,0.26814,22685337.436853997
2021-07-05,0.25326,26571204.83493
2021-07-06,0.26043,26085312.140228998
2021-07-07,0.25641,25304761.746495
2021-07-08,0.24286,27433761.743484
2021-07-09,0.24566,25810008.507605996
2021-07-10,0.24478,16480259.317814
2021-07-11,0.24595,14003333.816325
2021-07-12,0.23834,19541386.796762
2021-07-13,0.23222,20495399.66823
2021-07-14,0.23994,29060742.67758
2021-07-15,0.24081,27111203.593314
2021-07-16,0.23513,58418344.387592
2021-07-17,0.2326,24815874.96058
2021-07-18,0.22977,18995962.93209
2021-07-19,0.21148,18799051.733723998
2021-07-20,0.21192,30757119.122903995
2021-07-21,0.22825,29686850.556825
2021-07-22,0.26356,89820178.157248
2021-07-23,0.26925,70597307.970075
2021-07-24,0.26706,28878388.086420003
2021-07-25,0.26172,19329747.362928003
2021-07-26,0.26019,49969776.333455995
2021-07-27,0.2629,29704221.701550003
2021-07-28,0.27016,46090156.621696
2021-07-29,0.27244,23433556.571992
2021-07-30,0.27926,36400283.157108
2021-07-31,0.28422,35285849.107343994
2021-08-01,0.27504,44201615.883407995
2021-08-02,0.27437,37409594.131953
2021-08-03,0.27433,24265098.280724
2021-08-04,0.28056,25650389.005247995
2021-08-05,0.28022,31276339.59363
2021-08-06,0.28532,29433009.631312
2021-08-07,0.30745,69310187.73321499
2021-08-08,0.28716,36149717.811840005
2021-08-09,0.2986,40772116.27488
2021-08-10,0.31019,45442113.405003
2021-08-11,0.33718,90682647.5035
2021-08-12,0.32876,73585968.978136
2021-08-13,0.35999,68124302.585695
2021-08-14,0.39474,119682568.71604799
2021-08-15,0.39079,94096483.01015201
2021-08-16,0.37128,81003202.084896
2021-08-17,0.3412,67043529.45048
2021-08-18,0.34151,59433963.521244
2021-08-19,0.36732,63042048.483516
2021-08-20,0.38489,65841392.789645
2021-08-21,0.37167,40854811.912083
2021-08-22,0.37232,52201077.533488
2021-08-23,0.37873,66990788.909792006
2021-08-24,0.35037,46409110.099470004
2021-08-25,0.35894,45045211.481152
2021-08-26,0.3348,32683316.415120002
2021-08-27,0.3571,39667560.71429
2021-08-28,0.3476,27964396.43272
2021-08-29,0.3431,28426213.4393
2021-08-30,0.3296,33727491.728
2021-08-31,0.3393,51490856.67336
2021-09-01,0.3534,48890948.4204
2021-09-02,0.359,60100313.603700005
2021-09-03,0.3688,55864767.31424001
2021-09-04,0.3699,48824329.696830004
2021-09-05,0.3976,58819319.12808
2021-09-06,0.4239,146442920.14925998
2021-09-07,0.3358,188214942.86926
2021-09-08,0.3298,88203254.14479999
2021-09-09,0.3326,58286973.5938
2021-09-10,0.3169,75322130.2687
2021-09-11,0.3252,39045427.1028
2021-09-12,0.3326,37926960.7152
2021-09-13,0.3186,51625621.576799996
2021-09-14,0.3313,35732289.6079
2021-09-15,0.341,40578026.104
2021-09-16,0.3307,41405626.5149
2021-09-17,0.3195,31493277.306
2021-09-18,0.3219,24633808.244400002
2021-09-19,0.3134,20811997.049200002
2021-09-20,0.282,61121606.82119999
2021-09-21,0.2659,40913467.45729
2021-09-22,0.2926,34782468.6132
2021-09-23,0.303,34569291.21
2021-09-24,0.2811,37164804.444000006
2021-09-25,0.2768,25043829.321599998
2021-09-26,0.276,26226135.48
2021-09-27,0.265,19127862.445
2021-09-28,0.2566,23302006.913859997
2021-09-29,0.2696,29440171.9896
2021-09-30,0.2787,23855309.2206
2021-10-01,0.3003,50666291.676
2021-10-02,0.3164,52594162.0512
2021-10-03,0.3148,46924834.39080001
2021-10-04,0.3104,50568330.8448
2021-10-05,0.3188,45881428.845599994
2021-10-06,0.3578,121315765.3216
2021-10-07,0.3435,116587202.75250001
2021-10-08,0.3363,57617805.489599995
2021-10-09,0.3531,71351044.8222
2021-10-10,0.3311,44890130.747
2021-10-11,0.3445,72831733.3705
2021-10-12,0.3328,51014297.6512
2021-10-13,0.368,140105958.752
2021-10-14,0.3698,85536835.2868
2021-10-15,0.3616,75325970.6752
2021-10-16,0.3967,194324634.3224
2021-10-17,0.3834,104098722.17760001
2021-10-18,0.3796,80663731.3768
2021-10-19,0.3737,46750169.707399994
2021-10-20,0.3918,82940253.663
2021-10-21,0.373,84907781.519
2021-10-22,0.3721,48849381.7692
2021-10-23,0.378,33610154.634
2021-10-24,0.3723,47616161.4393
2021-10-25,0.388,42228374.208000004
2021-10-26,0.3731,44760801.0304
2021-10-27,0.3303,82016366.5827
2021-10-28,0.3426,62849380.0428
2021-10-29,0.3623,47500032.043800004
2021-10-30,0.3584,45555644.467199996
2021-10-31,0.3725,99341659.95
2021-11-01,0.3659,45012903.8392
2021-11-02,0.3825,50265546.705
2021-11-03,0.3852,78997079.862
2021-11-04,0.3687,42092549.2242
2021-11-05,0.3587,34354163.5721
2021-11-06,0.3591,29651261.900399998
2021-11-07,0.3636,26758309.7196
2021-11-08,0.378,53008298.910000004
2021-11-09,0.4127,129344494.36580001
2021-11-10,0.3831,179114603.72856
2021-11-11,0.3909,80934743.0529
2021-11-12,0.3789,63697123.7694
2021-11-13,0.3782,34352845.827
2021-11-14,0.3773,33478061.416800003
2021-11-15,0.3768,53816756.918400005
2021-11-16,0.3429,70487913.0879
2021-11-17,0.3463,43262801.5377
2021-11-18,0.3278,57455305.294199996
2021-11-19,0.3539,41532682.290699996
2021-11-20,0.3483,36737709.4566
2021-11-21,0.3434,29196321.974799998
2021-11-22,0.3362,54759518.3772
2021-11-23,0.3411,44941313.277
2021-11-24,0.3273,37382136.482099995
2021-11-25,0.3416,42149779.0728
2021-11-26,0.3291,87567004.0221
2021-11-27,0.3257,34878749.2032
2021-11-28,0.3236,37386315.7056
2021-11-29,0.3284,33806936.034
2021-11-30,0.3358,53468197.9202
2021-12-01,0.3275,35792134.7275
2021-12-02,0.3396,35728084.2708
2021-12-03,0.3258,116457495.72659999
2021-12-04,0.2891,143068897.07481003
2021-12-05,0.279,64060174.998
2021-12-06,0.294,91128156.798
2021-12-07,0.2861,44580439.311900005
2021-12-08,0.3059,53920950.174
2021-12-09,0.2733,41870385.912599996
2021-12-10,0.2606,35677465.151
2021-12-11,0.2746,27139302.3488
2021-12-12,0.2756,20074413.5176
2021-12-13,0.2528,24467863.568000004
2021-12-14,0.2673,42849196.117199995
2021-12-15,0.2726,37905613.364
2021-12-16,0.2556,25623013.5792
2021-12-17,0.2539,29280999.473100003
2021-12-18,0.2553,25250769.4545
2021-12-19,0.2533,20796999.939200003
2021-12-20,0.2574,55213705.661400005
2021-12-21,0.2671,34601665.5514
2021-12-22,0.2673,30472470.774899997
2021-12-23,0.2874,35042302.632
2021-12-24,0.2779,24004022.124599997
2021-12-25,0.289,24512079.476
2021-12-26,0.2914,18051924.321399998
2021-12-27,0.2984,22105793.0784
2021-12-28,0.274,32738295.42
2021-12-29,0.2669,22278077.609500002
2021-12-30,0.2681,21919810.423
2021-12-31,0.2665,19795246.900000002
2022-01-01,0.2765,15231053.929000001
2022-01-02,0.2921,20584700.6136
2022-01-03,0.2902,29336298.266400002
2022-01-04,0.2791,22302492.771900002
2022-01-05,0.2661,34237510.0914
2022-01-06,0.2676,26846555.4876
2022-01-07,0.2569,27946671.769800004
2022-01-08,0.255,21734446.875
2022-01-09,0.2609,15534359.347900001
2022-01-10,0.2529,28347121.4598
2022-01-11,0.263,18112746.617000002
2022-01-12,0.2822,42331077.157400005
2022-01-13,0.2693,27113002.2764
2022-01-14,0.2644,40741655.64080001
2022-01-15,0.2588,34113654.712
2022-01-16,0.2589,16548280.1028
2022-01-17,0.2559,17291819.383500002
2022-01-18,0.2541,20494825.2894
2022-01-19,0.2454,16516952.032200001
2022-01-20,0.2315,18271456.507
2022-01-21,0.2028,41357161.61616
2022-01-22,0.1924,49063727.73276
2022-01-23,0.2009,24685430.798
2022-01-24,0.1978,35231247.878
2022-01-25,0.1966,17100328.1596
2022-01-26,0.1966,21904464.8298
2022-01-27,0.1941,19217751.908099998
2022-01-28,0.1986,13489182.096
2022-01-29,0.2032,10743132.7936
2022-01-30,0.1952,9897331.008000001
2022-01-31,0.1996,13376578.4296
2022-02-01,0.2019,12673666.799999999
2022-02-02,0.193,12619338.582
2022-02-03,0.1951,10449359.9245
2022-02-04,0.209,16501853.741999999
2022-02-05,0.2131,12966990.944400001
2022-02-06,0.2238,12934687.5072
2022-02-07,0.2393,30111298.2357
2022-02-08,0.242,43092723.168
2022-02-09,0.2387,20918947.3647
2022-02-10,0.2314,22154335.0392
2022-02-11,0.2154,15517989.6102
2022-02-12,0.2181,13301421.295799999
2022-02-13,0.2104,9789963.1272
2022-02-14,0.2107,11018677.0204
2022-02-15,0.221,13870768.639
2022-02-16,0.2187,14315896.8594
2022-02-17,0.2022,20599574.895
2022-02-18,0.2006,16443782.797
2022-02-19,0.2041,20404003.542
2022-02-20,0.1945,17755279.877
2022-02-21,0.178,24322647.842
2022-02-22,0.1857,17638395.2817
2022-02-23,0.1818,13968939.693599999
2022-02-24,0.1824,43074315.371520005
2022-02-25,0.1909,16811453.298299998
2022-02-26,0.1928,16514798.776
2022-02-27,0.181,13455105.962
2022-02-28,0.1975,20573688.1675
2022-03-01,0.1989,22548602.2203
2022-03-02,0.1934,14713185.0432
2022-03-03,0.1879,13208233.205
2022-03-04,0.176,15714389.503999999
2022-03-05,0.1803,12190503.639899999
2022-03-06,0.1728,8913408.8256
2022-03-07,0.1697,14139567.081699999
2022-03-08,0.1732,14036556.1504
2022-03-09,0.1887,20976424.5114
2022-03-10,0.1786,17506551.8502
2022-03-11,0.1835,22903047.141
2022-03-12,0.185,15136657.82
2022-03-13,0.1763,13033174.779700002
2022-03-14,0.18,11752065.9
2022-03-15,0.1827,10523478.8925
2022-03-16,0.1893,15459431.347199999
2022-03-17,0.1896,9891267.616799999
2022-03-18,0.1928,10588571.5656
2022-03-19,0.2003,10356996.4263
2022-03-20,0.1972,10922296.2856
2022-03-21,0.2038,13921520.936
2022-03-22,0.2069,19907136.9525
2022-03-23,0.2094,15299629.0314
2022-03-24,0.2149,18982405.1809
2022-03-25,0.2112,21442826.1696
2022-03-26,0.2157,9022809.9462
2022-03-27,0.2297,21507263.7387
2022-03-28,0.2298,37455312.4968
2022-03-29,0.2331,24667525.9152
2022-03-30,0.2347,24574976.7533
2022-03-31,0.2283,36164338.647
2022-04-01,0.2325,25951367.512500003
2022-04-02,0.2331,20554125.5997
2022-04-03,0.237,13769372.703
2022-04-04,0.2319,18043325.7267
2022-04-05,0.2248,14001952.372
2022-04-06,0.2031,20477041.4229
2022-04-07,0.2126,11909041.5688
2022-04-08,0.2021,15772768.1875
2022-04-09,0.2049,8352109.8267
2022-04-10,0.2004,6903158.158799999
2022-04-11,0.1867,14289718.7199
2022-04-12,0.1925,10373330.66
2022-04-13,0.1965,9829231.431
2022-04-14,0.1939,9098539.168599999
2022-04-15,0.2042,27805715.7218
2022-04-16,0.2053,9230253.7149
2022-04-17,0.1965,8802056.1735
2022-04-18,0.2049,15017531.6196
2022-04-19,0.2039,12409910.647
2022-04-20,0.2002,19260583.5422
2022-04-21,0.1966,19716006.2284
2022-04-22,0.1953,13154434.8201
2022-04-23,0.1914,8816967.5154
2022-04-24,0.1896,7212629.3423999995
2022-04-25,0.1922,14873049.502400002
2022-04-26,0.1805,11532007.458999999
2022-04-27,0.1842,10386086.9754
2022-04-28,0.1858,10582104.109199999
2022-04-29,0.1778,9822340.8836
2022-04-30,0.1689,9790284.1086
2022-05-01,0.1757,8839931.5508
2022-05-02,0.1735,8417774.798999999
2022-05-03,0.172,7421286.236
2022-05-04,0.1847,11886104.7484
2022-05-05,0.1711,13895890.2642
2022-05-06,0.1715,10704529.906000001
2022-05-07,0.1675,10458551.092500001
2022-05-08,0.1616,10983562.430879999
2022-05-09,0.1406,21403512.9732
2022-05-10,0.1485,30840159.0915
2022-05-11,0.1264,35279842.70144001
2022-05-12,0.1206,35890310.707739994
2022-05-13,0.1322,15313773.156200001
2022-05-14,0.1382,12880307.994399998
2022-05-15,0.1453,8605322.756000001
2022-05-16,0.1364,10355973.0384
2022-05-17,0.1418,9662754.681
2022-05-18,0.1277,7771833.237600001
2022-05-19,0.1306,9192548.9912
2022-05-20,0.1263,9060627.2379
2022-05-21,0.1308,6213635.5572
2022-05-22,0.1355,6306221.896500001
2022-05-23,0.1288,8550870.356
2022-05-24,0.1331,7522014.9972
2022-05-25,0.1322,7059510.5382
2022-05-26,0.1243,9556733.157399999
2022-05-27,0.1204,8463774.5724
2022-05-28,0.1227,4435377.7596
2022-05-29,0.1311,6263611.7649
2022-05-30,0.1435,12510214.339
2022-05-31,0.1507,17117428.284
2022-06-01,0.137,11743113.920000002
2022-06-02,0.143,10042448.273
2022-06-03,0.1461,16699468.4352
2022-06-04,0.1436,12626293.793200001
2022-06-05,0.1435,8398918.388
2022-06-06,0.145,10708909.17
2022-06-07,0.1404,11551278.024
2022-06-08,0.1401,11486014.1598
2022-06-09,0.1398,6200865.2082
2022-06-10,0.1331,10485678.693599999
2022-06-11,0.1253,9631610.3947
2022-06-12,0.1185,9771464.022
2022-06-13,0.1068,21754681.7496
2022-06-14,0.1127,19337992.8448
2022-06-15,0.1212,23020673.7024
2022-06-16,0.1091,11028212.6866
2022-06-17,0.1119,9269855.8665
2022-06-18,0.1077,12574218.8328
2022-06-19,0.1148,16323382.152
2022-06-20,0.1131,10306875.7233
2022-06-21,0.1145,11127877.035500001
2022-06-22,0.1129,8413453.8668
2022-06-23,0.118,9266751.456
2022-06-24,0.1278,12340078.7886
2022-06-25,0.1268,6430447.4544
2022-06-26,0.1203,6851670.3798
2022-06-27,0.1191,7164939.0438
2022-06-28,0.1143,7571828.1888
2022-06-29,0.1101,9665955.7914
2022-06-30,0.1123,9714347.542
2022-07-01,0.1101,7836352.9668000005
2022-07-02,0.1086,7341645.5094
2022-07-03,0.1091,5208623.7249
2022-07-04,0.1113,5266746.2736
2022-07-05,0.108,7069141.404
2022-07-06,0.1094,5681286.298599999
2022-07-07,0.1137,6412148.566199999
2022-07-08,0.1131,8104397.8782
2022-07-09,0.1127,5210671.7649
2022-07-10,0.1075,7280323.335
2022-07-11,0.1013,5949195.9357
2022-07-12,0.1003,5341769.376
2022-07-13,0.1054,9450829.7064
2022-07-14,0.1072,5745556.699200001
2022-07-15,0.1073,6767730.002900001
2022-07-16,0.1096,6751250.4
2022-07-17,0.1066,6933839.107
2022-07-18,0.1142,12312787.3926
2022-07-19,0.1185,13248110.5185
2022-07-20,0.112,10747039.296
2022-07-21,0.1136,7267318.600000001
2022-07-22,0.1119,7851287.7051
2022-07-23,0.1116,5331682.5228
2022-07-24,0.1132,4923708.3724
2022-07-25,0.1058,7315210.7982
2022-07-26,0.1056,5777048.4288
2022-07-27,0.1126,7782376.587
2022-07-28,0.1167,9032614.6599
2022-07-29,0.1177,9029393.9879
2022-07-30,0.1196,13832945.2092
2022-07-31,0.1176,7324198.0896
2022-08-01,0.1182,7487714.097
2022-08-02,0.1151,9033252.3025
2022-08-03,0.1142,5256418.955399999
2022-08-04,0.1139,5026823.1906
2022-08-05,0.1185,6079742.8695
2022-08-06,0.1217,5889279.2609
2022-08-07,0.1239,8649568.5276
2022-08-08,0.1301,26408281.628599998
2022-08-09,0.1221,9076959.2991
2022-08-10,0.126,8253545.328
2022-08-11,0.1253,7725796.5176
2022-08-12,0.1264,4936862.817600001
2022-08-13,0.1268,4760337.3924
2022-08-14,0.1257,6017900.4471
2022-08-15,0.1235,5788607.032
2022-08-16,0.1219,5465879.9512
2022-08-17,0.1213,8473832.2897
2022-08-18,0.1159,4395099.0684
2022-08-19,0.1081,10147379.7543
2022-08-20,0.109,5019749.205
2022-08-21,0.111,3816931.248
2022-08-22,0.1095,4341467.388
2022-08-23,0.1107,5285333.972700001
2022-08-24,0.1094,4052503.8718
2022-08-25,0.1104,3459368.6544
2022-08-26,0.1039,9132535.704
2022-08-27,0.1056,4102196.6304
2022-08-28,0.1027,6329609.481
2022-08-29,0.1059,5230464.1164
2022-08-30,0.1024,7610339.5328
2022-08-31,0.1043,3714865.8246
2022-09-01,0.105,4540559.205
2022-09-02,0.1046,4007129.5587999998
2022-09-03,0.1053,2432920.0662000002
2022-09-04,0.1064,3541240.0184
2022-09-05,0.1051,3254802.0671
2022-09-06,0.0997,7317619.7839
2022-09-07,0.103,6872152.481
2022-09-08,0.1044,5625039.7404000005
2022-09-09,0.1144,8770058.7832
2022-09-10,0.1147,6748948.0
2022-09-11,0.1144,4598705.1968
2022-09-12,0.1139,6990565.9149
2022-09-13,0.1045,9584956.105999999
2022-09-14,0.1052,5613995.0544
2022-09-15,0.1022,8546673.0636
2022-09-16,0.1071,5279170.5225
2022-09-17,0.1133,7249776.8387
2022-09-18,0.1069,16421579.7975
2022-09-19,0.1116,11969117.856
2022-09-20,0.1172,21301925.7912
2022-09-21,0.1105,16973204.651
2022-09-22,0.123,20393815.862999998
2022-09-23,0.1232,36286752.1632
2022-09-24,0.1179,13727348.244900001
2022-09-25,0.1173,10072963.0749
2022-09-26,0.1138,8096283.8162
2022-09-27,0.1102,10671028.1172
2022-09-28,0.1083,9513210.5157
2022-09-29,0.1154,15595852.6698
2022-09-30,0.1146,13243816.7286
2022-10-01,0.1215,21404800.1925
2022-10-02,0.1185,13549096.2525
2022-10-03,0.1168,11412544.936
2022-10-04,0.1191,13163422.5729
2022-10-05,0.1189,9484692.7126
2022-10-06,0.1195,10399469.097
2022-10-07,0.1222,12745554.4606
2022-10-08,0.1261,18899607.603499997
2022-10-09,0.1287,11198277.476100001
2022-10-10,0.1236,12336499.6848
2022-10-11,0.1161,14924941.3026
2022-10-12,0.1164,6530045.82
2022-10-13,0.1121,14804189.0987
2022-10-14,0.1125,8051034.825
2022-10-15,0.112,4545754.528
2022-10-16,0.1135,4071027.534
2022-10-17,0.1142,4139466.4414
2022-10-18,0.1124,5862577.746
2022-10-19,0.1108,5172947.5216
2022-10-20,0.11,5874158.07
2022-10-21,0.111,6070783.14
2022-10-22,0.1113,2414972.931
2022-10-23,0.112,3497201.008
2022-10-24,0.1103,4922263.1317
2022-10-25,0.1117,7793734.2419
2022-10-26,0.1134,6747745.5486
2022-10-27,0.1109,8298851.9432
2022-10-28,0.1126,6420723.4786
2022-10-29,0.1135,11176828.964
2022-10-30,0.1112,7351296.2248
2022-10-31,0.1113,6054302.5137
2022-11-01,0.1099,6201946.5865
2022-11-02,0.1075,7472714.58
2022-11-03,0.1088,4422510.56
2022-11-04,0.1156,13201559.997599998
2022-11-05,0.1136,7308224.1424
2022-11-06,0.109,5211017.173
2022-11-07,0.1097,5709577.5109
2022-11-08,0.0988,19713770.986
2022-11-09,0.0831,18870716.4654
2022-11-10,0.0972,20791473.3684
2022-11-11,0.0953,9940742.9047
2022-11-12,0.0911,9311791.6016
2022-11-13,0.0882,6138560.6226
2022-11-14,0.0913,11250075.108800001
2022-11-15,0.0925,6318935.9425
2022-11-16,0.0898,5809059.8076
2022-11-17,0.0904,5820373.5352
2022-11-18,0.0892,3886160.5224
2022-11-19,0.0905,2730477.1289999997
2022-11-20,0.0865,4213148.4935
2022-11-21,0.0843,7519047.2031
2022-11-22,0.0871,5466455.5764
2022-11-23,0.0886,4608743.1462
2022-11-24,0.09,4443040.9799999995
2022-11-25,0.0892,4638572.0668
2022-11-26,0.0881,3822447.4719
2022-11-27,0.0902,7630437.7006
2022-11-28,0.0873,7692919.4754
2022-11-29,0.0885,2991761.793
2022-11-30,0.0899,4880764.406099999
2022-12-01,0.0877,3782916.698
2022-12-02,0.0881,3799781.3682
2022-12-03,0.0863,4287053.9888
2022-12-04,0.0877,2136663.6025
2022-12-05,0.0869,3143464.7233
2022-12-06,0.086,3074213.534
2022-12-07,0.0842,3564047.2383999997
2022-12-08,0.0856,3475938.3136
2022-12-09,0.0853,2924678.0292
2022-12-10,0.0853,1777527.462
2022-12-11,0.0838,2343780.412
2022-12-12,0.0843,4195321.1766
2022-12-13,0.084,7335466.32
2022-12-14,0.083,4170976.9220000003
2022-12-15,0.0819,7892374.9086
2022-12-16,0.0743,5540227.274900001
2022-12-17,0.0757,3499050.2144
2022-12-18,0.0764,1549671.7767999999
2022-12-19,0.0732,3153191.8212
2022-12-20,0.076,3989150.776
2022-12-21,0.0752,2219206.52
2022-12-22,0.0758,1664075.9064000002
2022-12-23,0.0754,2045455.9501999998
2022-12-24,0.0743,1452467.8156
2022-12-25,0.0739,1237455.3521999998
2022-12-26,0.0753,1460452.1595
2022-12-27,0.0741,2177877.9165
2022-12-28,0.0717,3087933.05322
2022-12-29,0.072,2906554.8239999996
2022-12-30,0.0724,2098900.978
2022-12-31,0.071,1260310.2079999999
2023-01-01,0.0726,1310723.8122
2023-01-02,0.0737,2839862.7906
2023-01-03,0.0736,1999982.7008
2023-01-04,0.0738,2951289.7488
2023-01-05,0.0729,2531245.9743000004
2023-01-06,0.0751,3212985.8017
2023-01-07,0.0756,1933020.7848
2023-01-08,0.0773,2979401.1095999996
2023-01-09,0.0794,5187780.9054
2023-01-10,0.0796,4052883.1928000003
2023-01-11,0.0814,7207972.849
2023-01-12,0.0816,5713487.16
2023-01-13,0.0846,6378267.850199999
2023-01-14,0.0873,8678974.2849
2023-01-15,0.088,5152578.992
2023-01-16,0.0878,5681639.0578000005
2023-01-17,0.0862,3494372.4106
2023-01-18,0.0824,6628264.9816000005
2023-01-19,0.0844,3354954.438
2023-01-20,0.0889,5951664.3095
2023-01-21,0.0904,8841949.7816
2023-01-22,0.091,7194288.283
2023-01-23,0.0946,8028798.6812
2023-01-24,0.0904,6431925.828799999
2023-01-25,0.0924,5614516.815599999
2023-01-26,0.092,4620398.424
2023-01-27,0.0926,4141636.397
2023-01-28,0.0928,3741303.456
2023-01-29,0.0944,4657830.4256
2023-01-30,0.0899,6109100.2902999995
2023-01-31,0.0906,4646004.1494
2023-02-01,0.0923,6533913.584899999
2023-02-02,0.0918,6255081.8946
2023-02-03,0.093,4629357.162
2023-02-04,0.0929,3109782.1648
2023-02-05,0.0909,5315909.8104
2023-02-06,0.0889,4068899.3044000003
2023-02-07,0.092,5745403.128
2023-02-08,0.091,6118940.555
2023-02-09,0.0857,8034394.368199999
2023-02-10,0.0857,4261617.8691
2023-02-11,0.0862,2437975.9808
2023-02-12,0.0851,2896483.5985
2023-02-13,0.085,6306084.805000001
2023-02-14,0.086,4760486.6559999995
2023-02-15,0.0902,6256767.0176
2023-02-16,0.0863,7364745.5166
2023-02-17,0.0908,5830897.7888
2023-02-18,0.0918,7205853.668400001
2023-02-19,0.0905,6477762.302
2023-02-20,0.0945,7428571.857
2023-02-21,0.0949,12796391.5404
2023-02-22,0.0924,6877872.6324
2023-02-23,0.091,4087341.713
2023-02-24,0.0892,6147853.2824
2023-02-25,0.088,3953129.488
2023-02-26,0.089,2522246.917
2023-02-27,0.0883,4096994.0842000004
2023-02-28,0.0871,3313454.4546999997
2023-03-01,0.088,3414961.528
2023-03-02,0.0875,3046341.375
2023-03-03,0.0857,5630363.4211
2023-03-04,0.0837,2501128.0035
2023-03-05,0.0827,2202078.7851
2023-03-06,0.0835,2406415.4745
2023-03-07,0.0827,4368786.449399999
2023-03-08,0.0816,6621834.5328
2023-03-09,0.0771,5351058.037500001
2023-03-10,0.0781,4466874.2833
2023-03-11,0.0788,4842466.2195999995
2023-03-12,0.0822,6758237.8932
2023-03-13,0.0844,8369708.9792
2023-03-14,0.0883,11117836.4879
2023-03-15,0.0837,6902719.5816
2023-03-16,0.0845,4999092.754500001
2023-03-17,0.0879,6803537.967300001
2023-03-18,0.0856,5608029.216
2023-03-19,0.0877,6411294.7311
2023-03-20,0.0863,5877929.4186
2023-03-21,0.0963,22517393.5314
2023-03-22,0.0908,13205544.762
2023-03-23,0.0924,8123174.413199999
2023-03-24,0.0887,5693926.0186
2023-03-25,0.0907,6865168.3487
2023-03-26,0.0918,3767331.546
2023-03-27,0.0925,8980821.3925
2023-03-28,0.0977,13991352.1353
2023-03-29,0.1017,20852205.948
2023-03-30,0.1064,17835074.538399998
2023-03-31,0.1122,21763920.0504
2023-04-01,0.1082,11031107.8298
2023-04-02,0.1066,8426822.3156
2023-04-03,0.1064,10182494.6832
2023-04-04,0.106,7103673.103999999
2023-04-05,0.1072,5965409.32
2023-04-06,0.1058,4645822.3112
2023-04-07,0.1065,4097538.6165
2023-04-08,0.1044,2730595.9896
2023-04-09,0.1048,3522972.2056
2023-04-10,0.1057,3497691.4294000003
2023-04-11,0.1051,5262922.5431
2023-04-12,0.1036,4011554.8592
2023-04-13,0.1054,4818158.1049999995
2023-04-14,0.1069,9159917.6372
2023-04-15,0.1064,3614697.7271999996
2023-04-16,0.1073,4000598.5228000004
2023-04-17,0.104,4205915.376
2023-04-18,0.1057,4708580.6936
2023-04-19,0.0976,8126838.704000001
2023-04-20,0.0957,5459592.840899999
2023-04-21,0.0929,4677342.1131
2023-04-22,0.0955,3065751.3140000002
2023-04-23,0.0945,2678116.6755
2023-04-24,0.0934,4529847.8828
2023-04-25,0.0949,3352214.1003
2023-04-26,0.0936,6128534.0376
2023-04-27,0.0943,3610916.6456999998
2023-04-28,0.0947,3263878.3044000003
2023-04-29,0.0958,2067521.8783999998
2023-04-30,0.0944,1977172.4112
2023-05-01,0.0926,2709168.0124
2023-05-02,0.0935,2072123.438
2023-05-03,0.0935,2366647.69
2023-05-04,0.0935,2156024.6345
2023-05-05,0.0943,2798411.7204
2023-05-06,0.0924,3091062.1895999997
2023-05-07,0.0918,1483081.8768000002
2023-05-08,0.0894,5131907.6766
2023-05-09,0.089,2401525.982
2023-05-10,0.089,3569430.885
2023-05-11,0.0894,3293796.2051999997
2023-05-12,0.089,3909004.0659999996
2023-05-13,0.0883,1562474.8576
2023-05-14,0.0887,2554460.1238
2023-05-15,0.088,2588319.624
2023-05-16,0.0879,2813053.3278
2023-05-17,0.0888,3203927.9760000003
2023-05-18,0.0888,3159648.6552
2023-05-19,0.0892,2143764.562
2023-05-20,0.0888,1399449.2832
2023-05-21,0.0881,1606344.4795
2023-05-22,0.0882,2172240.6678
2023-05-23,0.0883,2058155.8259
2023-05-24,0.0866,2744178.9814
2023-05-25,0.0872,1919113.8192
2023-05-26,0.0877,2481742.4053
2023-05-27,0.0882,1720783.4112
2023-05-28,0.0887,2542443.7574
2023-05-29,0.0892,2797127.1776
2023-05-30,0.0908,7147123.783600001
2023-05-31,0.0925,5724508.0024999995
2023-06-01,0.0911,4164934.7614
2023-06-02,0.0919,2350480.7176
2023-06-03,0.0919,2327856.1322999997
2023-06-04,0.0913,2828598.3506
2023-06-05,0.0879,5926110.4983
2023-06-06,0.0898,3610909.4554000003
2023-06-07,0.0873,3094463.2122
2023-06-08,0.0871,2580294.1242
2023-06-09,0.0889,2634620.3975000004
2023-06-10,0.0821,9282586.0906
2023-06-11,0.0835,3193065.4675000003
2023-06-12,0.083,2873416.5080000004
2023-06-13,0.0825,4121381.7150000003
2023-06-14,0.0792,3358935.1224
2023-06-15,0.0764,5661020.1208
2023-06-16,0.0775,3463438.42
2023-06-17,0.0797,2353680.4749999996
2023-06-18,0.0795,2208582.1065
2023-06-19,0.08,1851058.08
2023-06-20,0.0827,3158001.8825999997
2023-06-21,0.0868,5558857.404800001
2023-06-22,0.0867,5071249.2906
2023-06-23,0.0895,4406661.916999999
2023-06-24,0.0904,3929697.7632
2023-06-25,0.0916,3497712.9324
2023-06-26,0.0921,3616575.6162
2023-06-27,0.1028,16120617.98
2023-06-28,0.1004,25952160.3612
2023-06-29,0.1021,8473197.932599999
2023-06-30,0.1107,29278722.744900003
2023-07-01,0.1075,7642633.2725
2023-07-02,0.1073,5864990.9604
2023-07-03,0.1059,6143005.4754
2023-07-04,0.1033,4014256.1808
2023-07-05,0.1006,4484571.7488
2023-07-06,0.096,5333303.328
2023-07-07,0.0974,3819447.496
2023-07-08,0.0997,4933556.2955
2023-07-09,0.099,2150771.3370000003
2023-07-10,0.0999,3629401.6653
2023-07-11,0.0985,3345042.6640000003
2023-07-12,0.0961,4732975.7408
2023-07-13,0.1552,188894644.1632
2023-07-14,0.135,68026039.515
2023-07-15,0.1278,19327169.5902
2023-07-16,0.1313,35816076.6301
2023-07-17,0.1291,14947022.0367
2023-07-18,0.1324,18921917.4016
2023-07-19,0.1564,118849246.47520001
2023-07-20,0.1632,126875761.46880001
2023-07-21,0.1572,40676454.6756
2023-07-22,0.1556,30802832.117599998
2023-07-23,0.1559,20204853.2712
2023-07-24,0.1456,20692262.7184
2023-07-25,0.1449,20634764.0121
2023-07-26,0.1557,37427877.8604
2023-07-27,0.1593,37744675.6527
2023-07-28,0.1598,32095082.4556
2023-07-29,0.1583,10531093.8191
2023-07-30,0.1565,20305010.0245
2023-07-31,0.15,12798468.45
2023-08-01,0.1537,14028193.4668
2023-08-02,0.144,10578865.248
2023-08-03,0.139,13602080.744
2023-08-04,0.1364,9636731.8828
2023-08-05,0.1391,8904400.8144
2023-08-06,0.1394,11174605.104
2023-08-07,0.1429,16384059.0293
2023-08-08,0.1429,11478980.5185
2023-08-09,0.1416,10069221.4536
2023-08-10,0.1389,6115776.8619
2023-08-11,0.1397,5638728.9816
2023-08-12,0.1379,3807187.0522
2023-08-13,0.1378,3990664.9874
2023-08-14,0.1362,4198432.419
2023-08-15,0.1303,8860563.0053
2023-08-16,0.1267,7881385.6632
2023-08-17,0.1132,10529002.434799999
2023-08-18,0.1167,7887210.2283
2023-08-19,0.1238,7016530.396799999
2023-08-20,0.1297,19565365.621000003
2023-08-21,0.1248,9825384.6912
2023-08-22,0.1207,6268324.0837
2023-08-23,0.1275,8859155.557500001
2023-08-24,0.1239,4858018.1454
2023-08-25,0.1239,4524349.0026
2023-08-26,0.1209,3179163.1872
2023-08-27,0.121,3278083.963
2023-08-28,0.12,4061327.1599999997
2023-08-29,0.1245,10314023.22
2023-08-30,0.1204,4034774.4864
2023-08-31,0.1149,6698439.8553
2023-09-01,0.1142,4756216.3318
2023-09-02,0.1135,2917089.9455
2023-09-03,0.1187,8285834.508
2023-09-04,0.1244,13232402.9956
2023-09-05,0.1224,9695673.5256
2023-09-06,0.1239,7465426.491599999
2023-09-07,0.1255,6584034.3375
2023-09-08,0.127,6102451.854
2023-09-09,0.1315,11584674.8905
2023-09-10,0.1338,18793223.1336
2023-09-11,0.1285,14035409.0305
2023-09-12,0.1211,12190934.8841
2023-09-13,0.1208,7347253.749600001
2023-09-14,0.1204,5924180.623199999
2023-09-15,0.1203,5807023.1946
2023-09-16,0.1194,4121164.0728
2023-09-17,0.1161,4573099.7036999995
2023-09-18,0.1181,5036019.7276
2023-09-19,0.1184,4244824.8224
2023-09-20,0.1169,5146554.8813000005
2023-09-21,0.1138,11493711.236
2023-09-22,0.1146,4180857.255
2023-09-23,0.1142,2156031.7054
2023-09-24,0.1123,2919990.5731
2023-09-25,0.113,3807700.884
2023-09-26,0.1119,2536212.0453
2023-09-27,0.1125,4100122.9125
2023-09-28,0.1142,3373344.664
2023-09-29,0.1128,11206839.612
2023-09-30,0.1123,3788268.0072
2023-10-01,0.1143,3842598.6648
2023-10-02,0.1115,5885411.6515
2023-10-03,0.1147,8792184.2074
2023-10-04,0.1124,6522938.3116
2023-10-05,0.1107,3528259.182
2023-10-06,0.1118,2993037.0418
2023-10-07,0.1111,1673866.8188
2023-10-08,0.1107,1621970.865
2023-10-09,0.106,5358537.334
2023-10-10,0.1043,2165025.8154
2023-10-11,0.1034,3074217.9710000004
2023-10-12,0.1025,2807809.56
2023-10-13,0.1029,2710388.3667
2023-10-14,0.1042,1879267.9442
2023-10-15,0.1063,3065063.2355
2023-10-16,0.1074,6100117.873199999
2023-10-17,0.1029,3432317.994
2023-10-18,0.1032,2720117.22
2023-10-19,0.1074,6288686.711999999
2023-10-20,0.1074,6267226.1514
2023-10-21,0.1107,4296338.6229
2023-10-22,0.1108,5364657.559599999
2023-10-23,0.1161,10780157.1384
2023-10-24,0.1143,17871261.5142
2023-10-25,0.1144,5744459.0632
2023-10-26,0.1132,6921411.8248
2023-10-27,0.1119,5213623.539
2023-10-28,0.114,3089289.1920000003
2023-10-29,0.1157,4941270.8241
2023-10-30,0.1189,8069411.1501
2023-10-31,0.1212,19599130.6788
2023-11-01,0.1225,10434442.0775
2023-11-02,0.1196,8984830.2804
2023-11-03,0.1225,10742904.6725
2023-11-04,0.1236,5643299.754
2023-11-05,0.1255,15876501.243
2023-11-06,0.1311,22285627.7763
2023-11-07,0.1266,12579350.862599999
2023-11-08,0.1276,9540871.216799999
2023-11-09,0.123,24529757.283
2023-11-10,0.1237,12044726.5205
2023-11-11,0.125,12190764.75
2023-11-12,0.1244,8247991.4408
2023-11-13,0.1223,27930639.5509
2023-11-14,0.1179,15188426.470800001
2023-11-15,0.1214,8178441.0866
2023-11-16,0.1184,11047451.593600001
2023-11-17,0.1184,10610340.460800001
2023-11-18,0.1193,4751567.9662
2023-11-19,0.121,5082027.950999999
2023-11-20,0.1197,6289113.8898
2023-11-21,0.1134,8751785.3892
2023-11-22,0.1182,4791735.0948
2023-11-23,0.1172,5473244.688
2023-11-24,0.1178,5189618.4508
2023-11-25,0.1211,4790751.119
2023-11-26,0.1198,8107357.659200001
2023-11-27,0.1165,5486959.639
2023-11-28,0.1185,4391026.506
2023-11-29,0.1185,4328406.365999999
2023-11-30,0.1183,4041260.8509
2023-12-01,0.1198,3444867.2096
2023-12-02,0.1216,4664664.2816
2023-12-03,0.122,4997416.216
2023-12-04,0.1222,13105436.3934
2023-12-05,0.1224,8433833.320799999
2023-12-06,0.1254,9266942.3748
2023-12-07,0.1262,10385348.4574
2023-12-08,0.1322,13539047.117400002
2023-12-09,0.1337,18442326.510300003
2023-12-10,0.1333,9920788.7826
2023-12-11,0.1234,16175252.873
2023-12-12,0.1231,7737269.1737
2023-12-13,0.1249,9087777.956799999
2023-12-14,0.1276,7932377.2616
2023-12-15,0.123,6980551.719
2023-12-16,0.1247,4419345.4293
2023-12-17,0.1221,5179856.7249
2023-12-18,0.1213,9722584.1304
2023-12-19,0.1195,7857467.1285
2023-12-20,0.122,7193636.914
2023-12-21,0.1247,6165691.615300001
2023-12-22,0.1266,9004478.0454
2023-12-23,0.1266,5039411.6214
2023-12-24,0.1258,8206597.469199999
2023-12-25,0.131,12145097.246000001
2023-12-26,0.126,12342039.696
2023-12-27,0.1307,10619837.9394
2023-12-28,0.132,18185891.592
2023-12-29,0.1296,10431837.9792
2023-12-30,0.1325,16823260.53
2023-12-31,0.129,8973009.219
2024-01-01,0.132,6145588.548
2024-01-02,0.1291,10818152.549899999
2024-01-03,0.1205,21537926.469499998
2024-01-04,0.1216,8552072.5504
2024-01-05,0.1191,11818501.1868
2024-01-06,0.12,6082169.88
2024-01-07,0.1152,6108731.0208
2024-01-08,0.1195,15865470.6775
2024-01-09,0.1165,11512048.5055
2024-01-10,0.1208,13875347.599200001
2024-01-11,0.1234,14320969.692599999
2024-01-12,0.119,11513053.65
2024-01-13,0.1201,4008656.2454
2024-01-14,0.1181,4963191.0006
2024-01-15,0.1182,4983596.6256
2024-01-16,0.1185,4807591.215
2024-01-17,0.1188,5159058.4584
2024-01-18,0.1143,5216346.1332
2024-01-19,0.1139,6589923.1205
2024-01-20,0.1155,3258318.294
2024-01-21,0.1156,3315124.78
2024-01-22,0.1127,6533819.4656
2024-01-23,0.1116,8326914.364800001
2024-01-24,0.1126,5930544.3758000005
2024-01-25,0.1118,4465144.5358
2024-01-26,0.1159,5795349.4385
2024-01-27,0.1163,2760365.8462
2024-01-28,0.1137,4614280.5054
2024-01-29,0.1164,4136531.4768000003
2024-01-30,0.1127,5510174.719699999
2024-01-31,0.11,8025334.46
2024-02-01,0.1099,4479532.2425
2024-02-02,0.1104,4248023.8608
2024-02-03,0.111,5514403.299
2024-02-04,0.1092,2668955.0160000003
2024-02-05,0.1085,3364290.314
2024-02-06,0.1082,4659541.3546
2024-02-07,0.1091,4290704.9835
2024-02-08,0.1098,4572743.5368
2024-02-09,0.112,4963613.2
2024-02-10,0.1117,3195446.1332
2024-02-11,0.1113,4902858.1581
2024-02-12,0.1131,7266835.0365
2024-02-13,0.111,9233850.795
2024-02-14,0.1144,7289702.1912
2024-02-15,0.1167,13050284.0709
2024-02-16,0.1155,7142241.876
2024-02-17,0.1141,4611167.4567
2024-02-18,0.1159,5102277.8695
2024-02-19,0.1184,7434439.008
2024-02-20,0.1176,17802587.6448
2024-02-21,0.1144,10180136.5952
2024-02-22,0.1154,7040906.2008
2024-02-23,0.1147,8170139.3823
2024-02-24,0.1165,4939254.228
2024-02-25,0.1166,5807641.95
2024-02-26,0.118,9100589.048
2024-02-27,0.1229,20086415.165599998
2024-02-28,0.121,31442158.913
2024-02-29,0.122,32081980.954
2024-03-01,0.1271,15388881.1076
2024-03-02,0.1383,41584258.0884
2024-03-03,0.1357,25496476.913499996
2024-03-04,0.1459,64995388.2885
2024-03-05,0.1322,77309803.9482
2024-03-06,0.1385,35338092.318500005
2024-03-07,0.142,23305985.009999998
2024-03-08,0.1416,25122604.5984
2024-03-09,0.1422,12886411.9968
2024-03-10,0.1398,15604649.4918
2024-03-11,0.1576,79081513.78799999
2024-03-12,0.1493,37630805.81519999
2024-03-13,0.1508,26019192.7528
2024-03-14,0.1445,34525011.901
2024-03-15,0.1369,35052710.953099996
2024-03-16,0.1292,25394409.7428
2024-03-17,0.1322,17096025.341000002
2024-03-18,0.1348,29234670.3332
2024-03-19,0.1207,41895918.9434
2024-03-20,0.1307,26285775.330100004
2024-03-21,0.1333,18691054.4679
2024-03-22,0.1283,13963940.4185
2024-03-23,0.1327,9143191.894000001
2024-03-24,0.135,9178950.24
2024-03-25,0.1366,16086061.4878
2024-03-26,0.1381,16541672.1352
2024-03-27,0.1337,17099011.7256
2024-03-28,0.1379,14565868.9764
2024-03-29,0.1428,29792676.732
2024-03-30,0.1391,11945776.4114
2024-03-31,0.1411,6963723.6799
2024-04-01,0.1355,22217184.194500003
2024-04-02,0.1286,18459717.376599997
2024-04-03,0.1263,17983169.043899998
2024-04-04,0.1289,14753602.428199999
2024-04-05,0.1275,10439654.1
2024-04-06,0.1291,5025646.8866
2024-04-07,0.1293,4745171.5197
2024-04-08,0.1334,13425873.7154
2024-04-09,0.1322,19376021.498400003
2024-04-10,0.1297,13194688.648400001
2024-04-11,0.1302,7157017.572600001
2024-04-12,0.1151,30271081.5402
2024-04-13,0.1053,31678755.1587
2024-04-14,0.1106,18008525.5168
2024-04-15,0.1077,10612663.3317
2024-04-16,0.1096,7982445.3976
2024-04-17,0.1075,7224930.305
2024-04-18,0.1104,6415171.223999999
2024-04-19,0.1117,10330283.0747
2024-04-20,0.116,5349377.352
2024-04-21,0.1139,4979785.9076000005
2024-04-22,0.1182,6424708.0464
2024-04-23,0.1174,6851475.5052000005
2024-04-24,0.1144,10402248.6568
2024-04-25,0.1138,6540903.8806
2024-04-26,0.114,5667069.1620000005
2024-04-27,0.1144,5009410.3488
2024-04-28,0.1123,5128832.2999
2024-04-29,0.112,7060760.5600000005
2024-04-30,0.1077,10457686.693500001
2024-05-01,0.1111,9941870.4913
2024-05-02,0.1103,7925557.0856
2024-05-03,0.1118,4863595.4874
2024-05-04,0.1109,3556151.4501
2024-05-05,0.1109,3321570.5578
2024-05-06,0.1097,8648099.3439
2024-05-07,0.1081,6026564.8386
2024-05-08,0.1073,4642132.3468
2024-05-09,0.1085,5113370.7485
2024-05-10,0.1062,4347267.5826
2024-05-11,0.1059,2212184.7065999997
2024-05-12,0.1048,2154767.0192
2024-05-13,0.1039,4855755.1749
2024-05-14,0.1018,4418594.897
2024-05-15,0.1067,4360276.7208
2024-05-16,0.1067,4395519.0906
2024-05-17,0.1088,3848806.9631999996
2024-05-18,0.1081,2269746.1887
2024-05-19,0.1055,2333513.8825
2024-05-20,0.1125,4968802.0125
2024-05-21,0.1122,6744094.7112
2024-05-22,0.1107,6303848.584500001
2024-05-23,0.1093,11343339.809999999
2024-05-24,0.1101,4736866.5411
2024-05-25,0.1109,2310337.8907
2024-05-26,0.1086,2504938.0608
2024-05-27,0.1105,5430997.3185
2024-05-28,0.1079,5899705.810699999
2024-05-29,0.1067,5607481.070400001
2024-05-30,0.1067,6331226.8503
2024-05-31,0.1063,5269326.5042
2024-06-01,0.1064,1697474.6376
2024-06-02,0.1051,2736508.9843
2024-06-03,0.1054,4066496.1078
2024-06-04,0.1064,5068883.0192
2024-06-05,0.1069,4439575.6006
2024-06-06,0.1053,4035259.4256
2024-06-07,0.1002,10795310.225399999
2024-06-08,0.0983,4300781.0021
2024-06-09,0.0999,2378314.8045
2024-06-10,0.1,3544514.0
2024-06-11,0.0968,5673961.2336
2024-06-12,0.1002,4731037.188
2024-06-13,0.0975,3282626.3925
2024-06-14,0.0969,4486157.8851
2024-06-15,0.0983,2053311.9277
2024-06-16,0.0992,2332582.9472
2024-06-17,0.0969,9027305.0667
2024-06-18,0.0914,14530523.666199999
2024-06-19,0.0934,4061304.0741999997
2024-06-20,0.0939,3825001.6637999997
2024-06-21,0.092,5879039.292
2024-06-22,0.0909,2211531.7338
2024-06-23,0.0896,2595502.4256
2024-06-24,0.0894,8538658.4574
2024-06-25,0.0918,4653507.5154
2024-06-26,0.0902,3627395.7962
2024-06-27,0.0915,3067756.368
2024-06-28,0.091,3920741.279
2024-06-29,0.0902,1454916.7094
2024-06-30,0.0913,2468620.2541
2024-07-01,0.0916,4174880.8632
2024-07-02,0.0936,3486059.7408000003
2024-07-03,0.0903,3338677.7928000004
2024-07-04,0.087,6259367.163
2024-07-05,0.0854,17840640.720000003
2024-07-06,0.0906,2895213.9624
2024-07-07,0.0839,2346069.8588
2024-07-08,0.0854,5334775.142200001
2024-07-09,0.088,2623196.928
2024-07-10,0.0875,2728677.9625
2024-07-11,0.0887,2759380.6293
2024-07-12,0.0913,4418024.4383000005
2024-07-13,0.1023,15120386.1303
2024-07-14,0.1046,7835194.273
2024-07-15,0.1047,7430318.6088000005
2024-07-16,0.1068,16405476.550800001
2024-07-17,0.1098,11999038.977
2024-07-18,0.1031,8067797.902199999
2024-07-19,0.1053,4847548.9959
2024-07-20,0.1052,4156400.7676
2024-07-21,0.1054,4602235.7704
2024-07-22,0.1036,5957387.0496
2024-07-23,0.101,5644062.204
2024-07-24,0.103,5534576.765
2024-07-25,0.1023,7948428.7773
2024-07-26,0.1031,3609909.4801
2024-07-27,0.1015,3740113.2090000003
2024-07-28,0.1003,2450048.6615
2024-07-29,0.0991,4647403.9064
2024-07-30,0.1024,7189024.153600001
2024-07-31,0.1004,9541357.1752
2024-08-01,0.0993,6402854.8644
2024-08-02,0.0955,5790770.7565
2024-08-03,0.0933,3620490.5456999997
2024-08-04,0.0882,4997062.3752
2024-08-05,0.0879,28313656.930200003
2024-08-06,0.0925,7523437.6425
2024-08-07,0.1015,27736672.565
2024-08-08,0.1031,15708002.576
2024-08-09,0.0999,6486804.9018
2024-08-10,0.1013,2849562.2129
2024-08-11,0.0978,3795520.689
2024-08-12,0.0989,5111037.276000001
2024-08-13,0.0993,3313840.593
2024-08-14,0.0966,3182939.4744
2024-08-15,0.0956,4098972.8460000004
2024-08-16,0.0948,3442329.5363999996
2024-08-17,0.0956,1337767.6060000001
2024-08-18,0.0935,1859479.754
2024-08-19,0.0963,4281612.5007
2024-08-20,0.0975,3682509.6750000003
2024-08-21,0.0986,4188289.6837999998
2024-08-22,0.0989,3285790.6996
2024-08-23,0.1019,6020566.5653
2024-08-24,0.1026,4091209.5762
2024-08-25,0.1009,4647608.9824
2024-08-26,0.0971,4452415.1465
2024-08-27,0.0937,6001328.708400001
2024-08-28,0.0927,6635546.185500001
2024-08-29,0.093,2843575.254
2024-08-30,0.0933,2602090.3499999996
2024-08-31,0.0926,1278072.7006
2024-09-01,0.0899,2143489.7454999997
2024-09-02,0.0923,3069177.5985
2024-09-03,0.0914,2127514.144
2024-09-04,0.0916,4614478.4232
2024-09-05,0.0902,2475121.6446
2024-09-06,0.088,5968502.584
2024-09-07,0.0885,1355702.118
2024-09-08,0.0899,1762654.1967999998
2024-09-09,0.0931,2602338.9273
2024-09-10,0.094,2068416.984
2024-09-11,0.0927,2415017.7117000003
2024-09-12,0.095,5020571.875
2024-09-13,0.0963,2896636.4937
2024-09-14,0.0972,2636743.6223999998
2024-09-15,0.0951,2111476.0092
2024-09-16,0.095,3231062.005
2024-09-17,0.0946,3036896.7838000003
2024-09-18,0.0961,3238253.2544
2024-09-19,0.096,5159679.264
2024-09-20,0.0961,3929481.2383000003
2024-09-21,0.098,4096234.1840000004
2024-09-22,0.0961,3997909.2433
2024-09-23,0.0964,4031183.4784
2024-09-24,0.0968,3981197.0792
2024-09-25,0.0959,3727259.6613
2024-09-26,0.0979,5931408.1684
2024-09-27,0.0994,5189843.477
2024-09-28,0.0993,8764343.8131
2024-09-29,0.1017,8595310.6593
2024-09-30,0.0985,8104236.924500001
2024-10-01,0.0939,10491848.9859
2024-10-02,0.0905,6998879.944999999
2024-10-03,0.0904,7600065.769599999
2024-10-04,0.0918,3879862.4646
2024-10-05,0.092,2427461.86
2024-10-06,0.0923,1866580.1309999998
2024-10-07,0.0911,4090985.0652
2024-10-08,0.09,3600028.6199999996
2024-10-09,0.0898,3296187.4852
2024-10-10,0.0902,4174575.1542
2024-10-11,0.0918,2735118.9432
2024-10-12,0.092,2605369.804
2024-10-13,0.0905,2334470.2155
2024-10-14,0.0934,4115552.849
2024-10-15,0.093,6643895.913
2024-10-16,0.0956,5150697.7952000005
2024-10-17,0.095,5174846.365
2024-10-18,0.0967,2807366.6470999997
2024-10-19,0.0969,2462257.3917
2024-10-20,0.0972,2493808.4952
2024-10-21,0.0953,4116605.0075
2024-10-22,0.0953,5744053.209299999
2024-10-23,0.0944,5319068.7248
2024-10-24,0.0967,4341099.0446999995
2024-10-25,0.0934,7182055.4846
2024-10-26,0.0942,4242666.1698
2024-10-27,0.0943,2674545.087
2024-10-28,0.0944,3588484.0288
2024-10-29,0.0967,3780073.2041999996
2024-10-30,0.0947,4711285.510100001
2024-10-31,0.0924,5306299.9836
2024-11-01,0.0932,4949731.4924
2024-11-02,0.0926,2365866.8468
2024-11-03,0.0906,4743053.0574
2024-11-04,0.0911,4254839.7116
2024-11-05,0.0934,4078113.8326
2024-11-06,0.097,9351133.195
2024-11-07,0.1021,8872874.5086
2024-11-08,0.1012,7899196.0564
2024-11-09,0.1022,5308293.55
2024-11-10,0.1084,28133033.4636
2024-11-11,0.1147,24385388.3796
2024-11-12,0.1344,89665101.2544
2024-11-13,0.1242,42169618.4238
2024-11-14,0.1312,40694139.2128
2024-11-15,0.1457,61902755.901599996
2024-11-16,0.2207,326926195.7816
2024-11-17,0.1964,145279719.41959998
2024-11-18,0.2318,270010045.5168
2024-11-19,0.2315,120211395.772
2024-11-20,0.2474,188906526.02220002
2024-11-21,0.2624,171303883.53280002
2024-11-22,0.3399,486426165.05009997
2024-11-23,0.5218,1317794897.8991802
2024-11-24,0.5362,1398374546.35396
2024-11-25,0.4817,562316332.7039
2024-11-26,0.4385,516919012.0035
2024-11-27,0.4833,592287960.8205
2024-11-28,0.5002,272935482.0406
2024-11-29,0.5478,484010834.08919996
2024-11-30,0.5249,382418636.0278
2024-12-01,0.5607,447190290.6408
2024-12-02,0.5393,733156632.9283
2024-12-03,0.5066,524305970.41380006
2024-12-04,0.4892,220221645.034
2024-12-05,0.4709,197864060.7422
2024-12-06,0.4957,147331336.85349998
2024-12-07,0.5038,114114427.6162
2024-12-08,0.4931,81162071.6222
2024-12-09,0.4103,189591256.1873
2024-12-10,0.4365,244774711.2555
2024-12-11,0.4351,158160884.0925
2024-12-12,0.425,122882607.89999999
2024-12-13,0.4379,96620114.8855
2024-12-14,0.4243,72509177.7414
2024-12-15,0.4304,59142664.5216
2024-12-16,0.4187,93454496.9403
2024-12-17,0.4292,207320548.24960002
2024-12-18,0.3959,189478111.7501
2024-12-19,0.3697,142459302.9563
2024-12-20,0.3751,180329146.07729998
2024-12-21,0.3561,71992202.13780001
2024-12-22,0.3564,59454733.536
2024-12-23,0.371,60616942.435
2024-12-24,0.4025,79448722.7275
2024-12-25,0.3829,44421372.3394
2024-12-26,0.3547,40869765.873100005
2024-12-27,0.3498,37252739.799
2024-12-28,0.3563,23842802.8762
2024-12-29,0.3382,17853233.3742
2024-12-30,0.3319,41486065.1963
2024-12-31,0.3327,34208240.2833
2025-01-01,0.4258,318687686.4094
2025-01-02,0.4321,242947707.77629998
2025-01-03,0.4481,166176363.7005
2025-01-04,0.4504,131532668.0424
2025-01-05,0.4407,59350117.425299995
2025-01-06,0.4466,78208200.7784
2025-01-07,0.4178,143455542.2792
2025-01-08,0.4255,143720390.375
2025-01-09,0.3913,75949703.3659
2025-01-10,0.4143,87348911.499
2025-01-11,0.4459,94745540.5351
2025-01-12,0.4224,53808009.8688
2025-01-13,0.4196,100428361.4032
2025-01-14,0.4303,62128687.3558
2025-01-15,0.4881,305808207.9537
2025-01-16,0.4819,299490896.3555
2025-01-17,0.4877,144630063.2153
2025-01-18,0.4907,133101984.8935
2025-01-19,0.4332,189501669.1476
2025-01-20,0.4472,231374027.75759998
2025-01-21,0.4423,74988611.9237
2025-01-22,0.4285,61053688.2605
2025-01-23,0.4309,65540965.5264
2025-01-24,0.4309,44606731.8044
2025-01-25,0.4172,37175822.138000004
2025-01-26,0.4063,31728544.3523
2025-01-27,0.4075,110644866.17999999
2025-01-28,0.3927,45290882.2905
2025-01-29,0.3927,41770366.060499996
2025-01-30,0.4286,73948420.4232
2025-01-31,0.4142,37611043.308800004
2025-02-01,0.3922,31498722.1254
2025-02-02,0.354,94397507.95799999
2025-02-03,0.3705,349246761.747
2025-02-04,0.3408,76685543.112
2025-02-05,0.3271,36239946.0982
2025-02-06,0.3182,36075949.5014
2025-02-07,0.3268,44519679.3572
2025-02-08,0.3315,19427123.5665
2025-02-09,0.314,31428680.132
2025-02-10,0.3132,32417476.603199996
2025-02-11,0.3181,41225421.8597
2025-02-12,0.3331,42478456.2516
2025-02-13,0.3371,26524420.5601
2025-02-14,0.3506,52703002.5872
2025-02-15,0.3489,27799411.365599997
2025-02-16,0.3426,14628920.9886
2025-02-17,0.3341,19161867.1608
2025-02-18,0.3235,18205974.7315
2025-02-19,0.3419,22005351.0469
2025-02-20,0.3447,18516954.4668
2025-02-21,0.3261,22714020.0462
2025-02-22,0.3344,11391398.532799998
2025-02-23,0.3331,9286703.7537
2025-02-24,0.2979,34241003.1414
2025-02-25,0.2955,56191901.169
2025-02-26,0.2866,24771343.562400002
2025-02-27,0.2833,17775704.9612
2025-02-28,0.2863,33232164.2786
2025-03-01,0.3115,36208855.942
2025-03-02,0.3511,125138763.91610001
2025-03-03,0.2925,72935748.1125
2025-03-04,0.295,46318047.94
2025-03-05,0.2995,25458000.764
2025-03-06,0.2962,19852380.5454
2025-03-07,0.2834,39157101.684999995
2025-03-08,0.2758,10303378.0458
2025-03-09,0.263,22732115.963
2025-03-10,0.2418,26981658.014999997
2025-03-11,0.2553,25828723.4664
2025-03-12,0.2594,21351597.912
2025-03-13,0.274,48431054.402
2025-03-14,0.2762,30130140.4012
2025-03-15,0.2746,23163604.555600002
2025-03-16,0.2625,11398773.225
2025-03-17,0.273,16429699.377
2025-03-18,0.2733,12506409.4221
2025-03-19,0.2907,46601416.413
2025-03-20,0.2814,19271100.1602
2025-03-21,0.277,13839568.180000002
2025-03-22,0.274,8283267.148000001
2025-03-23,0.2831,8204735.4067
2025-03-24,0.2907,13366801.1196
2025-03-25,0.2938,11765865.891
2025-03-26,0.2854,12470657.741799999
2025-03-27,0.2864,10426998.8816
2025-03-28,0.2747,14372771.2647
2025-03-29,0.2673,9633219.354
2025-03-30,0.2669,6200181.482600001
2025-03-31,0.2639,12872945.1487
2025-04-01,0.2721,11906495.475300001
2025-04-02,0.2581,23338822.3243
2025-04-03,0.261,11043814.887
2025-04-04,0.2596,12539170.644
2025-04-05,0.2525,11138310.5525
2025-04-06,0.2263,19259434.1669
2025-04-07,0.2322,46771002.028799996
2025-04-08,0.2212,19059573.4644
2025-04-09,0.2422,32456503.6348
2025-04-10,0.2303,13869084.9157
2025-04-11,0.2339,12433699.9393
2025-04-12,0.2463,10104224.0076
2025-04-13,0.238,13530863.108
2025-04-14,0.2399,11450376.3811
2025-04-15,0.2355,13055416.090499999
2025-04-16,0.2357,12096723.3851
2025-04-17,0.2394,7602530.2794
2025-04-18,0.24,5662613.52
2025-04-19,0.2462,5155654.7502
2025-04-20,0.2436,5690616.582
2025-04-21,0.2501,19142420.906799998
2025-04-22,0.265,25263531.465
2025-04-23,0.2663,23540012.1833
2025-04-24,0.281,23048685.552
2025-04-25,0.2835,20914806.811499998
2025-04-26,0.2906,17625123.0612
2025-04-27,0.2841,16864694.198400002
2025-04-28,0.2825,21326204.674999997
2025-04-29,0.2777,11548070.0792
2025-04-30,0.271,11950108.953000002
2025-05-01,0.2735,11923185.184500001
2025-05-02,0.2746,12903884.0236
2025-05-03,0.2692,6165855.5964
2025-05-04,0.2654,8055843.582200001
2025-05-05,0.2583,13401966.015899999
2025-05-06,0.2628,11920951.4796
2025-05-07,0.2603,9490407.589699998
2025-05-08,0.2912,26911132.976
2025-05-09,0.2953,35553575.466800004
2025-05-10,0.3217,26110072.4383
2025-05-11,0.3064,25105271.902400002
2025-05-12,0.3127,68419012.34889999
2025-05-13,0.314,28079236.48
2025-05-14,0.3037,24699386.7917
2025-05-15,0.2931,23419614.144300003
2025-05-16,0.2932,17796337.2372
2025-05-17,0.2864,11546646.172799999
2025-05-18,0.2925,15207804.7875
2025-05-19,0.2867,16203095.3418
2025-05-20,0.2875,13969394.424999999
2025-05-21,0.2932,18595594.8664
2025-05-22,0.3042,19840968.318600003
2025-05-23,0.2852,25914634.6856
2025-05-24,0.286,8587717.137999998
2025-05-25,0.2878,11632031.0192
2025-05-26,0.2858,9222842.0228
2025-05-27,0.2871,11341101.429900002
2025-05-28,0.2853,13311958.773599999
2025-05-29,0.2788,14838463.9468
2025-05-30,0.2651,20533556.7041
2025-05-31,0.2641,10597488.6723
2025-06-01,0.2674,7078595.9538
2025-06-02,0.2719,9513457.7109
2025-06-03,0.2728,12612955.1944
2025-06-04,0.2666,11058273.1404
2025-06-05,0.257,22917150.544
2025-06-06,0.2628,9237902.238
2025-06-07,0.2646,5153104.845
2025-06-08,0.2677,12094781.3012
2025-06-09,0.2749,13797523.768499998
2025-06-10,0.2805,15432814.914
2025-06-11,0.2768,16967757.2368
2025-06-12,0.2673,12104883.3807
2025-06-13,0.2608,26446034.6256
2025-06-14,0.2564,6489409.644
2025-06-15,0.2587,5546849.5641
2025-06-16,0.2616,15197379.1512
2025-06-17,0.2519,12297810.1433
2025-06-18,0.2524,11339806.7556
2025-06-19,0.2496,6024081.5232
2025-06-20,0.242,11100953.336
2025-06-21,0.2372,10804137.6452
2025-06-22,0.2289,20497585.0401
2025-06-23,0.2457,16026982.7445
2025-06-24,0.2488,9280869.2152
2025-06-25,0.2413,7644876.493299999
2025-06-26,0.2342,8166628.4756
2025-06-27,0.2368,7110644.1344
2025-06-28,0.2389,5637892.3598
2025-06-29,0.2403,6941360.588400001
2025-06-30,0.238,14255469.816
2025-07-01,0.2254,17708280.7454
2025-07-02,0.238,11002049.086
2025-07-03,0.2426,9778732.6874
2025-07-04,0.2377,6945711.4238
2025-07-05,0.2383,3671334.6348
2025-07-06,0.2505,12547001.6655
2025-07-07,0.2481,19450211.0979
2025-07-08,0.2596,11585507.7184
2025-07-09,0.2883,66341984.1147
2025-07-10,0.303,54683131.14
2025-07-11,0.3603,175837331.1417
2025-07-12,0.3929,224905271.73000002
2025-07-13,0.4706,335361654.8906
2025-07-14,0.4636,318069840.0164
2025-07-15,0.4515,167723094.0315
2025-07-16,0.4533,143160442.6428
2025-07-17,0.4973,223872820.1962
2025-07-18,0.4588,169501041.6284
2025-07-19,0.461,61048131.989
2025-07-20,0.4625,70784082.10000001
2025-07-21,0.473,93809585.78199999
2025-07-22,0.4723,88282603.63069999
2025-07-23,0.4278,103719483.273
2025-07-24,0.4246,74230606.6832
2025-07-25,0.4313,57507855.1857
2025-07-26,0.4352,31762084.5312
2025-07-27,0.4442,36829095.073
2025-07-28,0.4192,42101937.830400005
2025-07-29,0.4211,32369162.384299997
2025-07-30,0.4077,44198511.5646
2025-07-31,0.4009,43711825.2124
2025-08-01,0.3822,58603907.3802
2025-08-02,0.3671,27450780.6032
2025-08-03,0.3994,38922536.488
2025-08-04,0.4137,55400735.2017
2025-08-05,0.3959,41364053.2376
2025-08-06,0.4001,28433538.207900003
2025-08-07,0.4395,50317293.6075
2025-08-08,0.45,106060433.4
2025-08-09,0.4469,33729249.2642
2025-08-10,0.4446,35428442.7276
2025-08-11,0.4305,59149305.18
2025-08-12,0.4493,38478199.819699995
2025-08-13,0.4519,47670326.3578
2025-08-14,0.4235,85640671.0005
2025-08-15,0.4303,39164644.3604
2025-08-16,0.4265,15893900.378999999
2025-08-17,0.4245,20992230.094499998
2025-08-18,0.4145,32497037.922999997
2025-08-19,0.3908,26045197.0076
2025-08-20,0.4046,27363111.351800002
2025-08-21,0.3913,21310207.7825
2025-08-22,0.4249,52973032.5236
2025-08-23,0.4167,23445558.4113
2025-08-24,0.4079,29947320.491
2025-08-25,0.3842,31841559.7046
2025-08-26,0.3946,39619489.8226
2025-08-27,0.379,53737364.339
2025-08-28,0.3822,24798156.0918
2025-08-29,0.3614,39002658.435
2025-08-30,0.36,16227958.68
2025-08-31,0.3528,12724497.576
2025-09-01,0.3574,34385940.064
2025-09-02,0.3681,27891551.3589
2025-09-03,0.3622,17350771.5724
2025-09-04,0.352,15367953.92
2025-09-05,0.3596,19650596.9564
2025-09-06,0.3558,7640779.7382000005
2025-09-07,0.3616,15917099.0016
2025-09-08,0.3776,35988320.0576
2025-09-09,0.3723,29156904.953700002
2025-09-10,0.3833,17451951.423699997
2025-09-11,0.3961,28667866.6286
2025-09-12,0.4046,23972806.1118
2025-09-13,0.405,27062799.03
2025-09-14,0.3896,20990935.8112
2025-09-15,0.3805,26033355.683000002
2025-09-16,0.3839,26142865.1968
2025-09-17,0.3954,23036102.849999998
2025-09-18,0.3963,27271796.652
2025-09-19,0.388,18237619.900000002
2025-09-20,0.3861,9964171.503
2025-09-21,0.3797,11352792.307799999
2025-09-22,0.3683,39139359.224300005
2025-09-23,0.3645,16512307.082999999
2025-09-24,0.3746,20316785.7462
2025-09-25,0.3505,29959613.8435
2025-09-26,0.3619,23411156.8306
2025-09-27,0.3608,7571531.5984000005
2025-09-28,0.3676,9589505.842
2025-09-29,0.3718,19411525.9338
2025-09-30,0.364,15368915.015999999
2025-10-01,0.3982,34981825.7998
2025-10-02,0.4087,42618809.7259
2025-10-03,0.4062,32507842.3548
2025-10-04,0.3938,15849316.6436
2025-10-05,0.3962,32712016.8648
2025-10-06,0.4085,31209314.623499997
2025-10-07,0.3836,29032417.3076
2025-10-08,0.3884,25191274.44
2025-10-09,0.3794,19854201.185000002
2025-10-10,0.3191,101419038.2917
2025-10-11,0.323,52592943.027
2025-10-12,0.3415,31533673.904500004
2025-10-13,0.3511,27962717.3381
2025-10-14,0.3373,33550205.608
2025-10-15,0.3247,15880348.6979
2025-10-16,0.3122,25671148.578599997
2025-10-17,0.3086,30587745.6736
2025-10-18,0.3146,10899469.8956
2025-10-19,0.3179,14477678.4548
2025-10-20,0.3244,14807805.3756
2025-10-21,0.3141,19921649.8986
2025-10-22,0.3081,15998931.4563
2025-10-23,0.3115,7599306.029
2025-10-24,0.3195,11723805.846
2025-10-25,0.3249,10080132.316200001
2025-10-26,0.3304,10700655.5488
2025-10-27,0.3228,13550773.102799999
2025-10-28,0.3184,21304172.0192
2025-10-29,0.3158,17747693.4648
2025-10-30,0.2984,25456330.6296
2025-10-31,0.305,15223693.14
2025-11-01,0.3051,7078077.7506
2025-11-02,0.3047,6155085.0372
2025-11-03,0.2782,25119628.3312
2025-11-04,0.2695,33275437.464500003
2025-11-05,0.2802,16712126.6328
2025-11-06,0.2697,13855903.3068
2025-11-07,0.2916,28653758.488800004
2025-11-08,0.2833,13109329.0112
2025-11-09,0.2858,14890421.2152
2025-11-10,0.3005,24135570.719499998
2025-11-11,0.2818,13839011.7302
2025-11-12,0.2777,13922767.7554
2025-11-13,0.2684,27476700.895600002
2025-11-14,0.2595,22298793.48
2025-11-15,0.2596,8688617.0404
2025-11-16,0.254,11995474.104
2025-11-17,0.2471,16903487.319599997
2025-11-18,0.256,14852077.568
2025-11-19,0.2466,13171820.146200001
2025-11-20,0.2369,13079999.2623
2025-11-21,0.2318,21853558.5746
2025-11-22,0.2301,7828488.8916
2025-11-23,0.2473,14466955.036799999
2025-11-24,0.2547,21670157.1888
2025-11-25,0.2523,13729249.141800001
2025-11-26,0.2586,14136017.8212
2025-11-27,0.2557,10313562.8454
2025-11-28,0.2533,10267490.423300002
2025-11-29,0.254,7265153.872
2025-11-30,0.248,4454677.928
2025-12-01,0.2339,14589889.3129
2025-12-02,0.2547,10148781.5487
2025-12-03,0.2579,16472151.401600001
2025-12-04,0.2519,12429873.5044
2025-12-05,0.2399,8391102.25
2025-12-06,0.2394,4792658.0058
2025-12-07,0.2373,7593579.354900001
2025-12-08,0.2408,8528357.9752
2025-12-09,0.2531,12647703.6332
2025-12-10,0.25,12003291.5
2025-12-11,0.2458,9397138.2598
2025-12-12,0.2386,10453802.7968
2025-12-13,0.2377,3201024.1311999997
2025-12-14,0.2291,5275646.9864
2025-12-15,0.2205,9430731.198
2025-12-16,0.2196,8299341.043199999
2025-12-17,0.2107,11207218.5442
2025-12-18,0.2071,11088848.9092
2025-12-19,0.2194,11388182.323800001
2025-12-20,0.2183,9002409.0832
2025-12-21,0.2165,4069011.8479999998
2025-12-22,0.2206,6624282.688
2025-12-23,0.2173,6139882.1225
2025-12-24,0.2121,5493513.018
2025-12-25,0.21,3954570.9
2025-12-26,0.2136,4522804.848
2025-12-27,0.2209,2877800.5953
2025-12-28,0.2203,4106209.3712999998
2025-12-29,0.2161,6481730.6285999995
2025-12-30,0.2107,7064552.0827
2025-12-31,0.201,8824189.842
2026-01-01,0.2087,6520529.5111
2026-01-02,0.2191,13309129.152199998
2026-01-03,0.2222,8409519.408400001
2026-01-04,0.233,13332647.945
2026-01-05,0.2526,26314350.3792
2026-01-06,0.2438,25506639.5394
2026-01-07,0.2342,10311793.4462
2026-01-08,0.2302,10398514.980999999
2026-01-09,0.2284,8480525.5748
2026-01-10,0.2264,3186199.4216
2026-01-11,0.2244,5619974.8044
2026-01-12,0.2193,9860467.2603
2026-01-13,0.2386,13474191.761
2026-01-14,0.2361,19776117.0654
2026-01-15,0.2285,11462030.9385
2026-01-16,0.226,8786072.276
2026-01-17,0.2309,6387107.5419
2026-01-18,0.2182,7040102.1172
2026-01-19,0.2157,18665222.6721
2026-01-20,0.207,7642174.005
2026-01-21,0.2124,13699062.334800001
2026-01-22,0.2115,5062548.388499999
2026-01-23,0.2122,6319423.161
2026-01-24,0.2115,3111115.509
2026-01-25,0.2033,6399767.915700001
2026-01-26,0.2074,7274030.278
2026-01-27,0.2085,5573991.461999999
2026-01-28,0.2105,5878935.778
2026-01-29,0.1987,10855239.7074
2026-01-30,0.1919,13291681.385799998
2026-01-31,0.181,22514144.197
2026-02-01,0.1751,11216884.2876
2026-02-02,0.1787,14873795.5349
2026-02-03,0.1758,13637989.3098
2026-02-04,0.1714,11333914.2994
2026-02-05,0.1471,31939556.0135
2026-02-06,0.1642,37012647.444400005
2026-02-07,0.1619,15480656.520799998
2026-02-08,0.1615,5285458.1425
2026-02-09,0.1596,6420209.7288
2026-02-10,0.1585,9143048.091
2026-02-11,0.1547,7914792.34
2026-02-12,0.1563,5918843.2677
2026-02-13,0.1646,8577947.6108
2026-02-14,0.1744,10516691.2976
2026-02-15,0.1702,17945680.356
2026-02-16,0.1698,7547715.276000001
2026-02-17,0.1657,5145597.758599999
2026-02-18,0.1613,4456100.2532
2026-02-19,0.1591,4830432.2362
2026-02-20,0.1627,5943941.227200001
2026-02-21,0.161,3055148.075
2026-02-22,0.155,12264346.79
2026-02-23,0.1514,6919173.035
2026-02-24,0.1496,5360443.8624
2026-02-25,0.1627,12252327.037700001
2026-02-26,0.1622,7202171.9526
2026-02-27,0.1588,6232428.364
2026-02-28,0.159,12106490.073
2026-03-01,0.1541,9500633.4531
2026-03-02,0.1557,8065906.9335
2026-03-03,0.1515,8153799.6899999995
2026-03-04,0.1595,11959579.7145
2026-03-05,0.1569,7125497.5509
2026-03-06,0.1522,6534519.1852
2026-03-07,0.1504,3216385.5168000003
2026-03-08,0.1482,4184303.994
2026-03-09,0.1508,4924979.9144
2026-03-10,0.1586,12908528.859199999
2026-03-11,0.1592,6780242.032000001
2026-03-12,0.16,4933642.24
2026-03-13,0.1641,8279668.1256
2026-03-14,0.1665,4311681.0030000005
2026-03-15,0.1693,5461286.3413
2026-03-16,0.176,13240751.391999999
2026-03-17,0.1736,8627702.8264
2026-03-18,0.1702,7583580.465399999
2026-03-19,0.1654,4946672.5474
2026-03-20,0.1654,4137036.4047999997
2026-03-21,0.1621,2656460.2727
2026-03-22,0.156,5169456.084
2026-03-23,0.1668,10728561.9888
2026-03-24,0.1738,8684761.8418
2026-03-25,0.1774,14540017.111
2026-03-26,0.1738,8819022.863200001
2026-03-27,0.1674,5944520.642399999
2026-03-28,0.168,4759016.3040000005
2026-03-29,0.1645,4991394.877
2026-03-30,0.1674,5631124.7412
2026-03-31,0.1673,6520596.8002
2026-04-01,0.1694,6687146.6508
2026-04-02,0.163,6896945.487000001
2026-04-03,0.163,3596081.5500000003
2026-04-04,0.1619,3374218.2887
2026-04-05,0.1627,6707173.923300001
2026-04-06,0.1557,11003871.579300001
2026-04-07,0.1635,9440196.8445
2026-04-08,0.1578,7220843.2614
2026-04-09,0.1548,11658001.4676
2026-04-10,0.1552,6541043.5248
2026-04-11,0.1535,4105401.5545
2026-04-12,0.1502,3693635.1892
2026-04-13,0.1564,4850025.1524
2026-04-14,0.1547,5229040.8443
2026-04-15,0.1579,5720308.828500001
2026-04-16,0.1693,13191313.224200001
2026-04-17,0.1742,11070783.1364
2026-04-18,0.1704,8033395.0248
2026-04-19,0.1666,6722297.8382
2026-04-20,0.1739,7992478.9539
2026-04-21,0.1791,13225756.9896
2026-04-22,0.1766,9524358.8822
2026-04-23,0.1755,8630905.9005
2026-04-24,0.1729,7423328.5399
2026-04-25,0.1698,5571091.8144000005
2026-04-26,0.1708,8606734.2928
2026-04-27,0.166,11814010.342
2026-04-28,0.1618,9048467.4422
2026-04-29,0.1594,14028018.0408
2026-04-30,0.1583,5424335.3442
2026-05-01,0.1596,6205065.257999999
2026-05-02,0.1599,3904233.6879
2026-05-03,0.1579,5176538.1771
2026-05-04,0.1575,10236103.92
2026-05-05,0.1598,9114887.4908
2026-05-06,0.1616,10336692.1264
2026-05-07,0.1582,11330319.2786
2026-05-08,0.1635,9893113.4265
2026-05-09,0.1625,9509626.1
2026-05-10,0.1696,21988859.8016
2026-05-11,0.1686,11455153.2138
2026-05-12,0.1624,9987108.74
2026-05-13,0.1589,7769171.906300001
2026-05-14,0.1624,11054546.887999998
2026-05-15,0.1547,11912964.336000001
2026-05-16,0.1518,7218968.921999999
2026-05-17,0.1494,6783980.0004
2026-05-18,0.1474,8577466.7506
2026-05-19,0.1436,10874894.056
2026-05-20,0.1439,5699636.2407
2026-05-21,0.1467,5619836.8521
2026-05-22,0.1435,6274862.814499999
2026-05-23,0.1481,5672666.4507
2026-05-24,0.1475,4108755.1325
2026-05-25,0.1498,6301901.5962
2026-05-26,0.1478,4866216.1218
2026-05-27,0.1641,52572759.0096
2026-05-28,0.2038,186962635.8352
2026-05-29,0.2596,220761817.716
2026-05-30,0.2296,165417958.7928
2026-05-31,0.2599,141852721.12890002
2026-06-01,0.2431,132239016.5668
2026-06-02,0.2226,73306269.3846
2026-06-03,0.2088,86877857.91600001
2026-06-04,0.2017,85900263.6559
2026-06-05,0.2033,146598047.3095
2026-06-06,0.2121,78877130.892
2026-06-07,0.2059,107362397.4672
2026-06-08,0.2026,33588946.0142
2026-06-09,0.1923,35087605.6704
2026-06-10,0.1829,80807151.42400001
2026-06-11,0.192,17275588.416
2026-06-12,0.1881,15916316.813099999
2026-06-13,0.1871,11507436.942599999
2026-06-14,0.191,12973324.133
2026-06-15,0.2136,85639423.368
2026-06-16,0.2167,48450836.995
2026-06-17,0.2256,42242811.076799996
2026-06-18,0.2345,66970862.7385
2026-06-19,0.2183,29220729.2171
2026-06-20,0.2162,14522897.2956
2026-06-21,0.2098,11565291.5066
2026-06-22,0.2029,17099880.402
2026-06-23,0.1952,13678017.312
2026-06-24,0.1855,16682866.445
2026-06-25,0.1789,16833903.5658
2026-06-26,0.1779,14040817.8081
2026-06-27,0.174,11250467.639999999
2026-06-28,0.173,7076740.941
2026-06-29,0.1751,11110970.6751
2026-06-30,0.1892,30092948.3096
2026-07-01,0.1975,48042943.2775
2026-07-02,0.1993,23727195.3373
2026-07-03,0.2041,26819798.0544
2026-07-04,0.2067,112756263.00119999
2026-07-05,0.2034,18989556.21
2026-07-06,0.2001,109043034.8703
2026-07-07,0.1888,21352641.856
2026-07-08,0.1813,25115548.1038
2026-07-09,0.1864,156322494.136
2026-07-10,0.1907,19262880.2731
2026-07-11,0.1865,7969417.663
2026-07-12,0.1865,7836579.4945
2026-07-13,0.1808,13326050.0432
2026-07-14,0.1845,13448410.3485
2026-07-15,0.1884,19442398.4496
2026-07-16,0.1852,16469061.864
2026-07-17,0.1855,10670923.487
2026-07-18,0.1879,5273838.7177
2026-07-19,0.1882,8165390.8668
2026-07-20,0.1886,12232052.077599999
2026-07-21,0.1922,12312468.0776
2026-07-22,0.1876,11478389.669599999
2026-07-23,0.1823,9890578.760699999
2026-07-24,0.1779,11031589.496100001
2026-07-25,0.1781,3036934.1288
2026-07-26,0.1826,5787912.006800001
2026-07-27,0.172,13264886.819999998
2026-07-28,0.1741,7691805.899
2026-07-29,0.172,7235790.255999999
2026-07-30,0.1719,4235186.0781
2026-07-31,0.1722,7945664.454
2026-08-01,0.1709,3392623.9135
2026-08-02,0.1742,7117755.2108
2026-08-03,0.1713,6520326.3705
2026-08-04,0.1686,6364252.7784
2026-08-05,0.165,8628277.845
2026-08-06,0.1614,9566694.318599999
2026-08-07,0.1614,5194425.2928
2026-08-08,0.1646,3784212.5976
2026-08-09,0.1627,4651460.5622000005
2026-08-10,0.1614,6513074.4294
2026-08-11,0.1621,5176352.5922
2026-08-12,0.1595,6656699.324
2026-08-13,0.1596,5616873.3432
2026-08-14,0.1581,4893610.1706
2026-08-15,0.1581,3189970.7358
2026-08-16,0.1563,3584480.1042
2026-08-17,0.1582,4821605.0456
2026-08-18,0.1549,6895380.470500001
2026-08-19,0.1703,14069942.8116
2026-08-20,0.1817,30875374.8621
2026-08-21,0.2018,37970230.923
2026-08-22,0.1956,60618102.4044
2026-08-23,0.1997,28043551.2803
2026-08-24,0.1938,27333065.7558
2026-08-25,0.1824,21754685.8464
2026-08-26,0.1853,13437285.0287
2026-08-27,0.1873,12921947.9958
2026-08-28,0.1795,13559239.729999999
2026-08-29,0.1798,4814193.7258
2026-08-30,0.1746,10277161.8534
2026-08-31,0.1773,11525666.8113
2026-09-01,0.1758,9997040.3388
2026-09-02,0.1756,8838612.646
2026-09-03,0.1845,15303704.157
2026-09-04,0.1795,13263523.532
2026-09-05,0.1839,11597762.368800001
2026-09-06,0.1877,12010551.1663
2026-09-07,0.1937,25626236.4956
2026-09-08,0.1877,20267044.521
2026-09-09,0.1812,16628088.894
2026-09-10,0.1746,14721583.5522
2026-09-11,0.1783,15268654.350699998
2026-09-12,0.18,6151427.279999999
2026-09-13,0.1772,6591649.8644
2026-09-14,0.1916,30347440.4624
2026-09-15,0.1761,40813472.5767
2026-09-16,0.1839,22854184.8213
2026-09-17,0.1834,13163532.7992
2026-09-18,0.1931,24320374.7757
2026-09-19,0.1962,28588199.976000004
2026-09-20,0.1972,20058886.622399997
2026-09-21,0.2155,47760821.07
2026-09-22,0.2162,36383272.9958
2026-09-23,0.2021,36006616.1896
2026-09-24,0.2177,30436206.3894
2026-09-25,0.2204,46920442.908800006
2026-09-26,0.2165,14641161.065
2026-09-27,0.2158,16323754.6524
