time,PriceUSD,volume_reported_spot_usd_1d
2018-05-04,0.8899,18590201.278418
2018-05-05,0.9028,15181634.032840002
2018-05-06,0.86483,13839040.620914001
2018-05-07,0.8249,14273645.931359999
2018-05-08,0.80667,10463561.1362106
2018-05-09,0.79481,11113332.181130901
2018-05-10,0.74558,7557866.7183734
2018-05-11,0.6761,21156845.755044002
2018-05-12,0.68522,12458088.3635942
2018-05-13,0.72999,12790345.879482301
2018-05-14,0.72694,15826476.044022402
2018-05-15,0.689,8923920.042049998
2018-05-16,0.70585,7893120.1212949995
2018-05-17,0.65849,6631034.5600786
2018-05-18,0.67766,6871929.908595801
2018-05-19,0.67339,4615682.900872501
2018-05-20,0.6994,5634138.339648
2018-05-21,0.67612,5346901.3589484
2018-05-22,0.63782,4826390.7710522
2018-05-23,0.59198,11885811.2670758
2018-05-24,0.62814,8928469.962414
2018-05-25,0.60459,12128442.9363069
2018-05-26,0.60852,15699856.4178984
2018-05-27,0.60416,14339786.416128
2018-05-28,0.54689,16327296.007277898
2018-05-29,0.59998,18568355.766175598
2018-05-30,0.60149,18830013.2054743
2018-05-31,0.6114,20530791.756546002
2018-06-01,0.62151,21382033.435823698
2018-06-02,0.64269,23915479.629618
2018-06-03,0.6901,25632187.987253003
2018-06-04,0.65507,31633318.9345355
2018-06-05,0.67464,28678533.365152802
2018-06-06,0.6741,23139280.492839
2018-06-07,0.67756,23736159.3087424
2018-06-08,0.6721,21567422.861842
2018-06-09,0.6574,20591879.463616
2018-06-10,0.58201,27755245.944726303
2018-06-11,0.59989,14243986.0697099
2018-06-12,0.5556,16297387.38114
2018-06-13,0.52862,19494328.442553
2018-06-14,0.55769,19519404.585485
2018-06-15,0.53258,13688636.225066
2018-06-16,0.53275,13979669.31465
2018-06-17,0.52617,17606606.250336003
2018-06-18,0.5387,18258336.11682
2018-06-19,0.54834,15823592.854602002
2018-06-20,0.53916,18699739.65684
2018-06-21,0.53457,15979318.221786
2018-06-22,0.48216,20175108.0111336
2018-06-23,0.49005,13344457.803435
2018-06-24,0.47331,19619602.2725616
2018-06-25,0.48125,15268375.815
2018-06-26,0.453,8004817.134000001
2018-06-27,0.4701,13948613.61282
2018-06-28,0.44575,15950875.750924999
2018-06-29,0.45321,17011471.568928
2018-06-30,0.46796,17546184.440328
2018-07-01,0.46222,14641361.192502001
2018-07-02,0.4899,19534165.703819998
2018-07-03,0.4844,21474993.16704
2018-07-04,0.49097,13120135.486711001
2018-07-05,0.4769,14635720.44571
2018-07-06,0.47698,12785453.049726
2018-07-07,0.48494,13861539.120248
2018-07-08,0.47915,15084111.231595
2018-07-09,0.473,12624631.8528
2018-07-10,0.44337,13590030.085497
2018-07-11,0.44872,12849513.701904
2018-07-12,0.43675,13268726.831625002
2018-07-13,0.43754,14512608.627022
2018-07-14,0.43864,11905383.660071999
2018-07-15,0.44681,15139240.800137999
2018-07-16,0.48173,19953027.344693
2018-07-17,0.50728,24433798.736336
2018-07-18,0.48868,23821905.625248
2018-07-19,0.47687,17453709.0472
2018-07-20,0.44439,18106899.944118
2018-07-21,0.45506,12961925.126484
2018-07-22,0.44859,14459108.630447999
2018-07-23,0.44499,13490490.341601
2018-07-24,0.45885,19974755.10912
2018-07-25,0.4598,19610602.606319997
2018-07-26,0.44968,17106514.490912
2018-07-27,0.4555,16057732.298899999
2018-07-28,0.45641,12707982.141193
2018-07-29,0.45315,14133161.897325
2018-07-30,0.44534,14313939.208786
2018-07-31,0.4353,13836050.808780001
2018-08-01,0.44642,17782461.382685997
2018-08-02,0.42975,14352132.165975
2018-08-03,0.44033,19704001.854196
2018-08-04,0.42985,15085756.615375001
2018-08-05,0.4345,15191025.584900001
2018-08-06,0.4129,16755066.16841
2018-08-07,0.37863,15583370.536792802
2018-08-08,0.33171,24013484.733436503
2018-08-09,0.3441,17835680.48487
2018-08-10,0.31897,12525663.933884
2018-08-11,0.29784,14512051.081608001
2018-08-12,0.29547,10454396.539482001
2018-08-13,0.2743,12005380.083762001
2018-08-14,0.2725,15287767.477500001
2018-08-15,0.28039,20377787.724228
2018-08-16,0.29142,13500195.13233
2018-08-17,0.3672,31095839.25432
2018-08-18,0.32829,26298189.673464
2018-08-19,0.34201,21822400.631833
2018-08-20,0.31499,16498788.13232
2018-08-21,0.33339,14624796.059412
2018-08-22,0.3185,20927385.7793
2018-08-23,0.3263,14634359.57893
2018-08-24,0.32646,14041285.886586
2018-08-25,0.32702,11886911.198144
2018-08-26,0.32276,10811350.092912
2018-08-27,0.33901,17245505.213762
2018-08-28,0.35128,22335507.760608
2018-08-29,0.34494,19018827.634464003
2018-08-30,0.33518,14710379.069086
2018-08-31,0.3353,12227631.478439998
2018-09-01,0.34699,17185432.822397
2018-09-02,0.34253,14151382.760363001
2018-09-03,0.33493,11567156.178637
2018-09-04,0.33116,14055036.58838
2018-09-05,0.27889,18793024.347642
2018-09-06,0.30179,21675560.376558997
2018-09-07,0.2869,13811220.28349
2018-09-08,0.27679,11416531.020249
2018-09-09,0.2766,11023158.129120002
2018-09-10,0.27,12617928.765
2018-09-11,0.26314,13230715.618576
2018-09-12,0.2699,12532626.800579999
2018-09-13,0.27933,16639444.216977
2018-09-14,0.27571,12811405.155606002
2018-09-15,0.28031,9513190.520891001
2018-09-16,0.28122,9161180.596908001
2018-09-17,0.2706,13064066.09112
2018-09-18,0.31897,51579786.60354199
2018-09-19,0.32679,34226766.065448
2018-09-20,0.44819,122542759.762082
2018-09-21,0.56405,394417602.514917
2018-09-22,0.57368,220324857.06759197
2018-09-23,0.5719,101098761.49603999
2018-09-24,0.49358,109065645.70473401
2018-09-25,0.5256,200530717.55423996
2018-09-26,0.513,214939792.50390002
2018-09-27,0.54305,106277152.12514001
2018-09-28,0.54025,91348099.7209
2018-09-29,0.56876,123170860.514052
2018-09-30,0.58257,145514173.519395
2018-10-01,0.5776,155019586.3848
2018-10-02,0.51692,84214939.69484401
2018-10-03,0.5293,90376314.69175999
2018-10-04,0.5294,64123749.49023999
2018-10-05,0.5211,52746220.161359996
2018-10-06,0.48964,69497863.803164
2018-10-07,0.48269,47779387.453096
2018-10-08,0.49335,58970168.470785
2018-10-09,0.48199,42180786.198198
2018-10-10,0.46605,40558755.645135
2018-10-11,0.38315,82172739.39622
2018-10-12,0.42071,76666920.179099
2018-10-13,0.4227,30906104.456400003
2018-10-14,0.40994,33843008.361748
2018-10-15,0.46168,132609606.78639999
2018-10-16,0.48352,61228056.562048
2018-10-17,0.48437,53400344.330574006
2018-10-18,0.4675,46106012.1115
2018-10-19,0.46077,25177507.320804004
2018-10-20,0.46788,29452214.015784
2018-10-21,0.46458,22752965.269061998
2018-10-22,0.46192,19149074.44168
2018-10-23,0.47006,27355274.632967997
2018-10-24,0.46402,16900288.699722
2018-10-25,0.46351,16030970.533544999
2018-10-26,0.46657,17732573.543022
2018-10-27,0.46012,16524152.904359998
2018-10-28,0.46472,16828849.268296
2018-10-29,0.44506,21778599.998078
2018-10-30,0.44749,12619994.216154
2018-10-31,0.45418,15863864.962389998
2018-11-01,0.46141,13048522.350136
2018-11-02,0.463,16530987.512100002
2018-11-03,0.45713,12945011.545596
2018-11-04,0.46999,23826669.297803003
2018-11-05,0.5022,38638959.19722
2018-11-06,0.55523,91697651.002776
2018-11-07,0.5409,44906140.5759
2018-11-08,0.49694,45475950.66923
2018-11-09,0.5044,31271161.55748
2018-11-10,0.50956,16906372.51022
2018-11-11,0.51019,14470127.042042002
2018-11-12,0.5245,26826977.30425
2018-11-13,0.51736,34248719.658392005
2018-11-14,0.4846,76646490.67698
2018-11-15,0.48931,86226761.60961
2018-11-16,0.47765,54874328.12720501
2018-11-17,0.49813,47540429.969049
2018-11-18,0.51611,68931806.020112
2018-11-19,0.4825,118566352.71374999
2018-11-20,0.44285,144053105.53391
2018-11-21,0.45367,86036365.603237
2018-11-22,0.42831,39263680.450278
2018-11-23,0.41447,66746380.68435399
2018-11-24,0.37982,60919176.35272
2018-11-25,0.382,123066156.97720002
2018-11-26,0.36354,97267993.22206798
2018-11-27,0.365,54720771.2015
2018-11-28,0.39203,61835833.16403
2018-11-29,0.38149,40803821.184053995
2018-11-30,0.36466,29979916.418535996
2018-12-01,0.37205,21796052.48884
2018-12-02,0.36963,15965755.416846002
2018-12-03,0.34827,20039100.703908
2018-12-04,0.35231,21091861.745087
2018-12-05,0.3395,19107589.416300002
2018-12-06,0.30919,25840497.049850002
2018-12-07,0.30114,38681061.453468
2018-12-08,0.30247,27692768.764563
2018-12-09,0.30914,19664336.632486
2018-12-10,0.29956,17697349.033204
2018-12-11,0.29904,15608913.129599998
2018-12-12,0.30463,14670626.149753999
2018-12-13,0.29934,12865269.5019
2018-12-14,0.28816,13703879.541568
2018-12-15,0.28422,10874732.55795
2018-12-16,0.28669,12600364.969629
2018-12-17,0.32721,42292048.742775
2018-12-18,0.34979,58226010.204928994
2018-12-19,0.34468,82350990.58073999
2018-12-20,0.37228,71031683.531248
2018-12-21,0.35428,50044002.897644
2018-12-22,0.35644,24416696.331552
2018-12-23,0.3669,30578221.73667
2018-12-24,0.40092,123789448.46798399
2018-12-25,0.37598,71616473.236088
2018-12-26,0.37253,43205088.910762
2018-12-27,0.33368,37745375.107127994
2018-12-28,0.36997,49287530.780671
2018-12-29,0.35593,37517331.451805
2018-12-30,0.36489,24227065.379568
2018-12-31,0.34849,24501653.773309
2019-01-01,0.3608,14814952.254080001
2019-01-02,0.36882,27352620.81081
2019-01-03,0.3524,21658204.42476
2019-01-04,0.35308,18351855.523091998
2019-01-05,0.34851,18632711.072859
2019-01-06,0.36042,22712115.494388
2019-01-07,0.36022,25473162.26518
2019-01-08,0.36073,24453900.191302
2019-01-09,0.3648,24546723.97824
2019-01-10,0.32464,59224743.114336
2019-01-11,0.3258,24420550.83516
2019-01-12,0.32557,12591151.512877002
2019-01-13,0.31132,17495573.065632
2019-01-14,0.32871,21423693.117954
2019-01-15,0.3215,17413886.4928
2019-01-16,0.3257,15682968.36834
2019-01-17,0.32489,15101723.986684
2019-01-18,0.32036,10248419.844244
2019-01-19,0.3267,14183670.50298
2019-01-20,0.3168,12860084.983680002
2019-01-21,0.31767,9441667.057167001
2019-01-22,0.31762,16433685.225984002
2019-01-23,0.31415,11734030.680394998
2019-01-24,0.31593,8585908.703589
2019-01-25,0.31384,7528800.154496
2019-01-26,0.31258,8729663.565662
2019-01-27,0.30646,12395896.527476002
2019-01-28,0.29223,25362220.01211
2019-01-29,0.28693,13264237.025277
2019-01-30,0.32109,43399119.70086
2019-01-31,0.30911,53577022.63557699
2019-02-01,0.30624,26870115.439200003
2019-02-02,0.3103,13774018.749330001
2019-02-03,0.30219,16869384.935424
2019-02-04,0.29939,13243803.315925
2019-02-05,0.29972,15921432.713839998
2019-02-06,0.2894,17546388.73564
2019-02-07,0.29145,9599390.02332
2019-02-08,0.31205,29300308.273849998
2019-02-09,0.31215,20342566.46673
2019-02-10,0.30988,20293191.509039998
2019-02-11,0.30255,12676999.36101
2019-02-12,0.30514,15536403.607494002
2019-02-13,0.30382,16625765.765927998
2019-02-14,0.30081,11658615.930561
2019-02-15,0.30194,10849126.402701998
2019-02-16,0.30077,9361833.760862999
2019-02-17,0.30318,15138042.106458
2019-02-18,0.32194,55619634.175887994
2019-02-19,0.32238,63864324.698832005
2019-02-20,0.3315,34165647.6447
2019-02-21,0.3207,23965428.859619997
2019-02-22,0.32105,15111835.314639999
2019-02-23,0.33201,21770979.845454
2019-02-24,0.29757,50225644.782768
2019-02-25,0.32731,65066954.439278
2019-02-26,0.31658,49629707.907472
2019-02-27,0.31067,26730880.545079
2019-02-28,0.3139,25813871.830530003
2019-03-01,0.31564,26175396.350428
2019-03-02,0.31382,15654630.772559999
2019-03-03,0.31114,10923497.20834
2019-03-04,0.30207,16479176.712171
2019-03-05,0.31471,20711745.377136
2019-03-06,0.31629,21858317.944671
2019-03-07,0.31311,15987495.511449
2019-03-08,0.30775,16099009.690750001
2019-03-09,0.31389,18849773.13018
2019-03-10,0.31289,13461839.685191998
2019-03-11,0.30992,16016532.210431999
2019-03-12,0.31031,10553268.524798999
2019-03-13,0.31332,24616307.10966
2019-03-14,0.31131,16907616.278721
2019-03-15,0.31473,12596421.070701001
2019-03-16,0.31868,18934208.780896
2019-03-17,0.3154,10569247.403280001
2019-03-18,0.31452,14729207.395644002
2019-03-19,0.31594,11986024.900686
2019-03-20,0.31779,19407843.34236
2019-03-21,0.30965,21131807.36436
2019-03-22,0.31041,12726079.543188
2019-03-23,0.31182,11087045.134662
2019-03-24,0.30787,10739755.706135
2019-03-25,0.3031,14407390.937939998
2019-03-26,0.30302,13668674.309878001
2019-03-27,0.31012,17176207.112612
2019-03-28,0.30604,10207891.790935999
2019-03-29,0.30774,16176480.319716
2019-03-30,0.31107,20792654.325015
2019-03-31,0.30889,9824110.5384
2019-04-01,0.31248,13615822.469088
2019-04-02,0.3505,89316182.4084
2019-04-03,0.34022,108151152.12526001
2019-04-04,0.32996,46869492.352703996
2019-04-05,0.3613,100312067.42615001
2019-04-06,0.35264,44902791.778816
2019-04-07,0.3612,39780038.480280004
2019-04-08,0.35568,45573371.125776
2019-04-09,0.34732,23874128.284096
2019-04-10,0.35345,26586492.635265
2019-04-11,0.32705,46429805.622595005
2019-04-12,0.32325,23320556.85705
2019-04-13,0.32458,21802060.152112
2019-04-14,0.32762,12004383.686458
2019-04-15,0.31905,19308991.601115
2019-04-16,0.32379,14135828.930799002
2019-04-17,0.33436,34842181.172708
2019-04-18,0.33533,29933279.228535
2019-04-19,0.32999,18677261.019242
2019-04-20,0.32668,16543618.109492
2019-04-21,0.31963,18130810.191322003
2019-04-22,0.32252,21542639.125524
2019-04-23,0.31807,17479197.787380002
2019-04-24,0.29963,35063169.243762
2019-04-25,0.29161,26095956.139120996
2019-04-26,0.3035,21866011.957650002
2019-04-27,0.29928,9852697.019088
2019-04-28,0.29946,8322791.640576
2019-04-29,0.29323,11837474.972238999
2019-04-30,0.3087,24613308.19143
2019-05-01,0.30304,14701950.962528
2019-05-02,0.30205,10066416.936834998
2019-05-03,0.30784,21301693.107136004
2019-05-04,0.30305,20249781.877545
2019-05-05,0.30044,9044424.368672
2019-05-06,0.30283,15444766.923123999
2019-05-07,0.29819,17048681.125978
2019-05-08,0.29958,10238987.780556
2019-05-09,0.29488,12864549.824223999
2019-05-10,0.29881,14846396.483844
2019-05-11,0.31724,60829253.592800006
2019-05-12,0.31016,44045976.804064
2019-05-13,0.32409,43799085.102708
2019-05-14,0.409,246296595.60769996
2019-05-15,0.45734,128525974.088096
2019-05-16,0.41876,191081107.471332
2019-05-17,0.38862,135461502.53035203
2019-05-18,0.37183,54940715.695868
2019-05-19,0.41631,101095720.256856
2019-05-20,0.39636,73976226.31097999
2019-05-21,0.39524,53970467.712147996
2019-05-22,0.37183,60890280.220184006
2019-05-23,0.37956,46693828.707564004
2019-05-24,0.38286,49140199.648314
2019-05-25,0.3852,28675912.426919997
2019-05-26,0.40372,38910905.829840004
2019-05-27,0.43331,85962299.374883
2019-05-28,0.44877,110306413.348299
2019-05-29,0.44307,91145104.012728
2019-05-30,0.41789,145231857.945559
2019-05-31,0.43851,84733312.51432501
2019-06-01,0.42894,48851215.703333996
2019-06-02,0.44396,45470314.47499201
2019-06-03,0.41731,98277313.412932
2019-06-04,0.39878,87878962.250106
2019-06-05,0.4001,51735730.98007
2019-06-06,0.41937,78470589.407826
2019-06-07,0.41886,50776598.461212
2019-06-08,0.40699,31471076.541977
2019-06-09,0.38527,45190981.055078
2019-06-10,0.3999,44658943.87215
2019-06-11,0.39192,29535799.830551997
2019-06-12,0.40074,32381214.186186
2019-06-13,0.39876,30693228.51246
2019-06-14,0.40201,28439478.495315995
2019-06-15,0.4095,59148622.54664999
2019-06-16,0.42703,76787996.49949701
2019-06-17,0.44705,138889721.682565
2019-06-18,0.42694,105640993.958406
2019-06-19,0.43406,41509878.12257
2019-06-20,0.42995,39287564.152325
2019-06-21,0.4425,50999423.42775
2019-06-22,0.47729,166203841.885323
2019-06-23,0.47015,76348689.491935
2019-06-24,0.47385,55143784.92987
2019-06-25,0.46809,73357861.29380101
2019-06-26,0.46805,134377186.593375
2019-06-27,0.41049,123243442.942491
2019-06-28,0.4261,59630015.001439996
2019-06-29,0.4262,54746334.2461
2019-06-30,0.3962,46866004.374419995
2019-07-01,0.40691,55286960.945349
2019-07-02,0.39794,42157726.153846
2019-07-03,0.40456,31876720.368064
2019-07-04,0.38723,27608995.562277004
2019-07-05,0.37881,27045351.932075996
2019-07-06,0.39031,37068596.376613
2019-07-07,0.39651,26127311.027007
2019-07-08,0.40073,27481730.633807994
2019-07-09,0.39362,33425501.451018006
2019-07-10,0.36154,50940692.429519996
2019-07-11,0.32875,55268909.798
2019-07-12,0.34336,43568530.81408
2019-07-13,0.33206,28576412.440328002
2019-07-14,0.30366,40320069.602652
2019-07-15,0.31287,50256652.13185199
2019-07-16,0.29543,48086381.933529004
2019-07-17,0.31032,49532504.958432
2019-07-18,0.32035,41614234.99326
2019-07-19,0.3188,21895953.32816
2019-07-20,0.33279,27954660.642486
2019-07-21,0.33075,21181315.39965
2019-07-22,0.32111,20677323.732475
2019-07-23,0.30891,19741159.243491
2019-07-24,0.31548,21370586.112743996
2019-07-25,0.31335,17200656.279195003
2019-07-26,0.32303,17776206.454914
2019-07-27,0.30965,19835168.766875
2019-07-28,0.31218,13358949.444786001
2019-07-29,0.31004,12146436.76996
2019-07-30,0.31823,16656210.421543
2019-07-31,0.31959,15643434.656115
2019-08-01,0.31575,14532977.098125
2019-08-02,0.31178,13440304.620414
2019-08-03,0.31596,12614625.652992
2019-08-04,0.31813,16857765.677083
2019-08-05,0.32242,27780185.02644
2019-08-06,0.3116,22858744.76164
2019-08-07,0.31109,18870974.18271
2019-08-08,0.30825,17661066.337575004
2019-08-09,0.29649,17130615.942036
2019-08-10,0.29918,17428169.63832
2019-08-11,0.30316,10953718.064432
2019-08-12,0.3006,7948046.073419999
2019-08-13,0.298,9680067.7722
2019-08-14,0.26353,37557925.893763
2019-08-15,0.26378,19148875.681077998
2019-08-16,0.26047,17266551.767821997
2019-08-17,0.26546,14988143.669953998
2019-08-18,0.2832,24640343.48832
2019-08-19,0.28202,19575567.58667
2019-08-20,0.27432,13518554.120064002
2019-08-21,0.26589,16115051.095947
2019-08-22,0.27039,15753994.442715
2019-08-23,0.27664,12487593.116544
2019-08-24,0.27137,11617245.711016
2019-08-25,0.26954,12181035.831048
2019-08-26,0.27051,15972776.621438999
2019-08-27,0.26954,9196446.284186
2019-08-28,0.25629,14210828.840133002
2019-08-29,0.25698,19133353.746972002
2019-08-30,0.25539,11898036.02307
2019-08-31,0.25747,9351677.423485
2019-09-01,0.25593,8415440.404835999
2019-09-02,0.2606,15840152.63276
2019-09-03,0.26242,14775586.205182
2019-09-04,0.25843,12766001.170106001
2019-09-05,0.25617,11084506.717250999
2019-09-06,0.2511,15914149.635149999
2019-09-07,0.25993,14028741.55397
2019-09-08,0.26205,17041898.59338
2019-09-09,0.25855,15134985.860735001
2019-09-10,0.25859,15940514.564326
2019-09-11,0.25519,14301674.951498998
2019-09-12,0.25406,14874563.775076
2019-09-13,0.2552,12147445.53264
2019-09-14,0.26124,18427128.618864
2019-09-15,0.26022,13443276.501186
2019-09-16,0.26098,11621708.653066
2019-09-17,0.28561,62086192.57954099
2019-09-18,0.31344,94336703.76897599
2019-09-19,0.30062,83366868.102614
2019-09-20,0.2936,46762424.085760005
2019-09-21,0.28961,32996527.740642
2019-09-22,0.27653,32485621.771159
2019-09-23,0.26786,41359888.185292
2019-09-24,0.23282,70446020.00216201
2019-09-25,0.2457,41709430.60011
2019-09-26,0.2422,30462181.53314
2019-09-27,0.24208,21578635.395007998
2019-09-28,0.24163,10930917.115187
2019-09-29,0.24024,10541075.921376
2019-09-30,0.2566,40264095.706199996
2019-10-01,0.24788,31083951.142836
2019-10-02,0.25247,24592154.725644004
2019-10-03,0.24674,17619623.678306002
2019-10-04,0.25243,22886228.552062
2019-10-05,0.25325,20898071.301724996
2019-10-06,0.25552,16205436.153552001
2019-10-07,0.27592,58216463.662976004
2019-10-08,0.2774,33824666.27878
2019-10-09,0.28082,29729253.107924003
2019-10-10,0.27021,21846638.113047
2019-10-11,0.26743,19131704.641931
2019-10-12,0.27226,15755665.344883999
2019-10-13,0.27726,19632426.206268
2019-10-14,0.29727,45103316.90976
2019-10-15,0.28859,42659905.786806
2019-10-16,0.28331,30932589.323822003
2019-10-17,0.30167,44622499.171341
2019-10-18,0.29404,39226458.303888
2019-10-19,0.29145,30187058.082569998
2019-10-20,0.29386,32763026.33709
2019-10-21,0.29187,20987270.737173002
2019-10-22,0.29046,29879854.89168
2019-10-23,0.27306,51257879.39541601
2019-10-24,0.27596,27426654.689956
2019-10-25,0.29829,59428499.999205
2019-10-26,0.29351,79455515.08869101
2019-10-27,0.29818,53834803.110822
2019-10-28,0.29447,39549263.648037
2019-10-29,0.30192,44017311.771744
2019-10-30,0.29471,34742648.436561
2019-10-31,0.29452,29701205.270608
2019-11-01,0.29146,24883884.762828
2019-11-02,0.29456,21371008.168495998
2019-11-03,0.29024,20045424.032704
2019-11-04,0.29863,25506250.198510002
2019-11-05,0.30061,32336550.092810996
2019-11-06,0.31009,33360066.936713
2019-11-07,0.29061,68546578.051053
2019-11-08,0.27547,45633713.286252
2019-11-09,0.2799,17591260.106519997
2019-11-10,0.27894,20247258.951564
2019-11-11,0.27423,19045435.158584997
2019-11-12,0.27222,21192776.544108003
2019-11-13,0.27202,14330196.696662
2019-11-14,0.26795,19379760.70312
2019-11-15,0.26069,29162181.584746
2019-11-16,0.26218,13706739.462760001
2019-11-17,0.26311,13701002.910924
2019-11-18,0.25179,24966588.974019
2019-11-19,0.25398,22324732.356833998
2019-11-20,0.25014,19742081.703101996
2019-11-21,0.24345,27525792.201525
2019-11-22,0.23,40708427.858
2019-11-23,0.23407,20336756.592785
2019-11-24,0.21989,21019135.728723
2019-11-25,0.21731,49335207.337758005
2019-11-26,0.2206,19318986.25422
2019-11-27,0.224,26845018.6816
2019-11-28,0.22313,13125349.942148
2019-11-29,0.22998,13795797.03615
2019-11-30,0.2255,10967166.1165
2019-12-01,0.22477,13873219.033219
2019-12-02,0.21914,14431714.278546
2019-12-03,0.21951,7607282.716656
2019-12-04,0.2139,23687983.29261
2019-12-05,0.22118,20654421.571986
2019-12-06,0.22546,16399667.572552001
2019-12-07,0.22699,10656124.043141998
2019-12-08,0.22909,12429601.929078
2019-12-09,0.22445,11978798.752025
2019-12-10,0.22256,9952682.873744
2019-12-11,0.22093,5806698.395819
2019-12-12,0.21837,10777440.098862002
2019-12-13,0.22054,11453906.577874001
2019-12-14,0.21605,6795948.265705
2019-12-15,0.21735,5699604.586724999
2019-12-16,0.2055,17764646.0952
2019-12-17,0.1831,48064733.33855
2019-12-18,0.19573,40762605.84419099
2019-12-19,0.1878,16807635.81474
2019-12-20,0.19521,27882943.293258
2019-12-21,0.19143,11057008.47723
2019-12-22,0.19649,10473110.562299
2019-12-23,0.18953,17978718.495298
2019-12-24,0.19077,12652894.535837999
2019-12-25,0.18852,7479070.483344
2019-12-26,0.18923,8820501.257235
2019-12-27,0.19003,6645585.459314
2019-12-28,0.1932,7098877.604280001
2019-12-29,0.19653,9643603.345059
2019-12-30,0.19326,8102408.183904
2019-12-31,0.19295,7835705.153435
2020-01-01,0.19305,5747682.01293
2020-01-02,0.1875,8983519.8
2020-01-03,0.19338,13612168.901034
2020-01-04,0.19305,6609965.47497
2020-01-05,0.19453,10573965.606981002
2020-01-06,0.2231,52240480.065519996
2020-01-07,0.21335,44046018.021010004
2020-01-08,0.2075,30888823.769750003
2020-01-09,0.20373,15380013.784064999
2020-01-10,0.21284,30909301.95046
2020-01-11,0.21121,25184201.417962003
2020-01-12,0.21539,15230596.164616002
2020-01-13,0.21134,10769708.198112
2020-01-14,0.23464,70660085.93755999
2020-01-15,0.23367,55521501.928806
2020-01-16,0.229,32081888.255100004
2020-01-17,0.23921,51279199.089047
2020-01-18,0.24357,50404181.869566
2020-01-19,0.23558,42613528.582882
2020-01-20,0.23314,26837392.689896
2020-01-21,0.23726,26552509.200074002
2020-01-22,0.23733,20107986.787422
2020-01-23,0.22586,23887461.785
2020-01-24,0.22222,27078635.54427
2020-01-25,0.21946,12466720.912619999
2020-01-26,0.23131,18457640.5172
2020-01-27,0.23077,23761587.166565
2020-01-28,0.23906,37675741.84885
2020-01-29,0.23539,26985878.077733
2020-01-30,0.24376,39524373.54624
2020-01-31,0.23946,29332467.070608
2020-02-01,0.24141,19062590.750346
2020-02-02,0.25093,55230186.529124
2020-02-03,0.25453,42803516.500912994
2020-02-04,0.26737,72992337.50151299
2020-02-05,0.27774,86058524.948652
2020-02-06,0.28325,77874757.322725
2020-02-07,0.27953,44373669.368855
2020-02-08,0.27735,45716407.893585
2020-02-09,0.28257,42912050.573636994
2020-02-10,0.27338,39033302.717482
2020-02-11,0.281,42206785.82880001
2020-02-12,0.30427,109094129.663177
2020-02-13,0.32709,223965372.886071
2020-02-14,0.33594,116991466.67300402
2020-02-15,0.30729,122010442.643295
2020-02-16,0.29224,111582837.660008
2020-02-17,0.28736,101956351.28896
2020-02-18,0.29827,88542819.841861
2020-02-19,0.27466,60411642.48027401
2020-02-20,0.2709,73311809.87214
2020-02-21,0.27418,48240634.070902
2020-02-22,0.27468,29401847.238456
2020-02-23,0.28298,37925134.078782
2020-02-24,0.2704,49849356.67087999
2020-02-25,0.25209,52820919.182637
2020-02-26,0.22915,83893014.11903499
2020-02-27,0.2385,59665127.60115
2020-02-28,0.23663,45159281.243171
2020-02-29,0.22892,23945520.561064
2020-03-01,0.22696,28419776.004752
2020-03-02,0.23958,33133831.249067996
2020-03-03,0.23428,30604910.677699998
2020-03-04,0.23453,21710593.020055
2020-03-05,0.23909,31307571.168171
2020-03-06,0.24477,28531191.499991998
2020-03-07,0.23622,22640615.553324003
2020-03-08,0.20385,55328440.781610005
2020-03-09,0.20952,60469673.929487996
2020-03-10,0.21185,38611720.58038001
2020-03-11,0.20813,37182972.194095
2020-03-12,0.13549,104493323.403146
2020-03-13,0.15872,195947786.602496
2020-03-14,0.14588,46295625.940312
2020-03-15,0.15308,44835319.716496
2020-03-16,0.14102,75361304.592618
2020-03-17,0.14694,46660797.79347599
2020-03-18,0.1476,34403698.011240005
2020-03-19,0.1646,58807895.1821
2020-03-20,0.15695,80281996.39471
2020-03-21,0.15797,42654124.2176
2020-03-22,0.14776,32668001.430584002
2020-03-23,0.15854,44714000.804922
2020-03-24,0.16225,40646769.37255
2020-03-25,0.16168,32430537.400255997
2020-03-26,0.17593,36245674.753157005
2020-03-27,0.17269,54595551.217396
2020-03-28,0.17543,54116283.944077
2020-03-29,0.16278,30459304.087278
2020-03-30,0.17112,31110316.103256002
2020-03-31,0.17353,27524249.000458
2020-04-01,0.17494,32191953.380846005
2020-04-02,0.17828,39827432.16568
2020-04-03,0.17957,30646034.728865
2020-04-04,0.18114,21220331.331522
2020-04-05,0.17925,14992704.154274998
2020-04-06,0.19803,44642543.210202
2020-04-07,0.19285,52351180.37415
2020-04-08,0.20192,31265626.977599997
2020-04-09,0.19829,20705690.416001998
2020-04-10,0.18758,30153895.23746
2020-04-11,0.1885,18962773.12215
2020-04-12,0.18939,24580308.870456003
2020-04-13,0.18763,29824997.099882
2020-04-14,0.18613,17437425.460343
2020-04-15,0.1805,21924726.73305
2020-04-16,0.19053,41972018.108337
2020-04-17,0.18863,17349591.70646
2020-04-18,0.19544,22234339.736952
2020-04-19,0.18901,17008971.020643
2020-04-20,0.18151,31587866.38693
2020-04-21,0.18341,20500345.153089
2020-04-22,0.18804,17660129.983572
2020-04-23,0.1926,34497319.47858
2020-04-24,0.19325,21997826.275575
2020-04-25,0.19418,15297356.143677998
2020-04-26,0.19618,18289017.708292
2020-04-27,0.19747,20642864.972821
2020-04-28,0.21416,52435641.577736
2020-04-29,0.22648,66154070.196104
2020-04-30,0.21135,66382569.623385005
2020-05-01,0.21786,34931629.04586
2020-05-02,0.22369,26827629.948163
2020-05-03,0.21936,24398746.296575997
2020-05-04,0.21776,36312948.85652801
2020-05-05,0.21688,23190099.754056
2020-05-06,0.21158,27793693.068392
2020-05-07,0.21862,38446342.23916
2020-05-08,0.21865,29282089.992060002
2020-05-09,0.21642,34414941.778242
2020-05-10,0.19702,61199808.003462
2020-05-11,0.19254,36375825.363768
2020-05-12,0.19711,23802813.132607
2020-05-13,0.20177,19211020.092077
2020-05-14,0.20386,25198769.28288
2020-05-15,0.19818,28193180.519322
2020-05-16,0.19969,18836249.08957
2020-05-17,0.20131,17297560.74345
2020-05-18,0.20543,26664292.557031002
2020-05-19,0.20496,20414075.23344
2020-05-20,0.20179,21511491.630999
2020-05-21,0.19434,23295668.262144
2020-05-22,0.20034,26995376.375603996
2020-05-23,0.19883,17565076.365188
2020-05-24,0.19256,17081659.406872
2020-05-25,0.19622,19022942.459176
2020-05-26,0.19372,17716583.600984
2020-05-27,0.19791,19674403.381764002
2020-05-28,0.20052,22183095.318984002
2020-05-29,0.19759,19488823.021456
2020-05-30,0.20701,32174909.32036
2020-05-31,0.20245,36464940.441319995
2020-06-01,0.211,33306671.141999997
2020-06-02,0.20301,41377313.115783
2020-06-03,0.2041,20902081.79358
2020-06-04,0.20427,25815280.388436
2020-06-05,0.20274,20010620.77011
2020-06-06,0.20361,16142028.708828
2020-06-07,0.20329,18973003.698418
2020-06-08,0.20403,12861246.138426
2020-06-09,0.20127,16436875.747143002
2020-06-10,0.20266,15342751.274832001
2020-06-11,0.18817,24888110.802109
2020-06-12,0.19307,14585842.010234999
2020-06-13,0.19234,12173698.857106
2020-06-14,0.19022,11114382.393834
2020-06-15,0.19238,25090194.11717
2020-06-16,0.19238,14705919.616724
2020-06-17,0.19315,27772976.38296
2020-06-18,0.18975,15753054.2598
2020-06-19,0.18722,18983334.96862
2020-06-20,0.18792,12260803.605264
2020-06-21,0.18602,12387442.463452
2020-06-22,0.18928,23031382.721984
2020-06-23,0.18889,15194753.092597
2020-06-24,0.18348,18313943.781804
2020-06-25,0.18156,15155067.710808
2020-06-26,0.18249,24485028.954309
2020-06-27,0.17509,17529986.182346
2020-06-28,0.17693,14139712.085277999
2020-06-29,0.17726,19160351.546248
2020-06-30,0.17533,11180641.036910001
2020-07-01,0.17647,17064186.966245998
2020-07-02,0.17477,19110920.832629003
2020-07-03,0.1762,16485171.53076
2020-07-04,0.17808,17998683.113376
2020-07-05,0.17695,19292552.818875
2020-07-06,0.18875,34065634.08825
2020-07-07,0.18508,22049873.387388
2020-07-08,0.20551,69988192.563291
2020-07-09,0.20263,74220853.105394
2020-07-10,0.19909,42385880.758008994
2020-07-11,0.2011,34438780.73936
2020-07-12,0.20128,24857416.198687997
2020-07-13,0.19867,41858222.63218801
2020-07-14,0.19909,25109375.379157998
2020-07-15,0.19721,19241373.802378
2020-07-16,0.19444,30022206.059684
2020-07-17,0.1944,23209468.04088
2020-07-18,0.1999,25121148.92211
2020-07-19,0.19956,23537358.698868
2020-07-20,0.19465,22226519.4043
2020-07-21,0.19949,23227942.939668998
2020-07-22,0.20348,25897797.414804
2020-07-23,0.20851,48352003.258104004
2020-07-24,0.20392,33043926.813208
2020-07-25,0.21463,51072932.558400996
2020-07-26,0.21532,59659650.76456001
2020-07-27,0.22437,80406419.937804
2020-07-28,0.23029,80163455.166124
2020-07-29,0.24327,103050211.930596
2020-07-30,0.24408,82880029.89057599
2020-07-31,0.25939,76704979.27314901
2020-08-01,0.29089,203194302.811463
2020-08-02,0.28803,313868911.698561
2020-08-03,0.31016,205325424.48838398
2020-08-04,0.30138,157775236.14918
2020-08-05,0.30228,114238399.636944
2020-08-06,0.30311,95634733.17008899
2020-08-07,0.29437,103046578.55260101
2020-08-08,0.29527,53335281.26858399
2020-08-09,0.2879,56065946.33728
2020-08-10,0.29469,105419507.33358
2020-08-11,0.2831,128620372.871
2020-08-12,0.28233,85167455.713704
2020-08-13,0.2942,101075073.15724
2020-08-14,0.29995,125683236.04221
2020-08-15,0.29884,96708294.711488
2020-08-16,0.30455,83086524.70387499
2020-08-17,0.31539,188751918.027165
2020-08-18,0.30251,123053623.138147
2020-08-19,0.28975,113193330.2772
2020-08-20,0.29218,63501166.15514
2020-08-21,0.27933,82442247.01116301
2020-08-22,0.28592,57380177.37465601
2020-08-23,0.2848,42081483.64032
2020-08-24,0.2884,47254298.816479996
2020-08-25,0.27625,64695182.946875
2020-08-26,0.27653,42317109.508264996
2020-08-27,0.26469,71823741.58457099
2020-08-28,0.27174,43835973.617057994
2020-08-29,0.2738,33107199.56232
2020-08-30,0.28302,44587408.91496
2020-08-31,0.28115,46260863.220835
2020-09-01,0.29521,86248568.832836
2020-09-02,0.27595,101510218.87195498
2020-09-03,0.24409,91607786.451258
2020-09-04,0.25385,88156248.07126002
2020-09-05,0.23738,81424858.042814
2020-09-06,0.23986,58998608.905172
2020-09-07,0.24198,52545732.999114
2020-09-08,0.23657,43856869.188177
2020-09-09,0.23901,28903873.355787
2020-09-10,0.24302,36645962.181454
2020-09-11,0.24252,24978465.458736002
2020-09-12,0.24752,22283421.457024
2020-09-13,0.24218,32575191.928466
2020-09-14,0.24564,31608908.503836002
2020-09-15,0.24331,30023920.250853
2020-09-16,0.24686,38371207.813489996
2020-09-17,0.25214,49395210.631914
2020-09-18,0.25065,31060113.773939997
2020-09-19,0.25112,23700956.493992
2020-09-20,0.24652,24856780.318288002
2020-09-21,0.23102,53725905.924186006
2020-09-22,0.23302,26350967.713104002
2020-09-23,0.22164,32857268.573976003
2020-09-24,0.23276,40426373.77693199
2020-09-25,0.24154,35438140.384894
2020-09-26,0.24153,27381152.211287998
2020-09-27,0.24334,22331804.295826003
2020-09-28,0.24107,29311926.555808004
2020-09-29,0.24285,26520350.053905
2020-09-30,0.24171,24477045.418938
2020-10-01,0.23819,30330107.937603
2020-10-02,0.23386,34350296.987358004
2020-10-03,0.23273,13941147.574545
2020-10-04,0.24794,38930281.62023
2020-10-05,0.2503,57279659.307320006
2020-10-06,0.24545,92780987.64537999
2020-10-07,0.2487,44044131.88554
2020-10-08,0.25141,49754077.490871005
2020-10-09,0.25293,48683095.713768
2020-10-10,0.25402,42155878.227944
2020-10-11,0.25544,33004929.682736002
2020-10-12,0.25603,57775323.63400799
2020-10-13,0.2565,59635415.708100006
2020-10-14,0.24906,49834658.656902
2020-10-15,0.24596,38812884.241560005
2020-10-16,0.24011,35930154.763229996
2020-10-17,0.24057,18332451.298359003
2020-10-18,0.24221,14441217.364172
2020-10-19,0.24558,35427674.017625995
2020-10-20,0.24322,34679793.236403994
2020-10-21,0.25088,53538775.273984
2020-10-22,0.25709,67480941.062949
2020-10-23,0.25471,37119506.863235
2020-10-24,0.2562,18410821.967159998
2020-10-25,0.25313,17743636.852794
2020-10-26,0.2481,37961410.31379
2020-10-27,0.25273,31641185.252682004
2020-10-28,0.2454,37486829.69088
2020-10-29,0.24239,30991549.728214
2020-10-30,0.23905,31894806.350190002
2020-10-31,0.23968,20271190.276512
2020-11-01,0.23999,15545363.673524002
2020-11-02,0.23523,30650685.435122997
2020-11-03,0.2396,51184393.253680006
2020-11-04,0.23758,41637808.255498
2020-11-05,0.24561,54185720.075613
2020-11-06,0.25863,74809633.403301
2020-11-07,0.2491,65689418.1838
2020-11-08,0.25374,30387336.204564
2020-11-09,0.25059,40377325.88301
2020-11-10,0.2538,63454609.10952001
2020-11-11,0.25581,39758440.067466
2020-11-12,0.2549,35628916.08813
2020-11-13,0.2659,51324337.904290006
2020-11-14,0.26824,85620709.772304
2020-11-15,0.26954,60600285.965392
2020-11-16,0.28813,92559720.320999
2020-11-17,0.30247,160028722.620529
2020-11-18,0.29335,143347751.754545
2020-11-19,0.30358,109615598.466276
2020-11-20,0.32991,159949748.430003
2020-11-21,0.46283,771579199.024423
2020-11-22,0.44611,836004300.330878
2020-11-23,0.61579,1139860788.7296839
2020-11-24,0.694,2002010366.4973998
2020-11-25,0.63022,1065436413.907044
2020-11-26,0.53654,1252440668.695888
2020-11-27,0.5623,697927153.38508
2020-11-28,0.62579,798659054.7041149
2020-11-29,0.60543,519234122.529864
2020-11-30,0.66417,783003218.227191
2020-12-01,0.61088,656726009.48
2020-12-02,0.62972,373975649.37969595
2020-12-03,0.63046,247553689.23193398
2020-12-04,0.55367,366607800.14716
2020-12-05,0.58517,253313523.940097
2020-12-06,0.62107,396878118.76343906
2020-12-07,0.60818,235149301.24217802
2020-12-08,0.5589,279976884.53129995
2020-12-09,0.58265,540275910.776295
2020-12-10,0.57267,319937293.646397
2020-12-11,0.54945,523255494.161565
2020-12-12,0.50658,505532998.73362803
2020-12-13,0.51365,309723333.546435
2020-12-14,0.4974,186874172.313
2020-12-15,0.46793,240541037.456313
2020-12-16,0.56941,711712717.166992
2020-12-17,0.5769,1039216080.2324399
2020-12-18,0.58337,566018181.757835
2020-12-19,0.57666,354491230.330776
2020-12-20,0.55586,302583904.10650605
2020-12-21,0.51445,305190142.956845
2020-12-22,0.44642,674063710.049704
2020-12-23,0.2605,1186277635.1677
2020-12-24,0.33863,1294247325.776461
2020-12-25,0.31768,1061755180.1507201
2020-12-26,0.29481,496968292.056747
2020-12-27,0.28407,412931490.09624
2020-12-28,0.24845,384420300.38159
2020-12-29,0.22142,933412906.383064
2020-12-30,0.21138,545072297.324958
2020-12-31,0.21959,305642246.25314105
2021-01-01,0.23746,353931690.66840404
2021-01-02,0.22064,250212204.519312
2021-01-03,0.2254,265557030.57576
2021-01-04,0.23565,357786478.41576004
2021-01-05,0.22573,267363432.87378296
2021-01-06,0.24854,441472399.90591604
2021-01-07,0.32389,1251376715.465527
2021-01-08,0.32032,649934264.98
2021-01-09,0.32419,381866743.042291
2021-01-10,0.31491,540802943.7294241
2021-01-11,0.28743,568659310.665732
2021-01-12,0.29254,321894514.11114
2021-01-13,0.30582,233946750.559698
2021-01-14,0.29642,263192386.14947
2021-01-15,0.27991,236521683.70868498
2021-01-16,0.27924,209404098.92625597
2021-01-17,0.27746,150675756.68038797
2021-01-18,0.28528,153065379.899088
2021-01-19,0.29396,372457111.690016
2021-01-20,0.29539,251189451.60475498
2021-01-21,0.26802,246962731.40650797
2021-01-22,0.27217,217698206.555451
2021-01-23,0.27167,121313313.572318
2021-01-24,0.27339,96613670.991201
2021-01-25,0.26757,129275326.62928799
2021-01-26,0.26834,102959989.66211401
2021-01-27,0.25039,117203867.024489
2021-01-28,0.26407,131036401.86638
2021-01-29,0.2829,479754437.00051993
2021-01-30,0.44372,2605892326.38656
2021-01-31,0.49507,2240022281.004076
2021-02-01,0.37106,3194217350.129556
2021-02-02,0.37254,779320899.3858119
2021-02-03,0.39721,551453349.4936401
2021-02-04,0.44545,1017198845.01767
2021-02-05,0.45219,698685963.478557
2021-02-06,0.44307,388027877.306913
2021-02-07,0.41849,477756574.3478589
2021-02-08,0.45099,518307905.07272696
2021-02-09,0.47636,606747450.6039879
2021-02-10,0.50429,1021073497.6072739
2021-02-11,0.52806,507678083.857932
2021-02-12,0.609,1018280647.4547
2021-02-13,0.63309,1010084597.9246371
2021-02-14,0.59211,598041108.020853
2021-02-15,0.54976,672087308.1031041
2021-02-16,0.51995,599835788.787495
2021-02-17,0.53467,485800974.063495
2021-02-18,0.53204,405218414.800564
2021-02-19,0.56465,638251339.417995
2021-02-20,0.51167,638298235.993274
2021-02-21,0.54468,554198492.756268
2021-02-22,0.56646,2023438467.445164
2021-02-23,0.47579,1219708285.5482838
2021-02-24,0.4686,461437114.13844
2021-02-25,0.43601,309490238.50036204
2021-02-26,0.42788,388714970.99486
2021-02-27,0.43589,266828967.14947197
2021-02-28,0.41565,280479785.70732
2021-03-01,0.44537,267511070.337942
2021-03-02,0.4357,281217345.314
2021-03-03,0.44846,287914732.33214
2021-03-04,0.48096,598790078.73792
2021-03-05,0.45457,341510260.876479
2021-03-06,0.46285,169390152.928375
2021-03-07,0.46558,151766609.39314198
2021-03-08,0.47412,322805832.76810795
2021-03-09,0.4849,240265200.1321
2021-03-10,0.46155,275640359.929035
2021-03-11,0.45187,241768908.076134
2021-03-12,0.43934,292271305.231818
2021-03-13,0.45787,250825753.34482402
2021-03-14,0.43905,182510128.26168
2021-03-15,0.43574,231395827.954906
2021-03-16,0.46024,665883679.1529119
2021-03-17,0.4698,265435803.74826002
2021-03-18,0.46893,260395167.393438
2021-03-19,0.46651,157189286.555785
2021-03-20,0.52613,612418737.056511
2021-03-21,0.51651,454308426.514863
2021-03-22,0.5441,897057152.0168
2021-03-23,0.5498,601564441.5343399
2021-03-24,0.48021,429388217.48150104
2021-03-25,0.51058,466815804.09774804
2021-03-26,0.56357,415773749.747545
2021-03-27,0.54752,249394657.915104
2021-03-28,0.54552,186307087.71348
2021-03-29,0.56538,302055705.192474
2021-03-30,0.5621,323078016.04925
2021-03-31,0.56982,380060939.294226
2021-04-01,0.57087,405842543.60625
2021-04-02,0.60701,485896570.36876404
2021-04-03,0.57831,573142710.3962879
2021-04-04,0.635,421930414.837
2021-04-05,0.91584,3045598959.0166845
2021-04-06,1.09663,4444910890.211087
2021-04-07,0.91542,1948326452.7337382
2021-04-08,1.05599,1301235741.101556
2021-04-09,1.01721,981139296.101421
2021-04-10,1.3728,3725009086.216704
2021-04-11,1.35118,2665429416.3648324
2021-04-12,1.46843,1658594363.122634
2021-04-13,1.79611,4517647925.503126
2021-04-14,1.83468,3888978854.87166
2021-04-15,1.75781,1976442680.539676
2021-04-16,1.54805,2794927901.6436396
2021-04-17,1.53896,1706439444.99532
2021-04-18,1.40797,2884008734.2937517
2021-04-19,1.30945,2105692275.9078302
2021-04-20,1.38501,2108257088.4604352
2021-04-21,1.29097,1680072884.657208
2021-04-22,1.15489,2045934936.5226638
2021-04-23,1.17073,3104005576.928355
2021-04-24,1.04833,1174982513.111026
2021-04-25,1.0351,1062081127.2635518
2021-04-26,1.3629,2551234402.167297
2021-04-27,1.4017,2117800645.7295938
2021-04-28,1.3576,1483692766.853192
2021-04-29,1.3978,1152661413.585624
2021-04-30,1.5988,2285315336.674776
2021-05-01,1.651,1157892865.97621
2021-05-02,1.5605,940084515.845595
2021-05-03,1.5546,1043118118.417728
2021-05-04,1.3877,1908397385.5107439
2021-05-05,1.6133,2035405901.158968
2021-05-06,1.6028,2416084910.435308
2021-05-07,1.5793,1412996383.4730308
2021-05-08,1.5611,803320603.273718
2021-05-09,1.5345,1115511221.92554
2021-05-10,1.3906,1604873131.96153
2021-05-11,1.4786,1070655818.2817539
2021-05-12,1.2691,1305753649.9819
2021-05-13,1.364,1785073366.80068
2021-05-14,1.4,1081922221.464
2021-05-15,1.4904,2228840692.492608
2021-05-16,1.4496,2171715319.99824
2021-05-17,1.4946,2332678117.59162
2021-05-18,1.5889,2882158791.383307
2021-05-19,1.0568,3360874757.810472
2021-05-20,1.1795,2328736021.53857
2021-05-21,1.0062,1824733134.0648541
2021-05-22,0.9052,1338020263.806932
2021-05-23,0.7898,1561035132.74456
2021-05-24,0.993,1601763469.96242
2021-05-25,0.9746,1612697957.442286
2021-05-26,1.0316,1196953224.2103083
2021-05-27,0.9747,971902215.6811739
2021-05-28,0.8985,1096502105.42091
2021-05-29,0.8318,815982766.043356
2021-05-30,0.9058,758681579.31314
2021-05-31,1.0409,1271655840.1205049
2021-06-01,1.0108,1142598993.1967797
2021-06-02,1.0241,690028622.184132
2021-06-03,1.045,732729374.68995
2021-06-04,0.9683,788704921.832558
2021-06-05,0.923,574075443.9003999
2021-06-06,0.947,374484744.24578
2021-06-07,0.8618,580773046.9638281
2021-06-08,0.8731,863746633.060015
2021-06-09,0.9218,736513104.01306
2021-06-10,0.8686,514772866.66589797
2021-06-11,0.8471,325986273.232197
2021-06-12,0.8326,312579242.267238
2021-06-13,0.8832,304600206.388992
2021-06-14,0.8906,393399954.213348
2021-06-15,0.8663,318567721.610011
2021-06-16,0.832,316271919.58336
2021-06-17,0.8419,265739518.58719897
2021-06-18,0.7972,310505211.423508
2021-06-19,0.7582,240569798.981966
2021-06-20,0.7741,456227295.178932
2021-06-21,0.6067,651161521.6343291
2021-06-22,0.5468,881194453.3607639
2021-06-23,0.6383,745390317.6005781
2021-06-24,0.6731,426299971.470996
2021-06-25,0.6111,486099515.441295
2021-06-26,0.6162,338287949.544558
2021-06-27,0.6484,306358548.291268
2021-06-28,0.6444,296445438.09252
2021-06-29,0.7063,507437926.175201
2021-06-30,0.7063,447997250.761445
2021-07-01,0.6591,305380011.605448
2021-07-02,0.6556,254085901.30400395
2021-07-03,0.6732,221730048.681768
2021-07-04,0.696,232513470.83087996
2021-07-05,0.6526,266156043.26448798
2021-07-06,0.6648,236743188.38767198
2021-07-07,0.6522,185457265.876524
2021-07-08,0.6215,267820303.39537004
2021-07-09,0.6369,228543160.270161
2021-07-10,0.6246,174707653.03347602
2021-07-11,0.6364,128120681.48528798
2021-07-12,0.6288,224386268.86444798
2021-07-13,0.6192,195449312.06496
2021-07-14,0.6197,218324331.08457202
2021-07-15,0.5979,203080312.863495
2021-07-16,0.5893,166484145.923777
2021-07-17,0.5821,153335642.32969397
2021-07-18,0.5866,141868702.97229
2021-07-19,0.557,164192986.40399
2021-07-20,0.5284,208033541.081124
2021-07-21,0.5719,282189002.368959
2021-07-22,0.592,242269348.50112
2021-07-23,0.6091,219009096.296513
2021-07-24,0.6085,194528275.21955
2021-07-25,0.6069,157208038.747935
2021-07-26,0.6234,500848255.9188119
2021-07-27,0.6451,275508077.11694497
2021-07-28,0.7327,859180653.784708
2021-07-29,0.7488,384401329.880256
2021-07-30,0.7521,454603682.34428996
2021-07-31,0.746,281452243.8745
2021-08-01,0.7242,339995798.39791197
2021-08-02,0.738,303064188.47172
2021-08-03,0.7136,284125656.27529603
2021-08-04,0.731,241626946.91092998
2021-08-05,0.7327,243178736.43039298
2021-08-06,0.7474,227948772.561008
2021-08-07,0.8162,481251594.21046406
2021-08-08,0.7788,433120956.44967604
2021-08-09,0.817,388000515.80935997
2021-08-10,0.8511,428318299.103031
2021-08-11,1.0105,1143224096.2168949
2021-08-12,0.966,957179904.2332801
2021-08-13,1.0901,735171646.610731
2021-08-14,1.2791,1801050166.772812
2021-08-15,1.2839,1483267219.3522692
2021-08-16,1.1855,1081180511.360975
2021-08-17,1.0978,980731236.3368081
2021-08-18,1.1431,994970858.685006
2021-08-19,1.2347,893030082.6252629
2021-08-20,1.2629,750900833.259229
2021-08-21,1.2158,479219777.337164
2021-08-22,1.226,441575974.26872003
2021-08-23,1.2457,823910708.353318
2021-08-24,1.1353,724048991.4973289
2021-08-25,1.1735,622962288.968765
2021-08-26,1.0712,610546714.6559039
2021-08-27,1.1918,674248298.37953
2021-08-28,1.1459,360521053.62609696
2021-08-29,1.1408,357406816.216
2021-08-30,1.1002,401569556.374
2021-08-31,1.1856,841566152.71248
2021-09-01,1.2362,580912615.5294
2021-09-02,1.2533,628650901.997506
2021-09-03,1.2907,679441994.889349
2021-09-04,1.2548,446546568.16279995
2021-09-05,1.3076,438291767.3428
2021-09-06,1.3894,987662295.3540479
2021-09-07,1.1292,1465676897.496588
2021-09-08,1.0998,873742702.2012001
2021-09-09,1.0868,656890728.8944
2021-09-10,1.0552,951443361.6032
2021-09-11,1.0787,362985466.8048
2021-09-12,1.1181,362319400.45710003
2021-09-13,1.0643,543519238.9409
2021-09-14,1.0963,302478064.2819
2021-09-15,1.1207,323954010.2309
2021-09-16,1.0902,330280931.57820004
2021-09-17,1.0661,317626609.0403
2021-09-18,1.0751,210022968.52809998
2021-09-19,1.0483,221207337.9417
2021-09-20,0.9216,771644583.696384
2021-09-21,0.8743,552831576.601983
2021-09-22,1.0033,608418873.3935001
2021-09-23,1.0016,410329370.22720003
2021-09-24,0.944,571431034.7839999
2021-09-25,0.94,326221300.78
2021-09-26,0.9436,362419561.9464
2021-09-27,0.9218,322846456.15419996
2021-09-28,0.8928,279912028.2336
2021-09-29,0.9268,426013625.7328
2021-09-30,0.9533,317364918.08320004
2021-10-01,1.0422,671571669.7782
2021-10-02,1.0359,412701466.0896
2021-10-03,1.0552,432818010.65599996
2021-10-04,1.0425,434167553.2725
2021-10-05,1.0839,465501750.42420006
2021-10-06,1.0765,548169009.8685
2021-10-07,1.0678,438725817.82680005
2021-10-08,1.0636,356823586.0496
2021-10-09,1.1604,786782791.5650882
2021-10-10,1.1352,734529672.888
2021-10-11,1.1364,488283841.6284
2021-10-12,1.1018,501758963.0634
2021-10-13,1.1275,454711315.08
2021-10-14,1.1336,400970665.37839997
2021-10-15,1.1413,654711973.2953
2021-10-16,1.1343,385129668.4728
2021-10-17,1.0944,420703630.4448
2021-10-18,1.0827,347735352.8961
2021-10-19,1.0911,256762740.8904
2021-10-20,1.1455,396483300.84
2021-10-21,1.0886,481475261.1
2021-10-22,1.0885,363144397.9695
2021-10-23,1.0934,207357240.5366
2021-10-24,1.0821,253521581.80080003
2021-10-25,1.0951,239461217.6374
2021-10-26,1.1075,486745433.7725
2021-10-27,0.995,910154418.705
2021-10-28,1.0579,725839701.2143
2021-10-29,1.0825,387293951.065
2021-10-30,1.0846,403713120.03000003
2021-10-31,1.1128,733344038.9704
2021-11-01,1.0915,416331314.34499997
2021-11-02,1.1349,452118524.87880003
2021-11-03,1.2101,1015036081.4671999
2021-11-04,1.2004,664368877.6983999
2021-11-05,1.1581,369028208.3052
2021-11-06,1.151,299651166.199
2021-11-07,1.2198,452832465.198
2021-11-08,1.2815,776660688.3915
2021-11-09,1.2571,584711801.6207
2021-11-10,1.1902,1109886287.1051998
2021-11-11,1.2142,577089993.0744
2021-11-12,1.1883,531007724.74649996
2021-11-13,1.1892,285506823.7092
2021-11-14,1.1879,228104486.38529998
2021-11-15,1.172,312681864.79999995
2021-11-16,1.0877,652124198.0597999
2021-11-17,1.0953,420033565.2096
2021-11-18,1.0406,727030435.8306
2021-11-19,1.0892,380226185.6008
2021-11-20,1.0965,276076677.894
2021-11-21,1.0569,241040980.0539
2021-11-22,1.0354,318013199.15120006
2021-11-23,1.0661,363974639.1617
2021-11-24,1.0326,355989552.168
2021-11-25,1.0438,325886390.8388
2021-11-26,0.9394,619987670.4098
2021-11-27,0.9452,212524735.0476
2021-11-28,0.9687,325809389.3823
2021-11-29,0.9898,300298792.269
2021-11-30,0.9983,339439379.4047
2021-12-01,0.9899,247763662.7592
2021-12-02,0.9716,207118158.1
2021-12-03,0.9211,273725306.9723
2021-12-04,0.8449,1147345386.409096
2021-12-05,0.8045,417348341.12
2021-12-06,0.8255,419885832.5025
2021-12-07,0.8154,260524005.993
2021-12-08,0.8622,357816948.876
2021-12-09,0.8583,587704020.7815
2021-12-10,0.7992,396812853.1368
2021-12-11,0.8392,239126191.4288
2021-12-12,0.8393,188381642.88790002
2021-12-13,0.7818,295869809.874
2021-12-14,0.8103,285787520.3616
2021-12-15,0.8262,292570787.916
2021-12-16,0.8051,165957819.99760002
2021-12-17,0.7966,207202146.71379998
2021-12-18,0.8262,141008679.28440002
2021-12-19,0.835,136836685.45
2021-12-20,0.8798,488672437.9552
2021-12-21,0.9467,446196762.9071
2021-12-22,0.9537,382821904.5387
2021-12-23,0.9941,476607556.243
2021-12-24,0.9115,517033874.858
2021-12-25,0.9252,231369339.114
2021-12-26,0.92,150363420.92000002
2021-12-27,0.9269,219010129.6799
2021-12-28,0.8515,273558067.97150004
2021-12-29,0.8171,250458211.048
2021-12-30,0.8386,220276453.2374
2021-12-31,0.8297,198986896.2398
2022-01-01,0.8507,116526104.211
2022-01-02,0.8586,111350144.27520001
2022-01-03,0.8324,148682136.7908
2022-01-04,0.8228,176421274.1632
2022-01-05,0.7726,286335225.226
2022-01-06,0.7791,239341294.01070002
2022-01-07,0.7634,284692290.11079997
2022-01-08,0.7452,188556891.1092
2022-01-09,0.753,114095613.447
2022-01-10,0.7399,231648005.9446
2022-01-11,0.7703,195706327.2725
2022-01-12,0.7987,236177115.517
2022-01-13,0.768,174976384.512
2022-01-14,0.7732,170957776.7184
2022-01-15,0.7791,107860956.1029
2022-01-16,0.7784,97352994.25039999
2022-01-17,0.7617,138365109.1425
2022-01-18,0.7509,141444854.63910002
2022-01-19,0.7381,140648750.3102
2022-01-20,0.7199,148249762.895
2022-01-21,0.6368,390323274.74880004
2022-01-22,0.5966,459350921.387792
2022-01-23,0.6283,208114452.2581
2022-01-24,0.6118,314063535.5578
2022-01-25,0.618,197524189.122
2022-01-26,0.6193,289129314.903
2022-01-27,0.6088,178100729.97280002
2022-01-28,0.6111,135058998.9483
2022-01-29,0.6174,95432810.83559999
2022-01-30,0.6013,88085087.00529999
2022-01-31,0.6174,131968823.37659998
2022-02-01,0.6284,109530509.608
2022-02-02,0.6006,112077222.4572
2022-02-03,0.6102,102592727.68499999
2022-02-04,0.6555,173004262.55699998
2022-02-05,0.6656,206533536.1024
2022-02-06,0.6825,107359410.795
2022-02-07,0.8314,532858567.5626
2022-02-08,0.8763,919133059.4060999
2022-02-09,0.8697,544720896.915
2022-02-10,0.8253,408532487.517
2022-02-11,0.7591,366214275.429
2022-02-12,0.8223,392982764.9292
2022-02-13,0.8057,283275824.5128
2022-02-14,0.8012,243570125.5764
2022-02-15,0.8515,237838694.574
2022-02-16,0.8366,211447057.6396
2022-02-17,0.769,288521529.874
2022-02-18,0.784,327669462.512
2022-02-19,0.8215,404941584.25
2022-02-20,0.7769,384918810.813
2022-02-21,0.7018,436274515.29859996
2022-02-22,0.7209,430767515.96099997
2022-02-23,0.6967,305170626.1901
2022-02-24,0.6963,686791206.0438
2022-02-25,0.7699,429098404.9562
2022-02-26,0.7508,390754872.8292
2022-02-27,0.7215,318363479.616
2022-02-28,0.7809,347202168.0876
2022-03-01,0.7839,307388174.2191
2022-03-02,0.7687,290262734.27000004
2022-03-03,0.7515,254980309.73399997
2022-03-04,0.7127,272844364.2619
2022-03-05,0.754,270083259.186
2022-03-06,0.7251,220961380.5786
2022-03-07,0.7197,357264197.7867
2022-03-08,0.7207,211705217.0838
2022-03-09,0.7658,304047189.0722
2022-03-10,0.7361,292858046.0178
2022-03-11,0.8029,423116081.46779996
2022-03-12,0.7857,462823755.29819995
2022-03-13,0.7602,236634735.1956
2022-03-14,0.7748,253054688.3072
2022-03-15,0.7657,186644073.3352
2022-03-16,0.7919,277672635.6165
2022-03-17,0.7935,209564397.42
2022-03-18,0.7965,177350270.25599998
2022-03-19,0.8194,203987655.246
2022-03-20,0.8057,149127422.2956
2022-03-21,0.8373,264944882.2299
2022-03-22,0.8366,255317190.3996
2022-03-23,0.8376,196856500.26
2022-03-24,0.8428,237772483.1244
2022-03-25,0.8239,176686177.2522
2022-03-26,0.8327,101950502.0204
2022-03-27,0.858,170415692.304
2022-03-28,0.8641,414076029.5841
2022-03-29,0.8577,227081470.79070002
2022-03-30,0.8613,173161142.87669998
2022-03-31,0.8148,298982122.89959997
2022-04-01,0.8277,210236819.7264
2022-04-02,0.824,173074463.79999998
2022-04-03,0.8432,134507400.5984
2022-04-04,0.826,179027254.042
2022-04-05,0.8164,142689991.1476
2022-04-06,0.7595,264827262.31849998
2022-04-07,0.7871,154438188.1408
2022-04-08,0.7549,159011527.5506
2022-04-09,0.7622,77844434.1768
2022-04-10,0.7543,92800554.4444
2022-04-11,0.6948,246278288.28959998
2022-04-12,0.7152,188161243.50239998
2022-04-13,0.7232,157612447.73119998
2022-04-14,0.7262,174019260.2494
2022-04-15,0.7858,345497795.2716
2022-04-16,0.7808,161229759.3856
2022-04-17,0.7519,141709472.669
2022-04-18,0.7699,198447308.3148
2022-04-19,0.7749,154307402.298
2022-04-20,0.7517,165559647.349
2022-04-21,0.7328,176832297.0272
2022-04-22,0.7179,158481898.98749998
2022-04-23,0.7057,115055029.5351
2022-04-24,0.6981,101186383.74000001
2022-04-25,0.6931,276848226.61120003
2022-04-26,0.642,228529281.546
2022-04-27,0.6522,181308097.686
2022-04-28,0.6428,155651273.9584
2022-04-29,0.6116,197096435.4964
2022-04-30,0.5845,207354141.43850002
2022-05-01,0.607,169749920.335
2022-05-02,0.6143,204407240.76049998
2022-05-03,0.6047,171761883.3036
2022-05-04,0.6459,223228033.45290002
2022-05-05,0.5981,267313895.3184
2022-05-06,0.6022,219123785.8464
2022-05-07,0.5808,141378909.2496
2022-05-08,0.5662,190232955.17720002
2022-05-09,0.4873,410296667.03760904
2022-05-10,0.513,462105424.926
2022-05-11,0.4172,666870703.85922
2022-05-12,0.3856,604431058.3864
2022-05-13,0.4228,295282153.0876
2022-05-14,0.4262,188740611.8802
2022-05-15,0.4481,119973952.5478
2022-05-16,0.4231,183587002.8288
2022-05-17,0.438,164875594.962
2022-05-18,0.4056,150459034.8768
2022-05-19,0.4205,120038159.491
2022-05-20,0.4101,146836074.52380002
2022-05-21,0.4145,59784257.262499996
2022-05-22,0.4218,60647707.7838
2022-05-23,0.4052,122141211.5864
2022-05-24,0.4086,126553532.85000001
2022-05-25,0.406,168221851.616
2022-05-26,0.392,245668264.74400002
2022-05-27,0.3819,210035164.5474
2022-05-28,0.3863,90006377.20539999
2022-05-29,0.3891,73990953.2802
2022-05-30,0.4187,155437886.9547
2022-05-31,0.4217,178089659.0361
2022-06-01,0.398,173919563.544
2022-06-02,0.4055,142206868.727
2022-06-03,0.3904,110791071.00160001
2022-06-04,0.3925,52607366.105000004
2022-06-05,0.3953,53053074.249699995
2022-06-06,0.4026,102166651.3692
2022-06-07,0.4076,170696782.7116
2022-06-08,0.4006,123014764.1776
2022-06-09,0.4002,101560882.2636
2022-06-10,0.3815,152526830.58900002
2022-06-11,0.3599,120630106.9265
2022-06-12,0.3433,146697632.2352
2022-06-13,0.3118,320764871.43922603
2022-06-14,0.3214,250183748.6462
2022-06-15,0.3436,297280270.81920004
2022-06-16,0.3132,184730541.2676
2022-06-17,0.321,138240287.742
2022-06-18,0.3075,170963212.15582502
2022-06-19,0.3264,128404289.568
2022-06-20,0.3227,114933182.4522
2022-06-21,0.3294,125070267.11580001
2022-06-22,0.3223,101555159.75439999
2022-06-23,0.3358,98532657.317
2022-06-24,0.3672,224097356.6568
2022-06-25,0.3676,79650106.78999999
2022-06-26,0.3592,69751902.8704
2022-06-27,0.3537,97096487.1111
2022-06-28,0.3375,106701707.025
2022-06-29,0.3296,108711207.94240001
2022-06-30,0.3321,153811665.3366
2022-07-01,0.3139,117098117.0277
2022-07-02,0.3156,56644747.6944
2022-07-03,0.3215,62596586.262
2022-07-04,0.3287,91013823.20279999
2022-07-05,0.3252,108210014.79959999
2022-07-06,0.3324,98177378.13599999
2022-07-07,0.3422,89336019.6986
2022-07-08,0.3402,130388433.9282
2022-07-09,0.3448,45444375.1936
2022-07-10,0.3255,78197196.5565
2022-07-11,0.3152,77708940.55839999
2022-07-12,0.3116,72935519.6248
2022-07-13,0.3237,114739952.77679999
2022-07-14,0.3338,107970742.0454
2022-07-15,0.3342,131301713.4906
2022-07-16,0.3505,95156255.188
2022-07-17,0.3433,69777676.6605
2022-07-18,0.3653,147668027.7917
2022-07-19,0.3729,138955925.99130002
2022-07-20,0.3635,119901261.97749999
2022-07-21,0.3669,101557284.8961
2022-07-22,0.3578,82760731.8522
2022-07-23,0.3592,50457663.0912
2022-07-24,0.3586,55479095.29139999
2022-07-25,0.3362,84311394.1552
2022-07-26,0.3372,83799785.3808
2022-07-27,0.3594,97332955.986
2022-07-28,0.3739,126520726.1932
2022-07-29,0.3679,101708257.6861
2022-07-30,0.3879,150565274.4609
2022-07-31,0.3792,87903903.6864
2022-08-01,0.3791,81783123.5835
2022-08-02,0.3714,97062910.5336
2022-08-03,0.3695,78428075.439
2022-08-04,0.371,63389169.074
2022-08-05,0.3764,67063215.1008
2022-08-06,0.3715,32936624.9485
2022-08-07,0.3722,35147725.1364
2022-08-08,0.3787,83873042.9992
2022-08-09,0.3672,61821356.133600004
2022-08-10,0.3814,83380641.6526
2022-08-11,0.3802,80717857.6152
2022-08-12,0.3796,64295881.967199996
2022-08-13,0.378,46391543.856
2022-08-14,0.3757,69408433.1343
2022-08-15,0.3751,86780470.5394
2022-08-16,0.377,74233175.575
2022-08-17,0.3795,126572971.6515
2022-08-18,0.3704,76468498.1016
2022-08-19,0.3344,146410689.0752
2022-08-20,0.3368,69454329.8392
2022-08-21,0.3449,64011955.89529999
2022-08-22,0.344,89139017.544
2022-08-23,0.3472,78066129.4896
2022-08-24,0.3456,65926910.361600004
2022-08-25,0.3491,70110126.537
2022-08-26,0.3393,149024549.4894
2022-08-27,0.3346,58846588.5084
2022-08-28,0.3224,48032631.816
2022-08-29,0.3337,89717332.9609
2022-08-30,0.3267,69874304.5836
2022-08-31,0.3277,63915867.0234
2022-09-01,0.3331,61145497.169700004
2022-09-02,0.3314,59519915.89039999
2022-09-03,0.3297,34063912.9488
2022-09-04,0.3317,31814472.4581
2022-09-05,0.3329,59363019.6204
2022-09-06,0.3212,108293831.074
2022-09-07,0.3369,90191360.5341
2022-09-08,0.3396,79666750.0764
2022-09-09,0.3568,119474132.8336
2022-09-10,0.3573,66461465.1834
2022-09-11,0.3552,51915708.768
2022-09-12,0.3598,87483126.2872
2022-09-13,0.3326,121158988.5228
2022-09-14,0.3415,105388594.1815
2022-09-15,0.3261,132473600.3625
2022-09-16,0.3552,131425328.448
2022-09-17,0.3762,166659564.456
2022-09-18,0.3576,243474970.27679998
2022-09-19,0.3848,283664161.5496
2022-09-20,0.414,461110065.606
2022-09-21,0.3936,364369617.5712
2022-09-22,0.4862,643162341.9936
2022-09-23,0.5069,922875190.1405001
2022-09-24,0.4878,346903224.1038
2022-09-25,0.4917,362954532.2271
2022-09-26,0.4683,293399423.709
2022-09-27,0.4457,280075210.7027
2022-09-28,0.4489,267508615.0387
2022-09-29,0.4877,384632750.0777
2022-09-30,0.4799,327785282.6097
2022-10-01,0.4754,158187068.55539998
2022-10-02,0.4485,148599463.428
2022-10-03,0.4621,181894313.5135
2022-10-04,0.4795,253317358.51799998
2022-10-05,0.4887,284753573.5392
2022-10-06,0.4934,203588436.8736
2022-10-07,0.5177,271016364.16
2022-10-08,0.517,176185196.682
2022-10-09,0.5325,195096917.60999998
2022-10-10,0.4939,256698467.3165
2022-10-11,0.4861,216450483.0723
2022-10-12,0.4881,119692850.39039999
2022-10-13,0.4791,288299195.8719
2022-10-14,0.4883,223279671.7547
2022-10-15,0.4818,74757592.6614
2022-10-16,0.4766,105278128.53660001
2022-10-17,0.4804,128032149.5808
2022-10-18,0.4658,134937472.0418
2022-10-19,0.4504,148779509.1528
2022-10-20,0.4465,177146216.0925
2022-10-21,0.4614,167027054.23139998
2022-10-22,0.4653,78599640.6459
2022-10-23,0.4688,94519004.5456
2022-10-24,0.4529,121916147.82970001
2022-10-25,0.4605,161341424.23950002
2022-10-26,0.4689,144796356.1053
2022-10-27,0.4615,178206932.8
2022-10-28,0.4744,122637913.4768
2022-10-29,0.4701,133684923.02010001
2022-10-30,0.4582,83773348.3964
2022-10-31,0.4641,135346473.3894
2022-11-01,0.4636,126355517.9496
2022-11-02,0.4497,137305819.9212
2022-11-03,0.4548,100695261.87719999
2022-11-04,0.5064,284586382.84559995
2022-11-05,0.493,98284825.1
2022-11-06,0.4709,76815942.5163
2022-11-07,0.4648,151215205.0864
2022-11-08,0.4059,397003747.2291
2022-11-09,0.3331,302479515.0207
2022-11-10,0.3942,321300929.8584
2022-11-11,0.3843,183674582.46899998
2022-11-12,0.3636,92653074.12959999
2022-11-13,0.3408,114001161.0192
2022-11-14,0.3776,261883361.1712
2022-11-15,0.3888,210459471.48
2022-11-16,0.3752,136301309.032
2022-11-17,0.3819,158019684.52470002
2022-11-18,0.3829,112033135.63610001
2022-11-19,0.3841,55814866.569299996
2022-11-20,0.3608,111261282.1936
2022-11-21,0.3645,215677009.773
2022-11-22,0.3757,174589761.2979
2022-11-23,0.3815,135073432.963
2022-11-24,0.4018,182452514.6038
2022-11-25,0.4078,174743628.2046
2022-11-26,0.396,73094230.83600001
2022-11-27,0.3962,79015030.5084
2022-11-28,0.3888,169100899.4736
2022-11-29,0.3981,141579518.4537
2022-11-30,0.4078,134474995.9472
2022-12-01,0.3969,99702670.3407
2022-12-02,0.3961,102145110.5958
2022-12-03,0.3873,59225620.877399996
2022-12-04,0.3895,52362237.3605
2022-12-05,0.3893,131663234.14029999
2022-12-06,0.3914,118277807.5046
2022-12-07,0.3835,118015730.1375
2022-12-08,0.3941,108872137.6687
2022-12-09,0.3889,100933202.3345
2022-12-10,0.3865,38430935.665
2022-12-11,0.3809,36708905.3552
2022-12-12,0.3874,134826223.8544
2022-12-13,0.3952,173934661.264
2022-12-14,0.3853,126997648.7658
2022-12-15,0.378,85632182.748
2022-12-16,0.3511,132164071.62920001
2022-12-17,0.3545,73910563.59899999
2022-12-18,0.3499,40386085.3707
2022-12-19,0.3389,123935683.23179999
2022-12-20,0.3482,108786309.0924
2022-12-21,0.3449,99133210.4999
2022-12-22,0.3492,89100235.2996
2022-12-23,0.3543,78612984.6306
2022-12-24,0.3517,22107127.6504
2022-12-25,0.3457,34689126.4915
2022-12-26,0.3658,123579999.46980001
2022-12-27,0.3675,141559077.975
2022-12-28,0.3558,119938666.7826
2022-12-29,0.3421,118989230.55250001
2022-12-30,0.3451,93189981.9718
2022-12-31,0.3389,46821304.952199996
2023-01-01,0.3387,34556484.2727
2023-01-02,0.3482,225466633.57340002
2023-01-03,0.3436,119026590.7624
2023-01-04,0.3472,129391994.7712
2023-01-05,0.338,89749027.78400001
2023-01-06,0.3443,95820387.0547
2023-01-07,0.3442,35745660.1408
2023-01-08,0.3452,64040235.0448
2023-01-09,0.349,184183568.635
2023-01-10,0.3507,118739255.502
2023-01-11,0.3728,233386765.46080002
2023-01-12,0.3748,189556685.7788
2023-01-13,0.3858,156295648.6212
2023-01-14,0.3953,230373356.971
2023-01-15,0.3845,113048482.97
2023-01-16,0.3855,208956843.6645
2023-01-17,0.3868,146292534.2724
2023-01-18,0.3782,232617493.7448
2023-01-19,0.3928,163449056.776
2023-01-20,0.4129,151252093.9983
2023-01-21,0.4034,139819481.9822
2023-01-22,0.4004,100127044.2172
2023-01-23,0.4234,306497046.8882
2023-01-24,0.4078,167727282.8044
2023-01-25,0.417,156402296.403
2023-01-26,0.4092,118696504.4628
2023-01-27,0.4128,113223501.4464
2023-01-28,0.4078,60741515.5684
2023-01-29,0.4134,68990121.3378
2023-01-30,0.3934,170655317.28840002
2023-01-31,0.4057,140607896.6891
2023-02-01,0.4131,156607823.9817
2023-02-02,0.4098,132173765.226
2023-02-03,0.4117,113089741.256
2023-02-04,0.4106,73141865.9766
2023-02-05,0.3984,94465166.62079999
2023-02-06,0.392,123870060.77600001
2023-02-07,0.4036,143746453.6768
2023-02-08,0.3975,104617563.50250001
2023-02-09,0.3819,201139603.3641
2023-02-10,0.3817,106849948.5933
2023-02-11,0.3833,47214740.68
2023-02-12,0.3747,50950327.8534
2023-02-13,0.3703,141739052.98070002
2023-02-14,0.3819,142171468.8606
2023-02-15,0.4011,148794816.3702
2023-02-16,0.3841,173089439.3195
2023-02-17,0.395,141430697.60500002
2023-02-18,0.3943,57420103.5003
2023-02-19,0.3863,91936677.35759999
2023-02-20,0.3984,221916117.41279998
2023-02-21,0.3919,175682534.08720002
2023-02-22,0.3953,153881413.14319998
2023-02-23,0.3882,135230228.5428
2023-02-24,0.3783,134921539.7439
2023-02-25,0.3778,67899713.22140001
2023-02-26,0.3779,49445579.9033
2023-02-27,0.3785,159504776.9725
2023-02-28,0.3762,139721152.5072
2023-03-01,0.3835,121790965.4975
2023-03-02,0.3772,106322518.6092
2023-03-03,0.3774,185120507.4312
2023-03-04,0.3735,61356805.875
2023-03-05,0.3668,60022287.8192
2023-03-06,0.3695,158283963.171
2023-03-07,0.3801,213861088.5474
2023-03-08,0.3889,265387974.57470003
2023-03-09,0.3706,242748232.5014
2023-03-10,0.37,200206550.45
2023-03-11,0.3638,124776637.6856
2023-03-12,0.3714,144756890.3694
2023-03-13,0.3724,207204328.24
2023-03-14,0.3724,202884943.3128
2023-03-15,0.3589,138210024.4901
2023-03-16,0.3647,94487684.98050001
2023-03-17,0.3798,154150854.048
2023-03-18,0.3739,134729378.7653
2023-03-19,0.3857,183705671.66279998
2023-03-20,0.3734,165464523.9344
2023-03-21,0.4696,797559569.676
2023-03-22,0.4213,593881789.9531
2023-03-23,0.4438,371740150.9514
2023-03-24,0.4259,216347645.7853
2023-03-25,0.4429,281380109.0982
2023-03-26,0.4479,163250498.8368
2023-03-27,0.479,480559878.349
2023-03-28,0.5144,579392622.1104
2023-03-29,0.5425,700809940.215
2023-03-30,0.5319,440248995.0234
2023-03-31,0.5374,286367366.249
2023-04-01,0.5095,262946750.40399998
2023-04-02,0.518,202718131.39200002
2023-04-03,0.4959,258894524.4057
2023-04-04,0.5026,181050314.86220002
2023-04-05,0.5055,208260455.17049998
2023-04-06,0.5028,158834542.62600002
2023-04-07,0.5126,163102033.90359998
2023-04-08,0.5048,68963097.5312
2023-04-09,0.5054,58688250.346599996
2023-04-10,0.5176,137111306.2496
2023-04-11,0.5167,185403083.00090003
2023-04-12,0.5049,171211763.1807
2023-04-13,0.5125,140087968.725
2023-04-14,0.5227,241662736.0561
2023-04-15,0.5192,79182633.86
2023-04-16,0.5209,81906711.3631
2023-04-17,0.5109,153142149.3186
2023-04-18,0.5324,190659079.028
2023-04-19,0.4911,304557275.3169
2023-04-20,0.4752,216214818.1776
2023-04-21,0.4491,190961732.4075
2023-04-22,0.4719,114210160.5645
2023-04-23,0.4647,103252295.7159
2023-04-24,0.4611,188325579.036
2023-04-25,0.4695,177027931.91099998
2023-04-26,0.4618,254523559.5638
2023-04-27,0.4667,161364784.8995
2023-04-28,0.4796,184606438.7552
2023-04-29,0.478,83905016.346
2023-04-30,0.4705,67375228.7755
2023-05-01,0.4649,157243786.2282
2023-05-02,0.4645,153626107.8975
2023-05-03,0.4632,158058957.9216
2023-05-04,0.4608,100552339.3536
2023-05-05,0.4671,136792860.102
2023-05-06,0.4582,77275419.0032
2023-05-07,0.449,53611145.535000004
2023-05-08,0.4283,206892856.10390002
2023-05-09,0.4289,142179441.5898
2023-05-10,0.4303,144120482.272
2023-05-11,0.4207,121485459.4877
2023-05-12,0.4305,175970168.325
2023-05-13,0.424,43301119.992
2023-05-14,0.4253,41474317.7882
2023-05-15,0.4273,112611937.1463
2023-05-16,0.4425,158350796.79
2023-05-17,0.4484,229280910.08
2023-05-18,0.4596,193166248.7004
2023-05-19,0.4675,153304603.705
2023-05-20,0.4685,62350522.5495
2023-05-21,0.4575,69588425.9175
2023-05-22,0.4618,133917187.1204
2023-05-23,0.4651,125805366.89060001
2023-05-24,0.453,151359995.778
2023-05-25,0.4538,86301159.5106
2023-05-26,0.4684,133327790.1336
2023-05-27,0.4714,84285817.01619999
2023-05-28,0.482,80269487.292
2023-05-29,0.4946,162493784.9176
2023-05-30,0.5205,345034885.7355
2023-05-31,0.5166,227777744.93039998
2023-06-01,0.5065,162476294.71699998
2023-06-02,0.5244,153674875.14839998
2023-06-03,0.5188,89305780.1252
2023-06-04,0.5359,134101026.5312
2023-06-05,0.509,314049851.326
2023-06-06,0.53,242959132.74
2023-06-07,0.5183,242291864.9025
2023-06-08,0.5236,137697506.62359998
2023-06-09,0.538,189412919.17400002
2023-06-10,0.5067,308733485.03730005
2023-06-11,0.5208,115202251.584
2023-06-12,0.5251,187223115.3544
2023-06-13,0.5192,400630910.7328
2023-06-14,0.4801,261364710.19970003
2023-06-15,0.4801,162150287.5536
2023-06-16,0.4759,179253284.9458
2023-06-17,0.4794,90884494.2774
2023-06-18,0.4868,109540000.81920001
2023-06-19,0.4936,159031803.30879998
2023-06-20,0.4929,186476839.0674
2023-06-21,0.4999,204334039.0172
2023-06-22,0.4938,218619874.9986
2023-06-23,0.4961,171348936.473
2023-06-24,0.4865,93941941.534
2023-06-25,0.4903,93933228.251
2023-06-26,0.479,146256914.933
2023-06-27,0.4838,141068312.1072
2023-06-28,0.4647,151416809.3955
2023-06-29,0.4747,100263550.6826
2023-06-30,0.4729,186139227.8231
2023-07-01,0.4732,110042380.3388
2023-07-02,0.4845,163351640.6205
2023-07-03,0.489,174582950.66099998
2023-07-04,0.4872,145886920.01520002
2023-07-05,0.4777,139784578.777
2023-07-06,0.4622,140566626.3042
2023-07-07,0.4687,108123909.4589
2023-07-08,0.4704,54581396.822399996
2023-07-09,0.468,37509242.940000005
2023-07-10,0.478,159912862.28599998
2023-07-11,0.4753,107266548.1328
2023-07-12,0.471,103935925.60499999
2023-07-13,0.8153,2038226490.8245
2023-07-14,0.7179,1094923504.3722
2023-07-15,0.7145,502547661.2255
2023-07-16,0.7468,706953940.0892
2023-07-17,0.7374,448982318.24820006
2023-07-18,0.7779,465208010.7411
2023-07-19,0.8199,748975331.8647
2023-07-20,0.7942,511073673.1782
2023-07-21,0.7713,317184764.1462
2023-07-22,0.7331,238246319.4919
2023-07-23,0.7384,216950360.65039998
2023-07-24,0.7021,360606918.50049996
2023-07-25,0.7089,278968612.7847
2023-07-26,0.7161,264538292.74949998
2023-07-27,0.7139,223058668.954
2023-07-28,0.712,143105480.928
2023-07-29,0.7121,75200542.88679999
2023-07-30,0.7046,188531539.8148
2023-07-31,0.6976,263965531.6032
2023-08-01,0.7069,259195006.3942
2023-08-02,0.685,176268280.54500002
2023-08-03,0.663,234401677.57500002
2023-08-04,0.6356,223022917.8688
2023-08-05,0.6288,182925700.1424
2023-08-06,0.624,125750333.904
2023-08-07,0.6236,278515843.8912
2023-08-08,0.6418,242496035.6184
2023-08-09,0.6433,283224659.1468
2023-08-10,0.6331,186547987.3972
2023-08-11,0.6318,142722880.1622
2023-08-12,0.6276,54782811.1224
2023-08-13,0.6256,85900371.5168
2023-08-14,0.6343,165029152.1948
2023-08-15,0.6104,237052625.70080003
2023-08-16,0.5889,342515357.8431
2023-08-17,0.5064,429225920.1792
2023-08-18,0.5062,366913956.36759996
2023-08-19,0.5199,155413852.0521
2023-08-20,0.5384,243846749.9224
2023-08-21,0.5245,277311670.5025
2023-08-22,0.521,219966235.949
2023-08-23,0.5301,152062342.8057
2023-08-24,0.5187,130792452.52710001
2023-08-25,0.5258,171476129.59840003
2023-08-26,0.5231,57769120.771400005
2023-08-27,0.5236,69320056.9292
2023-08-28,0.5232,139282097.472
2023-08-29,0.5398,247725925.56299996
2023-08-30,0.5284,147701599.69439998
2023-08-31,0.511,183628197.991
2023-09-01,0.498,194653204.224
2023-09-02,0.4988,86609094.60440001
2023-09-03,0.5047,75000042.1058
2023-09-04,0.5087,149187232.90670002
2023-09-05,0.5056,131624385.52960001
2023-09-06,0.5033,128409058.9656
2023-09-07,0.505,106034710.115
2023-09-08,0.505,112932226.86
2023-09-09,0.5038,34829111.1894
2023-09-10,0.4969,71975909.3472
2023-09-11,0.4744,229817123.908
2023-09-12,0.4804,171216187.5952
2023-09-13,0.4832,132680338.3776
2023-09-14,0.4892,113758446.67840001
2023-09-15,0.5005,152956958.15399998
2023-09-16,0.4998,66414127.7184
2023-09-17,0.4925,70351957.8875
2023-09-18,0.503,150082495.226
2023-09-19,0.514,151762757.462
2023-09-20,0.5212,150365124.7644
2023-09-21,0.5071,140630786.4038
2023-09-22,0.5122,119800187.6994
2023-09-23,0.5076,51631211.1384
2023-09-24,0.5021,56681729.0783
2023-09-25,0.5056,153537773.1008
2023-09-26,0.5019,136042133.5959
2023-09-27,0.4993,118591030.7926
2023-09-28,0.5098,126382968.208
2023-09-29,0.5215,315505819.2055
2023-09-30,0.5149,74591529.65990001
2023-10-01,0.5241,87877683.4464
2023-10-02,0.5123,163433411.6711
2023-10-03,0.539,214612451.74600002
2023-10-04,0.5326,224763852.70659998
2023-10-05,0.5227,122475775.69430001
2023-10-06,0.5255,115496629.681
2023-10-07,0.5216,32932317.6192
2023-10-08,0.5174,42874206.128
2023-10-09,0.5027,162173361.57660002
2023-10-10,0.4965,113202865.3995
2023-10-11,0.4888,118047471.94240001
2023-10-12,0.483,125360280.88499999
2023-10-13,0.4851,124743900.61979999
2023-10-14,0.4865,45646672.036
2023-10-15,0.4874,49543544.699
2023-10-16,0.4978,201960028.648
2023-10-17,0.4912,131929907.8752
2023-10-18,0.4878,98892309.11580001
2023-10-19,0.5197,231503312.7384
2023-10-20,0.5149,212143411.9593
2023-10-21,0.5208,93280823.39520001
2023-10-22,0.5226,86388968.90519999
2023-10-23,0.5475,286059899.115
2023-10-24,0.5588,446370131.2356
2023-10-25,0.5552,204928000.4208
2023-10-26,0.5533,219894150.8797
2023-10-27,0.543,169711304.034
2023-10-28,0.5446,60402834.767799996
2023-10-29,0.5561,89014710.6771
2023-10-30,0.578,252445685.876
2023-10-31,0.5996,372827159.5488
2023-11-01,0.6085,284967901.2885
2023-11-02,0.6054,265319017.61040002
2023-11-03,0.6121,201440197.7996
2023-11-04,0.6149,87867715.793
2023-11-05,0.6607,276183998.3964
2023-11-06,0.7148,502954267.9576
2023-11-07,0.685,423519579.23
2023-11-08,0.6869,236565677.6555
2023-11-09,0.6665,518389129.6435
2023-11-10,0.6595,306573421.006
2023-11-11,0.6626,251941847.7688
2023-11-12,0.6613,142861443.8021
2023-11-13,0.6702,502572552.3582
2023-11-14,0.6296,376134227.36240005
2023-11-15,0.6481,219889830.78
2023-11-16,0.6119,269597957.8189
2023-11-17,0.6133,226016591.02199998
2023-11-18,0.6106,117259802.9058
2023-11-19,0.6258,150220074.0138
2023-11-20,0.6122,182577474.289
2023-11-21,0.5788,271370906.708
2023-11-22,0.6109,211503486.3544
2023-11-23,0.6209,189804902.9128
2023-11-24,0.6212,188316307.2668
2023-11-25,0.6228,75932565.08760001
2023-11-26,0.6157,163965473.5684
2023-11-27,0.6039,186853548.0834
2023-11-28,0.6107,174738331.7366
2023-11-29,0.6091,143346483.8951
2023-11-30,0.6063,141094758.90899998
2023-12-01,0.6125,152173242.9875
2023-12-02,0.6208,89476060.44160001
2023-12-03,0.6229,149907191.2396
2023-12-04,0.6245,307378149.97550005
2023-12-05,0.621,229380473.403
2023-12-06,0.64,319270883.84000003
2023-12-07,0.6432,292452654.8928
2023-12-08,0.6721,334130808.3685
2023-12-09,0.6584,344305113.5352
2023-12-10,0.6617,166087989.6533
2023-12-11,0.6187,372367835.1319
2023-12-12,0.6192,230904083.75039998
2023-12-13,0.6275,240688003.22249997
2023-12-14,0.6316,215185393.66000003
2023-12-15,0.6156,219531563.6256
2023-12-16,0.6203,99716412.10139999
2023-12-17,0.6103,107703801.4151
2023-12-18,0.6125,292226871.3
2023-12-19,0.6047,187128335.8748
2023-12-20,0.6171,234580273.6233
2023-12-21,0.6241,183649728.0264
2023-12-22,0.6244,241403293.89679998
2023-12-23,0.6195,105902837.97450002
2023-12-24,0.6121,186692579.3037
2023-12-25,0.6462,324088197.4728
2023-12-26,0.6219,265678783.28100002
2023-12-27,0.634,230750120.12
2023-12-28,0.6346,297115279.7038
2023-12-29,0.623,216218842.266
2023-12-30,0.6207,104365681.67490001
2023-12-31,0.6156,99098529.58080001
2024-01-01,0.6294,104398200.36
2024-01-02,0.6246,231770005.95240003
2024-01-03,0.5823,619283806.2360001
2024-01-04,0.5868,225705791.4084
2024-01-05,0.5757,220625133.9165
2024-01-06,0.5679,94696786.06289999
2024-01-07,0.5515,125034733.7885
2024-01-08,0.5776,300691608.584
2024-01-09,0.5669,257694808.95299998
2024-01-10,0.6008,339879767.7976
2024-01-11,0.6019,309086637.0826
2024-01-12,0.5699,263303208.4791
2024-01-13,0.5747,83172319.0193
2024-01-14,0.5763,108616068.3963
2024-01-15,0.5757,153780150.38639998
2024-01-16,0.5757,143946099.405
2024-01-17,0.5685,130434201.7035
2024-01-18,0.552,158347126.824
2024-01-19,0.5443,224505988.9467
2024-01-20,0.5534,105161421.0444
2024-01-21,0.5464,62846203.4736
2024-01-22,0.5275,179678209.445
2024-01-23,0.5183,242835248.5493
2024-01-24,0.5181,132797064.1767
2024-01-25,0.5138,129181156.9244
2024-01-26,0.5323,183909128.346
2024-01-27,0.5303,58034756.6285
2024-01-28,0.5241,69885970.3725
2024-01-29,0.5352,169021589.0688
2024-01-30,0.5107,281468794.95890003
2024-01-31,0.5033,244312778.85419998
2024-02-01,0.5058,171825908.26860002
2024-02-02,0.5105,184918070.4125
2024-02-03,0.5186,139246144.8398
2024-02-04,0.5032,78731187.78
2024-02-05,0.5069,160557645.6249
2024-02-06,0.505,149662487.305
2024-02-07,0.5138,173184430.64720002
2024-02-08,0.5147,164476985.90330002
2024-02-09,0.5262,200831593.1166
2024-02-10,0.5239,71277564.7389
2024-02-11,0.5261,115212016.32980001
2024-02-12,0.5315,204067526.482
2024-02-13,0.5247,209252134.53540003
2024-02-14,0.5378,216233848.33599997
2024-02-15,0.5622,360136379.8956
2024-02-16,0.5643,294627557.25810003
2024-02-17,0.5496,139616854.4688
2024-02-18,0.5571,111221942.0364
2024-02-19,0.5626,203469885.05699998
2024-02-20,0.5622,324667424.2038
2024-02-21,0.5491,243546328.13540003
2024-02-22,0.541,196829022.581
2024-02-23,0.5342,232416770.1216
2024-02-24,0.545,109911504.325
2024-02-25,0.5425,108683378.5625
2024-02-26,0.5506,243393494.23279998
2024-02-27,0.5861,499779218.3745
2024-02-28,0.575,596926884.9749999
2024-02-29,0.5867,776276332.7439
2024-03-01,0.6013,328179327.5208
2024-03-02,0.6442,574079275.7864
2024-03-03,0.6271,392913298.955
2024-03-04,0.6477,682393242.8181001
2024-03-05,0.5912,919279152.2775999
2024-03-06,0.6121,509634294.1209
2024-03-07,0.627,494946954.414
2024-03-08,0.62,401945379.38
2024-03-09,0.6197,247325748.3761
2024-03-10,0.608,262178070.048
2024-03-11,0.723,1471970624.889
2024-03-12,0.688,801398411.1359999
2024-03-13,0.6891,433938682.06920004
2024-03-14,0.669,579964950.87
2024-03-15,0.6342,663734457.4434
2024-03-16,0.6031,384744089.7255
2024-03-17,0.6191,322190383.8614
2024-03-18,0.6453,560215221.6726
2024-03-19,0.5845,605693014.927
2024-03-20,0.6107,490273274.8796
2024-03-21,0.6404,511883146.6572
2024-03-22,0.6115,354687797.096
2024-03-23,0.6167,171871299.62170002
2024-03-24,0.6325,192701955.92999998
2024-03-25,0.6406,383245587.25659996
2024-03-26,0.6317,305692312.00920004
2024-03-27,0.6118,352461397.5148
2024-03-28,0.6244,312647900.852
2024-03-29,0.6301,338238985.5672
2024-03-30,0.6212,170847534.6124
2024-03-31,0.6292,114497392.0948
2024-04-01,0.611,333781676.553
2024-04-02,0.5854,379506882.5614
2024-04-03,0.5742,283599638.32860005
2024-04-04,0.5935,416417040.591
2024-04-05,0.5871,247445565.39
2024-04-06,0.593,98085099.77
2024-04-07,0.5944,125279379.9448
2024-04-08,0.6147,315225838.2177
2024-04-09,0.6141,398296507.2327
2024-04-10,0.6172,277552208.2592
2024-04-11,0.6086,192509194.5832
2024-04-12,0.5468,493883063.64399993
2024-04-13,0.4788,574284778.0992
2024-04-14,0.5033,413079034.8874
2024-04-15,0.4977,338829535.3716
2024-04-16,0.4965,265679105.217
2024-04-17,0.4951,245608509.90899998
2024-04-18,0.5025,205449933.47249997
2024-04-19,0.503,326569253.647
2024-04-20,0.5288,170882919.8472
2024-04-21,0.5246,109841464.6036
2024-04-22,0.556,267554549.20800003
2024-04-23,0.5445,215369879.6205
2024-04-24,0.5275,230913326.505
2024-04-25,0.5254,188145982.2094
2024-04-26,0.5261,186284544.641
2024-04-27,0.5179,101285545.5584
2024-04-28,0.5103,69346217.8017
2024-04-29,0.5151,179166437.1705
2024-04-30,0.5006,198032994.768
2024-05-01,0.5175,247634709.09749997
2024-05-02,0.518,178504175.808
2024-05-03,0.5317,193340395.08159998
2024-05-04,0.5302,84139675.9742
2024-05-05,0.5296,59497763.712
2024-05-06,0.5402,306441850.7414
2024-05-07,0.5245,181577811.52249998
2024-05-08,0.5171,179347167.4518
2024-05-09,0.5209,156172485.9573
2024-05-10,0.5022,178824059.9964
2024-05-11,0.5059,50364594.2314
2024-05-12,0.4993,48429678.395
2024-05-13,0.5053,155555520.1209
2024-05-14,0.5002,153434754.8622
2024-05-15,0.5188,168068844.3892
2024-05-16,0.5157,168923269.0683
2024-05-17,0.5234,149952404.184
2024-05-18,0.5213,47009179.3938
2024-05-19,0.5096,57571844.948800005
2024-05-20,0.5377,217704220.1158
2024-05-21,0.537,263879802.897
2024-05-22,0.5268,159717113.63160002
2024-05-23,0.5289,309477687.8244
2024-05-24,0.536,173123990.72
2024-05-25,0.5416,71694952.0864
2024-05-26,0.5283,57478652.2278
2024-05-27,0.534,130820770.878
2024-05-28,0.5287,149341783.26
2024-05-29,0.5238,165935167.1802
2024-05-30,0.5186,187610189.1172
2024-05-31,0.5176,157556789.89439997
2024-06-01,0.5187,45798385.15980001
2024-06-02,0.5135,67218226.29599999
2024-06-03,0.5199,123558969.20940001
2024-06-04,0.5257,132755879.46809998
2024-06-05,0.5258,130422204.5434
2024-06-06,0.5215,151056385.72849998
2024-06-07,0.4991,274277104.9508
2024-06-08,0.4926,74935007.5512
2024-06-09,0.4986,45340730.485199995
2024-06-10,0.4969,124105419.0274
2024-06-11,0.4802,206202979.2438
2024-06-12,0.4916,167687880.1852
2024-06-13,0.4769,138395529.2104
2024-06-14,0.4746,184770672.58020002
2024-06-15,0.4908,86598991.02960001
2024-06-16,0.4891,79020372.8165
2024-06-17,0.5047,295221774.81020004
2024-06-18,0.491,286118964.856
2024-06-19,0.4933,128560068.30860001
2024-06-20,0.4888,158847398.736
2024-06-21,0.4889,164318512.1601
2024-06-22,0.4866,38523283.588199995
2024-06-23,0.4797,45619364.466
2024-06-24,0.474,182548308.162
2024-06-25,0.4757,107529922.8405
2024-06-26,0.4698,114353775.5832
2024-06-27,0.4753,115759039.326
2024-06-28,0.4716,124590220.4088
2024-06-29,0.4727,27397450.923
2024-06-30,0.4761,39450645.81
2024-07-01,0.477,101049814.09799999
2024-07-02,0.4853,109771950.6265
2024-07-03,0.4672,148387538.2336
2024-07-04,0.4329,188926388.56260002
2024-07-05,0.4251,309496576.6932
2024-07-06,0.4488,75822903.3144
2024-07-07,0.4195,73741903.56549999
2024-07-08,0.4316,228205747.6868
2024-07-09,0.4356,126111588.372
2024-07-10,0.4388,129287896.8496
2024-07-11,0.4491,156083658.1479
2024-07-12,0.4745,224431310.8505
2024-07-13,0.5257,391292889.99779993
2024-07-14,0.5205,182676972.80249998
2024-07-15,0.5372,234958690.718
2024-07-16,0.5793,477709657.0698
2024-07-17,0.626,505060187.912
2024-07-18,0.5697,376357415.8905
2024-07-19,0.5733,309097589.5917
2024-07-20,0.5937,178168179.0378
2024-07-21,0.5984,174726143.9968
2024-07-22,0.608,251057225.34399998
2024-07-23,0.5975,211369309.185
2024-07-24,0.6179,259899641.6097
2024-07-25,0.5996,290918128.79760003
2024-07-26,0.6034,162151269.87780002
2024-07-27,0.5956,103024375.1636
2024-07-28,0.6012,109522608.40079999
2024-07-29,0.6019,141594071.4344
2024-07-30,0.6277,270795674.10300004
2024-07-31,0.623,294793698.038
2024-08-01,0.5964,252435930.0708
2024-08-02,0.5607,230429700.4086
2024-08-03,0.5558,147555504.20099998
2024-08-04,0.5228,125528507.88360001
2024-08-05,0.4889,611347220.6948
2024-08-06,0.5062,207713010.0522
2024-08-07,0.6002,600681556.0652
2024-08-08,0.6166,450415341.1682
2024-08-09,0.5805,265249284.32250002
2024-08-10,0.5841,124848821.89889999
2024-08-11,0.5528,138806870.4736
2024-08-12,0.5684,201925898.4176
2024-08-13,0.577,145623403.67299998
2024-08-14,0.5687,144183738.2546
2024-08-15,0.5607,149762168.199
2024-08-16,0.5638,132283497.558
2024-08-17,0.5665,38554584.5135
2024-08-18,0.5631,67518146.2422
2024-08-19,0.5985,231661096.94700003
2024-08-20,0.5937,164385189.5271
2024-08-21,0.5999,164537916.2427
2024-08-22,0.5976,124037508.7944
2024-08-23,0.6109,181485566.5981
2024-08-24,0.6127,148540118.7259
2024-08-25,0.6,98197829.39999999
2024-08-26,0.5874,139140163.536
2024-08-27,0.5666,187909781.0658
2024-08-28,0.5693,178187852.53710002
2024-08-29,0.5619,117459941.23499998
2024-08-30,0.5667,146684961.2196
2024-08-31,0.5662,38023275.3724
2024-09-01,0.5472,66315954.873600006
2024-09-02,0.5677,99205593.7341
2024-09-03,0.5572,100174242.3276
2024-09-04,0.5579,152070745.67929998
2024-09-05,0.5444,116401544.72399999
2024-09-06,0.5211,199078653.1932
2024-09-07,0.5248,43518852.1216
2024-09-08,0.5295,35958058.5405
2024-09-09,0.5395,90829654.604
2024-09-10,0.5408,73382909.6
2024-09-11,0.5348,100304199.5452
2024-09-12,0.5626,214253468.7978
2024-09-13,0.5728,154742812.9952
2024-09-14,0.5956,137881724.602
2024-09-15,0.5706,72145006.9776
2024-09-16,0.5866,145377621.7782
2024-09-17,0.5839,101040663.1135
2024-09-18,0.5852,119859868.128
2024-09-19,0.5868,130467308.76359999
2024-09-20,0.5851,127205863.7207
2024-09-21,0.5976,86630965.0776
2024-09-22,0.5871,70671103.3716
2024-09-23,0.5847,94159331.3982
2024-09-24,0.5911,100033864.51329999
2024-09-25,0.5831,104918349.7831
2024-09-26,0.5905,133737208.2405
2024-09-27,0.5888,131196119.8336
2024-09-28,0.6138,271619000.037
2024-09-29,0.6412,283634560.9552
2024-09-30,0.6114,242514485.4864
2024-10-01,0.5967,345793704.7149
2024-10-02,0.5383,341322394.861
2024-10-03,0.5217,293654273.23410004
2024-10-04,0.534,182542887.342
2024-10-05,0.5294,56650651.951
2024-10-06,0.5336,48191988.485599995
2024-10-07,0.5286,130291386.89699998
2024-10-08,0.531,87190778.79
2024-10-09,0.5245,89000872.9355
2024-10-10,0.5305,141647797.5805
2024-10-11,0.5388,105997624.53239998
2024-10-12,0.5393,45240355.6347
2024-10-13,0.5321,50049038.1339
2024-10-14,0.5483,120295888.8571
2024-10-15,0.5417,153609130.6629
2024-10-16,0.5482,121856912.1964
2024-10-17,0.5441,169815575.8333
2024-10-18,0.5465,120102943.66849999
2024-10-19,0.544,49038596.576000005
2024-10-20,0.5482,64392640.99
2024-10-21,0.5449,154385713.8174
2024-10-22,0.5339,133585297.86710002
2024-10-23,0.5258,111020897.00240001
2024-10-24,0.532,104186982.676
2024-10-25,0.5022,176224504.5594
2024-10-26,0.5134,62546499.820599996
2024-10-27,0.5168,33971846.966400005
2024-10-28,0.5195,82862686.455
2024-10-29,0.5284,116704447.772
2024-10-30,0.5229,92843859.32010001
2024-10-31,0.5095,99385018.83749999
2024-11-01,0.5131,142202764.4457
2024-11-02,0.5103,35047056.996
2024-11-03,0.503,88534278.949
2024-11-04,0.5035,106369145.159
2024-11-05,0.514,98025873.424
2024-11-06,0.5418,245052926.58419997
2024-11-07,0.5556,193642277.9208
2024-11-08,0.5537,144601635.90109998
2024-11-09,0.5593,129186537.921
2024-11-10,0.5884,419424461.85800004
2024-11-11,0.6207,410335090.1835
2024-11-12,0.704,1250905224.448
2024-11-13,0.6898,833654838.3457999
2024-11-14,0.7736,1043860093.4912
2024-11-15,0.8922,1261063040.9502
2024-11-16,1.1209,2659930201.302
2024-11-17,1.0543,1313462077.6394
2024-11-18,1.1137,1048375357.3992999
2024-11-19,1.1003,619115587.0682
2024-11-20,1.1041,673285322.8978001
2024-11-21,1.247,1310333854.319
2024-11-22,1.4726,2352879745.182948
2024-11-23,1.4685,1826716558.7251348
2024-11-24,1.4331,1376676087.117
2024-11-25,1.4142,1290295367.6267998
2024-11-26,1.3984,1087140223.6672
2024-11-27,1.4696,874246869.8656
2024-11-28,1.5421,679359475.8538
2024-11-29,1.8006,1901207017.483662
2024-11-30,1.9513,2182639366.686961
2024-12-01,2.2937,2687094749.574491
2024-12-02,2.7245,6930356145.036004
2024-12-03,2.5102,4908960266.444543
2024-12-04,2.3574,2658859946.0952
2024-12-05,2.2446,2458326531.5478
2024-12-06,2.4257,1628119618.1002
2024-12-07,2.6099,1412808149.7955
2024-12-08,2.6013,1186904468.8566
2024-12-09,2.2124,2194244196.0384
2024-12-10,2.3709,3263980057.6656
2024-12-11,2.3941,1666625903.4740999
2024-12-12,2.3384,1235498162.4656
2024-12-13,2.4217,1133558942.8839
2024-12-14,2.4005,834046811.5600001
2024-12-15,2.4469,675273383.6213
2024-12-16,2.4841,1500132889.1561
2024-12-17,2.5673,1914405813.9162
2024-12-18,2.3103,1755506616.4773
2024-12-19,2.239,1816300746.105
2024-12-20,2.2793,2530813953.5688
2024-12-21,2.238,1010680495.632
2024-12-22,2.2031,683662685.1469
2024-12-23,2.2617,879396234.0533999
2024-12-24,2.3238,578675153.1708
2024-12-25,2.2973,372197054.9054
2024-12-26,2.1559,574327275.7279999
2024-12-27,2.1466,545744231.895
2024-12-28,2.1843,231851365.82099998
2024-12-29,2.0942,271381916.3264
2024-12-30,2.0587,671763677.3491
2024-12-31,2.0836,422694925.1092
2025-01-01,2.3328,794948895.1872001
2025-01-02,2.4024,867738185.7144
2025-01-03,2.4547,573596445.4216
2025-01-04,2.4201,435119280.3126
2025-01-05,2.3994,373197541.284
2025-01-06,2.42,470189730.34
2025-01-07,2.2712,777834530.0655999
2025-01-08,2.3731,951698600.4199
2025-01-09,2.2722,669356232.4092001
2025-01-10,2.3414,580709996.1092
2025-01-11,2.5764,899608018.6944
2025-01-12,2.5046,558306229.2318
2025-01-13,2.5232,1300348141.5072
2025-01-14,2.6673,1059524489.3166
2025-01-15,3.1429,3339740211.156667
2025-01-16,3.2451,3603265653.16122
2025-01-17,3.2922,1744647048.9468
2025-01-18,3.2697,1497813420.1968
2025-01-19,2.9587,1962590935.3535
2025-01-20,3.1053,2604605334.4674
2025-01-21,3.1738,1194692910.6476
2025-01-22,3.1803,927888379.7021999
2025-01-23,3.1194,952399130.6124
2025-01-24,3.1009,721352952.6676
2025-01-25,3.108,309214475.556
2025-01-26,3.0223,389688752.2299
2025-01-27,3.0552,2016603622.8048
2025-01-28,3.0572,1129546086.9592
2025-01-29,3.0683,781669844.5365
2025-01-30,3.1276,541523028.8664
2025-01-31,3.0361,492562661.1242
2025-02-01,2.8778,499590120.4312
2025-02-02,2.58,1764949650.96
2025-02-03,2.7001,5040435900.2972
2025-02-04,2.5274,1570912963.7410002
2025-02-05,2.381,806718736.433
2025-02-06,2.325,750735378.5250001
2025-02-07,2.3968,1072539106.576
2025-02-08,2.419,374260916.476
2025-02-09,2.3928,488623166.8584
2025-02-10,2.4237,502331052.2121
2025-02-11,2.4131,598888408.9056
2025-02-12,2.4734,563830416.8823999
2025-02-13,2.5599,543924231.8097
2025-02-14,2.7384,1116010608.4847999
2025-02-15,2.7619,508692008.94329995
2025-02-16,2.7283,361194172.2151
2025-02-17,2.6599,566062245.6244
2025-02-18,2.5628,582191324.6932
2025-02-19,2.7378,570072083.4198
2025-02-20,2.6877,433293994.2975
2025-02-21,2.5721,662969595.8247
2025-02-22,2.574,238137862.248
2025-02-23,2.5763,235468690.5867
2025-02-24,2.2783,799762541.5523001
2025-02-25,2.3222,1770495386.1094
2025-02-26,2.1982,800420816.9829999
2025-02-27,2.1985,505087624.31100005
2025-02-28,2.1453,993630747.0567001
2025-03-01,2.1916,319071079.3956
2025-03-02,2.9396,2372126737.6124
2025-03-03,2.3873,1840107291.6728
2025-03-04,2.4543,1398742612.7498999
2025-03-05,2.4998,637213936.3066
2025-03-06,2.6001,763116344.2997999
2025-03-07,2.3855,1083575431.237
2025-03-08,2.3261,276901139.8384
2025-03-09,2.1387,591801926.9124
2025-03-10,2.0216,790897692.4295999
2025-03-11,2.1711,830272591.7484
2025-03-12,2.2396,621624294.236
2025-03-13,2.2527,549425855.0511
2025-03-14,2.3564,464885835.5516
2025-03-15,2.3911,358801139.66959995
2025-03-16,2.2938,348599697.6066
2025-03-17,2.3382,313139918.34720004
2025-03-18,2.2851,376400070.14489996
2025-03-19,2.5469,1177130864.6234999
2025-03-20,2.4361,549518609.4212
2025-03-21,2.3809,340547426.8394
2025-03-22,2.3711,163804040.9715
2025-03-23,2.4393,200441296.0878
2025-03-24,2.4501,344462964.639
2025-03-25,2.4492,262814690.37719998
2025-03-26,2.3494,330826254.85080004
2025-03-27,2.341,285383823.48200005
2025-03-28,2.2073,466600442.8713
2025-03-29,2.1351,402134775.3753
2025-03-30,2.1369,306509597.8854
2025-03-31,2.0899,470979677.9989
2025-04-01,2.1387,440892917.3133
2025-04-02,2.0237,633221359.9333999
2025-04-03,2.0648,584439882.8551999
2025-04-04,2.1302,531567677.44179994
2025-04-05,2.1442,169476300.7778
2025-04-06,1.9218,475273285.77599996
2025-04-07,1.8987,1637215277.6958
2025-04-08,1.7963,594680103.3272
2025-04-09,2.0529,1062816946.9506
2025-04-10,1.9658,441698645.0584
2025-04-11,2.0225,354203480.9975
2025-04-12,2.1598,349578266.9646
2025-04-13,2.1196,411411576.9652
2025-04-14,2.1275,294814085.15749997
2025-04-15,2.0842,273619640.9388
2025-04-16,2.0834,318144930.31200004
2025-04-17,2.0673,213511536.39608997
2025-04-18,2.0619,149963788.06965
2025-04-19,2.0877,104725574.01672
2025-04-20,2.0787,160784433.58731
2025-04-21,2.0855,276334359.36935
2025-04-22,2.2139,477743339.64357007
2025-04-23,2.2184,488969903.59376
2025-04-24,2.2049,407777340.04486
2025-04-25,2.1812,292312486.07428
2025-04-26,2.1912,196479365.52288
2025-04-27,2.252,398381625.35919994
2025-04-28,2.2949,433238043.81974
2025-04-29,2.238,243990861.5826
2025-04-30,2.1908,370598310.51504
2025-05-01,2.2123,213696256.80914998
2025-05-02,2.2093,187371782.85935998
2025-05-03,2.1872,106169680.0896
2025-05-04,2.156,126684125.0136
2025-05-05,2.1306,275593954.35678
2025-05-06,2.155,237095716.17
2025-05-07,2.1265,195126616.3029
2025-05-08,2.3272,513041290.71136004
2025-05-09,2.3439,633990784.1416501
2025-05-10,2.4711,428944771.86770993
2025-05-11,2.367,384832728.9765
2025-05-12,2.5439,1292176097.10336
2025-05-13,2.5829,596265148.37481
2025-05-14,2.5503,544743384.78822
2025-05-15,2.3856,499353978.79248005
2025-05-16,2.3798,325897477.81175995
2025-05-17,2.3531,248804006.78397998
2025-05-18,2.428,267163874.046
2025-05-19,2.3803,387705516.71592003
2025-05-20,2.3565,321176049.37920004
2025-05-21,2.3952,419329260.87983996
2025-05-22,2.4311,352607216.84894997
2025-05-23,2.2966,453200606.87164
2025-05-24,2.3303,118335169.83246
2025-05-25,2.3417,190797672.82078
2025-05-26,2.3103,173662409.33099997
2025-05-27,2.3168,217886971.74400002
2025-05-28,2.2742,226945147.94968
2025-05-29,2.2442,222401375.08974004
2025-05-30,2.1398,412035243.77808
2025-05-31,2.1738,237704786.5344
2025-06-01,2.1792,137212996.10784
2025-06-02,2.1965,211915198.3342
2025-06-03,2.2446,246982835.12706
2025-06-04,2.2009,182507629.02073
2025-06-05,2.0936,318704121.45192
2025-06-06,2.1598,199867393.30218
2025-06-07,2.1769,88222566.69929999
2025-06-08,2.267,262541187.48119998
2025-06-09,2.3211,298540418.63832
2025-06-10,2.3074,276627974.01772
2025-06-11,2.2704,269676943.8792
2025-06-12,2.1899,215092410.06727
2025-06-13,2.1472,369155798.77088004
2025-06-14,2.1394,144718880.13158002
2025-06-15,2.1655,100902814.02725
2025-06-16,2.238,404576327.682
2025-06-17,2.159,315209746.77
2025-06-18,2.1705,208285885.64400002
2025-06-19,2.1648,121552130.41488001
2025-06-20,2.1194,206922468.64606002
2025-06-21,2.0632,182946612.13024002
2025-06-22,2.0172,416574740.607
2025-06-23,2.1584,377886118.23423994
2025-06-24,2.1898,287405411.33626
2025-06-25,2.1859,200181447.5218
2025-06-26,2.1054,253445664.68693998
2025-06-27,2.1419,258263876.94257
2025-06-28,2.1854,153071489.2266
2025-06-29,2.2061,101696571.67475002
2025-06-30,2.2362,338842231.44444
2025-07-01,2.172,268369474.89720002
2025-07-02,2.2336,333567600.60544
2025-07-03,2.2569,334898220.0555
2025-07-04,2.2205,160518166.60154998
2025-07-05,2.2178,75534698.00734
2025-07-06,2.2709,209168346.73975003
2025-07-07,2.2708,400381667.04955995
2025-07-08,2.3108,245998544.67288
2025-07-09,2.4038,436333929.43924004
2025-07-10,2.5471,533684909.43408
2025-07-11,2.7322,1681291602.8548002
2025-07-12,2.7395,935586237.904
2025-07-13,2.8361,739208212.6846501
2025-07-14,2.9582,1309115347.17544
2025-07-15,2.919,887274654.3633
2025-07-16,3.038,827200670.0916
2025-07-17,3.4814,2257126855.644466
2025-07-18,3.4135,2077875587.438585
2025-07-19,3.4244,701663102.5418
2025-07-20,3.454,973594468.7722001
2025-07-21,3.5495,921913699.3892
2025-07-22,3.5504,882858840.9300799
2025-07-23,3.1838,1414870090.2469401
2025-07-24,3.1453,1152615514.33202
2025-07-25,3.1423,736180626.65637
2025-07-26,3.1662,306587019.84569997
2025-07-27,3.2389,422511940.11509
2025-07-28,3.1235,692866053.01905
2025-07-29,3.128,492444073.84720004
2025-07-30,3.0966,537703952.39964
2025-07-31,3.0224,409572376.4267201
2025-08-01,2.9613,772853981.4493201
2025-08-02,2.7695,500541862.23064995
2025-08-03,2.948,440482429.7544
2025-08-04,3.0716,505743929.50704
2025-08-05,2.9623,427321543.77671
2025-08-06,2.9908,342146250.70448
2025-08-07,3.3197,704425843.20207
2025-08-08,3.2859,900093956.0004
2025-08-09,3.2259,421450256.21913004
2025-08-10,3.187,392462226.1457
2025-08-11,3.1295,699724206.4956001
2025-08-12,3.2676,504949347.77364
2025-08-13,3.2744,632944872.0032799
2025-08-14,3.0792,928909184.8099201
2025-08-15,3.0779,415293289.15305
2025-08-16,3.1055,200381673.85610002
2025-08-17,3.0877,205925189.45075
2025-08-18,3.0616,500451934.91471994
2025-08-19,2.8608,426788987.83295995
2025-08-20,2.9512,450504996.13
2025-08-21,2.8519,260585676.50564
2025-08-22,3.0744,784101630.8462399
2025-08-23,3.0485,314760208.29890007
2025-08-24,3.0258,476119718.0172
2025-08-25,2.8584,503490748.21056
2025-08-26,3.0123,483542191.22994006
2025-08-27,2.9688,368935171.52472
2025-08-28,2.9665,328082850.96695
2025-08-29,2.8195,477712020.92455006
2025-08-30,2.8181,192232378.67975998
2025-08-31,2.7757,156660594.87941
2025-09-01,2.7589,496065116.95644003
2025-09-02,2.862,385480033.911
2025-09-03,2.8443,275255121.86433
2025-09-04,2.7946,264200451.3953
2025-09-05,2.8147,340436545.54679
2025-09-06,2.8098,88198348.03668001
2025-09-07,2.877,238148966.09069997
2025-09-08,2.9697,360539927.40054
2025-09-09,2.9474,344590644.17148
2025-09-10,2.9834,254569577.9452
2025-09-11,3.0398,349955284.56722003
2025-09-12,3.1054,404984555.35374
2025-09-13,3.1193,351830578.66617
2025-09-14,3.0279,261745733.93411997
2025-09-15,2.9969,364231466.16440004
2025-09-16,3.0376,233754750.4888
2025-09-17,3.0841,408669953.37144
2025-09-18,3.0735,372197594.24145
2025-09-19,2.9901,277226040.87786
2025-09-20,2.975,186603096.75
2025-09-21,2.9701,135640727.94111001
2025-09-22,2.8526,652524242.46654
2025-09-23,2.8247,283578136.30680996
2025-09-24,2.9257,366933197.41782
2025-09-25,2.7435,538881498.82515
2025-09-26,2.7835,453157431.63245
2025-09-27,2.8047,125380765.24914001
2025-09-28,2.8674,188828354.574
2025-09-29,2.8801,335454968.20153
2025-09-30,2.8468,285797140.40196
2025-10-01,2.9485,401769712.3468
2025-10-02,3.0389,446944854.85723996
2025-10-03,3.0401,382260674.31867
2025-10-04,2.9685,206102898.0048
2025-10-05,2.9697,314487403.24458003
2025-10-06,2.9883,350188426.9149
2025-10-07,2.852,432662593.2632
2025-10-08,2.8797,247953420.98790002
2025-10-09,2.8021,308894853.63708997
2025-10-10,2.3704,1405251875.82888
2025-10-11,2.3819,899206760.9571999
2025-10-12,2.5282,627664895.50142
2025-10-13,2.6052,562316980.80324
2025-10-14,2.5033,591823826.6166799
2025-10-15,2.4109,355832955.06207997
2025-10-16,2.328,457330679.3064
2025-10-17,2.2936,535872421.8488
2025-10-18,2.3596,165245773.36592
2025-10-19,2.3908,205730740.3632
2025-10-20,2.4948,329365223.15004003
2025-10-21,2.4222,344343372.63084
2025-10-22,2.3647,311417046.07351
2025-10-23,2.3947,201962295.47416997
2025-10-24,2.5103,281283947.3275
2025-10-25,2.5959,248763955.84236
2025-10-26,2.6461,221428602.89987
2025-10-27,2.634,300171514.488
2025-10-28,2.6034,322072568.49648005
2025-10-29,2.5502,325872437.13808
2025-10-30,2.4393,369878749.86897
2025-10-31,2.5097,290144737.25779
2025-11-01,2.5053,104100007.13784
2025-11-02,2.5267,130266438.06792
2025-11-03,2.3096,403084025.74296
2025-11-04,2.2053,764266358.7097499
2025-11-05,2.3432,486994301.76808
2025-11-06,2.213,382238904.0051
2025-11-07,2.3154,412150316.42442
2025-11-08,2.2863,191263298.32143
2025-11-09,2.3662,203522536.1476
2025-11-10,2.526,498830426.52779996
2025-11-11,2.3915,302617759.50055003
2025-11-12,2.3879,337075475.91324
2025-11-13,2.3225,623044079.45125
2025-11-14,2.2443,494593938.28397995
2025-11-15,2.2372,188983564.29624
2025-11-16,2.2149,279641105.78238004
2025-11-17,2.1637,462871340.65711004
2025-11-18,2.2172,416892845.13604
2025-11-19,2.1098,501416367.00385994
2025-11-20,1.9999,590435012.57321
2025-11-21,1.9509,680965920.5924401
2025-11-22,1.9509,180473185.31004
2025-11-23,2.0491,278728007.86
2025-11-24,2.2276,466698951.77475995
2025-11-25,2.2024,341189049.49512
2025-11-26,2.2233,245090371.87359
2025-11-27,2.1999,181912416.19794
2025-11-28,2.1795,307076007.76755
2025-11-29,2.2009,125510249.12569
2025-11-30,2.155,113100625.57949999
2025-12-01,2.0297,353004516.92707
2025-12-02,2.1532,285222149.92348003
2025-12-03,2.1976,245049704.78144002
2025-12-04,2.096,211889916.8896
2025-12-05,2.0344,193955795.85176003
2025-12-06,2.0309,88484332.46632
2025-12-07,2.0442,171277098.80315998
2025-12-08,2.0724,182474386.66116002
2025-12-09,2.1062,239811205.36099997
2025-12-10,2.0418,255495947.67672
2025-12-11,2.034,254365948.17
2025-12-12,2.0074,156551354.12278003
2025-12-13,2.0227,89389721.36317
2025-12-14,1.9784,89321966.30136
2025-12-15,1.8981,219698163.25866
2025-12-16,1.9297,195446566.94555998
2025-12-17,1.8627,208091330.81856
2025-12-18,1.8076,229530926.09640002
2025-12-19,1.9092,276073203.46476
2025-12-20,1.9335,102929917.93725
2025-12-21,1.9223,101938171.29566999
2025-12-22,1.9043,168971612.92106003
2025-12-23,1.8734,145779920.76492
2025-12-24,1.8628,111574231.17143999
2025-12-25,1.8326,84564975.87384
2025-12-26,1.8437,141643231.13595998
2025-12-27,1.8735,58536516.98055
2025-12-28,1.8654,49614488.32482
2025-12-29,1.8508,130047773.2918
2025-12-30,1.8776,90758932.36256
2025-12-31,1.8423,107470374.84774
2026-01-01,1.8799,77231159.24909
2026-01-02,2.0069,255574514.95968
2026-01-03,2.0182,150126878.90222
2026-01-04,2.0909,237854691.74467
2026-01-05,2.3478,493784659.79934
2026-01-06,2.3042,622991411.48402
2026-01-07,2.1657,250362018.51489002
2026-01-08,2.1232,332357406.1176
2026-01-09,2.0958,246837229.4136
2026-01-10,2.0907,66045173.90391
2026-01-11,2.0745,104856801.97590001
2026-01-12,2.054,226227638.6682
2026-01-13,2.1655,245511410.64265
2026-01-14,2.1394,288822430.52790004
2026-01-15,2.0789,186351938.44393
2026-01-16,2.0678,125917894.20210001
2026-01-17,2.0631,64241746.304189995
2026-01-18,1.9914,92613437.79978001
2026-01-19,1.986,316468902.7902
2026-01-20,1.89,240740870.57999998
2026-01-21,1.9476,287937343.0998
2026-01-22,1.9236,118546553.00964
2026-01-23,1.9196,146036846.56524
2026-01-24,1.9143,51992387.80857
2026-01-25,1.8356,168018177.26667997
2026-01-26,1.9041,198942564.56975996
2026-01-27,1.9158,123798664.75817999
2026-01-28,1.9111,128857558.17935
2026-01-29,1.8076,270073355.1236
2026-01-30,1.7352,398610676.18584
2026-01-31,1.6472,547478987.5248799
2026-02-01,1.5908,290142286.3464
2026-02-02,1.6198,353290212.15305996
2026-02-03,1.5791,300902309.25384
2026-02-04,1.512,293912694.7848
2026-02-05,1.2146,903795606.3965999
2026-02-06,1.4698,1040798892.61584
2026-02-07,1.4231,390371045.28093004
2026-02-08,1.4308,180298854.40672
2026-02-09,1.437,242201006.94660002
2026-02-10,1.3999,158747783.24263
2026-02-11,1.3697,236542072.38988996
2026-02-12,1.3635,159333516.10035
2026-02-13,1.4071,175926532.10974002
2026-02-14,1.5094,170774328.66096002
2026-02-15,1.4753,441566838.73172
2026-02-16,1.4876,216301685.7748
2026-02-17,1.4743,145717438.377
2026-02-18,1.4219,122044313.06041001
2026-02-19,1.4068,152299713.74428
2026-02-20,1.4292,176805909.52848002
2026-02-21,1.4304,77238625.19712
2026-02-22,1.3932,85216939.3152
2026-02-23,1.3518,255349207.80071998
2026-02-24,1.3482,187722790.70076004
2026-02-25,1.4339,351432407.60627997
2026-02-26,1.4027,225595037.20286003
2026-02-27,1.3562,223919698.25532
2026-02-28,1.3762,316511797.20314
2026-03-01,1.3524,240647850.49956003
2026-03-02,1.39,231854888.142
2026-03-03,1.3607,184514862.49218002
2026-03-04,1.4309,340591087.45728
2026-03-05,1.4037,165873814.35114
2026-03-06,1.3633,155208949.63437
2026-03-07,1.3567,64818563.82491
2026-03-08,1.34,106966362.55800001
2026-03-09,1.3631,177340402.11572
2026-03-10,1.3863,244423968.71958
2026-03-11,1.3847,153749985.8737
2026-03-12,1.3846,124184230.26758
2026-03-13,1.3989,284081233.50195
2026-03-14,1.4063,81862279.07095
2026-03-15,1.4487,141109753.84539002
2026-03-16,1.543,337267649.43479997
2026-03-17,1.5182,353504869.23781997
2026-03-18,1.4647,204380848.09831998
2026-03-19,1.4475,172118392.8885
2026-03-20,1.4452,127113553.93871999
2026-03-21,1.4086,80497983.85374
2026-03-22,1.3848,106881919.42272002
2026-03-23,1.4323,243584470.89539
2026-03-24,1.416,146386788.42479998
2026-03-25,1.4145,137264229.56415
2026-03-26,1.3609,178062912.36686
2026-03-27,1.3257,158099531.20290002
2026-03-28,1.3333,71621044.49578999
2026-03-29,1.3278,81445948.89708
2026-03-30,1.3242,132688309.404
2026-03-31,1.3411,135878124.74717999
2026-04-01,1.3478,117122217.4658
2026-04-02,1.32,175390458.80400002
2026-04-03,1.3184,85411295.87072
2026-04-04,1.3153,39426131.83677
2026-04-05,1.3263,98563012.05684
2026-04-06,1.3212,137861658.67284
2026-04-07,1.3787,180200219.75798002
2026-04-08,1.3428,167656278.67524
2026-04-09,1.3438,150862532.22758
2026-04-10,1.3559,108181832.92553002
2026-04-11,1.3546,77341369.64398
2026-04-12,1.3247,93054572.97616999
2026-04-13,1.3756,145057984.57072
2026-04-14,1.3617,140313107.73915
2026-04-15,1.3922,152437483.31568003
2026-04-16,1.453,225835782.7713
2026-04-17,1.4757,230011953.65847
2026-04-18,1.4323,118408932.8009
2026-04-19,1.3942,126055115.00858001
2026-04-20,1.4243,141825828.31945
2026-04-21,1.4334,122237744.07203999
2026-04-22,1.4294,119253671.89316002
2026-04-23,1.4386,132615869.88764001
2026-04-24,1.4334,94932832.7919
2026-04-25,1.4238,37512230.13468
2026-04-26,1.4307,42955862.86839
2026-04-27,1.4007,102468626.04867
2026-04-28,1.3805,73489875.7747
2026-04-29,1.3691,101580209.93417999
2026-04-30,1.3679,69913901.24989
2026-05-01,1.3858,83408778.4582
2026-05-02,1.3937,46034279.07617
2026-05-03,1.388,40594609.4784
2026-05-04,1.3918,115798685.12945999
2026-05-05,1.4126,95457600.78932
2026-05-06,1.4249,138493532.95601
2026-05-07,1.3869,114877463.03685
2026-05-08,1.4182,94340370.66187999
2026-05-09,1.4205,82094333.32665001
2026-05-10,1.4734,229990832.99548
2026-05-11,1.4776,174982233.3564
2026-05-12,1.437,151681117.3995
2026-05-13,1.4273,179436398.06182998
2026-05-14,1.4852,301909839.95388
2026-05-15,1.434,177172429.5474
2026-05-16,1.4136,101133577.63944
2026-05-17,1.4016,95274581.61792
2026-05-18,1.39,143583180.00199997
2026-05-19,1.3616,134244124.6376
2026-05-20,1.3672,94212951.77784
2026-05-21,1.3739,107055314.99024999
2026-05-22,1.3345,122570224.78590001
2026-05-23,1.3583,139850962.58615002
2026-05-24,1.351,71110041.716
2026-05-25,1.3503,77836108.25004
2026-05-26,1.3292,89525551.64068
2026-05-27,1.3076,101658537.03516
2026-05-28,1.3156,151342443.28632
2026-05-29,1.33,133260336.72700001
2026-05-30,1.3408,108467921.88447998
2026-05-31,1.333,58753974.8999
2026-06-01,1.2972,117913322.49695998
2026-06-02,1.2117,196700894.79915
2026-06-03,1.2012,149121678.86616
2026-06-04,1.1688,217503605.29464003
2026-06-05,1.0978,309326644.59466004
2026-06-06,1.0934,154562716.86393997
2026-06-07,1.1556,129875130.32075998
2026-06-08,1.1683,133939510.72726
2026-06-09,1.1375,121651909.12875
2026-06-10,1.097,127997570.12619999
2026-06-11,1.1428,107679509.69816001
2026-06-12,1.1325,82200149.99175002
2026-06-13,1.1507,51793015.285040006
2026-06-14,1.1861,66918561.19236
2026-06-15,1.2382,242496537.25883996
2026-06-16,1.2173,114826946.96781
2026-06-17,1.1868,127607246.43804
2026-06-18,1.1465,130905439.0647
2026-06-19,1.1359,82539510.02081
2026-06-20,1.1499,52073989.6332
2026-06-21,1.1248,53533792.27664
2026-06-22,1.1295,94111625.55285
2026-06-23,1.1103,83929827.35604
2026-06-24,1.0736,127081357.88656001
2026-06-25,1.0435,142122299.84565002
2026-06-26,1.049,152269252.8396
2026-06-27,1.0475,64005095.429000005
2026-06-28,1.0485,47752711.73145
2026-06-29,1.059,100350221.12039998
2026-06-30,1.0401,69013532.61459
2026-07-01,1.053,92631014.88029999
2026-07-02,1.0881,97816174.58457
2026-07-03,1.1348,95445049.37696001
2026-07-04,1.1574,105001745.34563999
2026-07-05,1.1572,64868122.738759995
2026-07-06,1.145,95871347.5025
2026-07-07,1.112,76967492.3296
2026-07-08,1.0908,96581341.33632001
2026-07-09,1.0932,49634084.6046
2026-07-10,1.1046,64095577.701960005
2026-07-11,1.0967,35870121.57278
2026-07-12,1.0858,41671366.6136
2026-07-13,1.0675,76050669.751
2026-07-14,1.1117,87073804.22571999
2026-07-15,1.1133,72897864.88518
2026-07-16,1.0871,68430540.66093
2026-07-17,1.089,60277394.944800004
2026-07-18,1.0929,23971576.57782
2026-07-19,1.0978,29476142.863420002
2026-07-20,1.1124,71804106.47808
2026-07-21,1.1436,96556307.1168
2026-07-22,1.1421,58340068.31052
2026-07-23,1.1077,57907405.70119999
2026-07-24,1.0919,55194844.54615001
2026-07-25,1.0977,30271890.575789995
2026-07-26,1.1131,27089792.418449998
2026-07-27,1.0661,64190289.74274
2026-07-28,1.069,62390592.7245
2026-07-29,1.0737,90105458.88816
2026-07-30,1.0829,55407266.466369994
2026-07-31,1.0619,57500489.87578001
2026-08-01,1.0604,26426880.75808
2026-08-02,1.0869,36458056.03902
2026-08-03,1.0758,50414025.35004
2026-08-04,1.0739,42679773.5898
2026-08-05,1.0623,56641825.05831
2026-08-06,1.0351,81338739.82970999
2026-08-07,1.021,83724028.2165
2026-08-08,1.0397,35612546.32992
2026-08-09,1.0299,30675038.526750002
2026-08-10,1.0123,62800206.43885
2026-08-11,1.0229,81714892.37288998
2026-08-12,1.0055,56432399.655600004
2026-08-13,1.0094,44354295.52932
2026-08-14,0.9996,65900384.897760004
2026-08-15,1.0028,20928247.473599996
2026-08-16,0.9936,25089761.62944
2026-08-17,1.003,48382180.805199996
2026-08-18,1.0019,45326943.8734
2026-08-19,1.106,204628625.92480004
2026-08-20,1.2681,482577631.69365
2026-08-21,1.4544,643155457.22208
2026-08-22,1.4619,860040896.15235
2026-08-23,1.5204,387022180.35516
2026-08-24,1.4817,391241154.07806003
2026-08-25,1.4343,324837098.64333
2026-08-26,1.4229,241602174.74961
2026-08-27,1.4534,228173351.36206
2026-08-28,1.3838,215757467.32737997
2026-08-29,1.3964,70349491.28084001
2026-08-30,1.3575,128959810.24949999
2026-08-31,1.3798,132118878.38503999
2026-09-01,1.3518,148378815.82277998
2026-09-02,1.3511,157422992.52482
2026-09-03,1.4512,308811508.80544
2026-09-04,1.3985,225121938.17540002
2026-09-05,1.4124,104687438.13396001
2026-09-06,1.4235,100746334.9035
2026-09-07,1.3967,162764958.12283
2026-09-08,1.4171,187327092.64682
2026-09-09,1.395,197393147.6985
2026-09-10,1.3346,190146308.08184
2026-09-11,1.3564,236266846.25507998
2026-09-12,1.3663,66327943.455800004
2026-09-13,1.3412,79907178.70044
2026-09-14,1.4231,334942288.05464
2026-09-15,1.2833,396727958.31338006
2026-09-16,1.2995,253344524.10700002
2026-09-17,1.2964,156889022.78448
2026-09-18,1.3963,295685590.63872004
2026-09-19,1.4104,258014898.80512002
2026-09-20,1.4105,177636384.29810002
2026-09-21,1.5363,513039881.24991
2026-09-22,1.5727,484958943.81877005
2026-09-23,1.501,478012985.8152
2026-09-24,1.5348,302159948.76084
2026-09-25,1.5685,536383883.5035
2026-09-26,1.5274,179354841.28954
2026-09-27,1.5167,172638818.70803002
